External Temp (*C), Internal Temp (*C), Pressure (hPa), Approx. Altitude (meters), CPM, nSv/h, uSv/h, Mag. field X (mG), Mag. field Y (mG), Mag. field Z (mG), Heading (°), Magnitude (mG), CO2 (ppm), SCD30 Temp (C), Humidity (%), Particles > 0.3um / 0.1L air, Particles > 0.5um / 0.1L air, Particles > 1.0um / 0.1L air, Particles > 2.5um / 0.1L air, Particles > 5.0um / 0.1L air, Particles > 10 um / 0.1L air, Voltage (V), Power (mW), Solar Power (mW), Intensity (W/m^2), Time (seconds), Outside Heater Status,
27.37,22.83,831.45,1637.16,0.00,0.00,0.00,42.04,3.58,17.35,4.00,45.62,0.00,0.00,0.00,24948,25390,30323,0,0,9984,5.00, 2.50, 14.71, 3.69, 0,Off
27.12,24.26,981.10,271.20,0.00,0.00,0.00,20.12,10.68,14.68,27.00,27.11,445.00,26.50,30.05,1351,1034,243,72,3,3,5.00, 2.50, 14.71, 3.69, 6,Off
26.94,24.26,981.08,271.32,0.00,0.00,0.00,39.89,6.56,15.77,9.00,43.39,553.00,26.58,29.98,4413,3518,832,178,1,1,5.00, 2.50, 14.71, 3.69, 12,Off
26.75,24.27,981.08,271.37,10.00,70.00,0.07,36.46,11.89,16.87,18.00,41.90,526.00,26.62,29.82,5503,4535,1079,162,0,0,5.00, 2.50, 14.71, 3.69, 17,Off
26.50,24.28,981.05,271.56,10.00,70.00,0.07,37.79,11.00,17.14,16.00,42.93,521.00,26.60,29.55,6253,5235,1264,137,0,0,5.00, 2.50, 14.71, 3.69, 23,Off
26.44,24.29,981.05,271.59,12.00,84.00,0.08,39.72,6.42,15.10,9.00,42.98,439.00,26.63,29.46,6695,5616,1372,129,0,0,5.00, 2.50, 14.71, 3.69, 28,Off
26.31,24.29,981.05,271.60,12.00,82.00,0.08,40.50,6.21,15.89,8.00,43.95,414.00,26.28,29.30,6960,5857,1427,121,0,0,5.00, 2.50, 14.71, 3.69, 34,Off
26.00,24.30,981.05,271.64,15.00,101.00,0.10,39.63,6.98,15.42,9.00,43.09,544.00,26.08,29.48,7090,5995,1438,106,4,4,5.00, 2.50, 14.71, 3.69, 39,Off
25.81,24.32,981.04,271.66,18.00,123.00,0.12,40.02,6.64,15.54,9.00,43.44,364.00,25.81,29.78,7208,6123,1445,91,3,3,5.00, 2.50, 14.71, 3.69, 45,Off
25.56,24.33,981.04,271.65,20.00,133.00,0.13,41.96,3.88,18.12,5.00,45.87,331.00,25.88,30.02,7263,6184,1464,76,0,0,5.00, 2.50, 14.71, 3.69, 51,Off
25.37,24.34,981.04,271.68,18.00,120.00,0.12,40.72,5.52,16.75,7.00,44.38,366.00,25.96,29.95,7301,6197,1456,62,0,0,5.00, 2.50, 14.71, 3.69, 56,Off
25.44,24.35,981.03,271.76,6.00,39.00,0.04,40.72,5.00,17.89,6.00,44.76,331.00,26.17,29.82,7338,6202,1444,58,0,0,5.00, 2.50, 14.71, 3.69, 62,Off
25.44,24.36,981.03,271.75,5.00,33.00,0.03,24.52,10.68,16.08,23.00,31.21,404.00,26.30,29.75,7391,6243,1473,59,0,0,5.00, 2.50, 14.71, 3.69, 67,Off
25.44,24.38,981.03,271.81,6.00,39.00,0.04,41.13,6.46,17.14,8.00,45.02,376.00,26.49,29.69,7529,6376,1519,52,0,0,1.91, 0.36, 2.14, 0.54, 73,Off
25.50,24.39,981.02,271.85,10.00,71.00,0.07,40.96,5.43,17.42,7.00,44.84,403.00,26.58,29.60,7622,6471,1553,55,0,0,5.00, 2.50, 14.71, 3.69, 78,Off
25.56,24.41,981.02,271.83,15.00,99.00,0.10,40.06,6.46,16.92,9.00,43.96,443.00,26.56,29.39,7688,6520,1565,66,0,0,5.00, 2.50, 14.71, 3.69, 84,Off
25.56,24.42,981.03,271.80,14.00,94.00,0.09,40.81,6.17,18.25,8.00,45.13,540.00,26.62,29.38,7736,6553,1565,70,0,0,5.00, 2.50, 14.71, 3.69, 90,Off
25.56,24.43,981.02,271.83,13.00,91.00,0.09,41.17,4.58,17.10,6.00,44.81,514.00,26.64,29.40,7785,6593,1595,86,0,0,5.00, 2.50, 14.71, 3.69, 95,Off
25.56,24.45,981.03,271.80,13.00,88.00,0.09,40.72,7.67,16.92,10.00,44.76,441.00,26.59,29.55,7840,6634,1614,90,0,0,5.00, 2.50, 14.71, 3.69, 101,Off
25.75,24.46,981.03,271.77,11.00,79.00,0.08,41.52,4.88,17.46,6.00,45.30,417.00,26.72,29.66,7938,6726,1644,91,0,0,5.00, 2.50, 14.71, 3.69, 106,Off
26.00,24.48,981.04,271.71,12.00,85.00,0.09,40.92,5.13,17.35,7.00,44.74,411.00,26.84,29.69,7940,6731,1661,87,0,0,5.00, 2.50, 14.71, 3.69, 112,Off
26.00,24.49,981.03,271.81,13.00,90.00,0.09,41.00,5.73,17.42,7.00,44.91,421.00,27.01,29.35,7922,6703,1647,72,0,0,5.00, 2.50, 14.71, 3.69, 118,Off
26.00,24.51,981.02,271.83,5.00,33.00,0.03,39.63,7.81,17.89,11.00,44.17,425.00,27.08,29.30,7898,6678,1612,61,0,0,5.00, 2.50, 14.71, 3.69, 123,Off
26.00,24.52,981.00,271.99,3.00,19.00,0.02,36.33,12.06,18.21,18.00,42.39,429.00,27.20,29.32,7865,6651,1582,65,0,0,5.00, 2.50, 14.71, 3.69, 129,Off
26.06,24.53,981.00,272.05,6.00,39.00,0.04,36.50,12.98,18.60,19.00,42.97,429.00,27.28,29.26,7901,6688,1589,64,0,0,5.00, 2.50, 14.71, 3.69, 134,Off
26.12,24.54,980.99,272.14,2.00,17.00,0.02,36.64,12.92,18.52,19.00,43.04,428.00,27.41,29.23,7984,6775,1626,53,0,0,5.00, 2.50, 14.71, 3.69, 140,Off
26.19,24.56,980.98,272.16,2.00,14.00,0.01,36.54,12.23,18.33,18.00,42.67,429.00,27.49,29.17,7987,6788,1620,55,0,0,5.00, 2.50, 14.71, 3.69, 145,Off
26.25,24.57,980.98,272.20,10.00,71.00,0.07,36.42,13.10,17.50,19.00,42.47,428.00,27.52,28.95,7946,6736,1591,59,0,0,5.00, 2.50, 14.71, 3.69, 151,Off
26.25,24.59,980.99,272.14,12.00,81.00,0.08,37.38,10.25,19.14,15.00,43.22,432.00,27.59,28.88,7993,6746,1602,62,0,0,5.00, 2.50, 14.71, 3.69, 157,Off
26.25,24.60,980.99,272.09,13.00,88.00,0.09,36.18,13.39,17.42,20.00,42.33,430.00,27.66,28.91,8148,6880,1644,75,0,0,5.00, 2.50, 14.71, 3.69, 162,Off
26.37,24.62,980.99,272.11,11.00,79.00,0.08,36.02,12.67,18.33,19.00,42.35,427.00,27.76,28.89,8323,7033,1680,83,0,0,5.00, 2.50, 14.71, 3.69, 168,Off
26.37,24.63,980.98,272.20,12.00,85.00,0.09,36.60,12.42,18.64,18.00,42.91,427.00,27.66,28.82,8475,7199,1733,83,0,0,5.00, 2.50, 14.71, 3.69, 173,Off
26.44,24.65,980.98,272.17,14.00,97.00,0.10,36.54,13.43,17.58,20.00,42.72,434.00,27.55,28.72,8582,7321,1783,80,0,0,2.68, 0.72, 4.22, 1.06, 179,Off
26.37,24.66,980.99,272.14,9.00,59.00,0.06,37.25,10.60,18.75,15.00,43.03,428.00,27.65,28.83,8565,7293,1763,78,0,0,5.00, 2.50, 14.71, 3.69, 185,Off
26.31,24.68,981.00,272.06,11.00,72.00,0.07,33.56,13.06,18.33,21.00,40.41,420.00,27.69,28.85,8540,7258,1747,83,0,0,5.00, 2.50, 14.71, 3.69, 190,Off
26.37,24.69,980.99,272.08,13.00,86.00,0.09,28.39,19.33,19.22,34.00,39.36,418.00,27.73,28.78,8479,7196,1757,81,0,0,3.38, 1.14, 6.73, 1.69, 196,Off
26.50,24.71,980.99,272.14,13.00,88.00,0.09,23.25,18.18,18.47,38.00,34.82,420.00,27.77,28.87,8381,7104,1757,79,0,0,5.00, 2.50, 14.71, 3.69, 201,Off
26.62,24.73,980.99,272.09,17.00,113.00,0.11,33.52,13.14,18.47,21.00,40.46,421.00,27.90,28.93,8234,6972,1742,77,0,0,5.00, 2.50, 14.71, 3.69, 207,Off
26.81,24.75,980.99,272.15,16.00,106.00,0.11,32.54,14.64,18.83,24.00,40.35,423.00,27.93,28.96,8216,6934,1722,73,0,0,5.00, 2.50, 14.71, 3.69, 212,Off
27.06,24.76,980.98,272.20,19.00,132.00,0.13,26.46,17.75,19.22,33.00,37.21,424.00,28.00,28.91,8312,7009,1696,73,0,0,5.00, 2.50, 14.71, 3.69, 218,Off
27.25,24.78,980.98,272.20,20.00,133.00,0.13,27.43,17.22,19.77,32.00,37.95,419.00,28.12,28.51,8347,7038,1684,71,0,0,5.00, 2.50, 14.71, 3.69, 224,Off
27.19,24.80,981.00,272.07,21.00,142.00,0.14,34.67,13.56,18.29,21.00,41.48,417.00,28.21,28.23,8385,7067,1712,86,0,0,5.00, 2.50, 14.71, 3.69, 229,Off
27.12,24.82,981.00,272.04,20.00,135.00,0.14,37.64,11.89,18.79,17.00,43.72,419.00,28.27,28.09,8467,7146,1728,95,0,0,5.00, 2.50, 14.71, 3.69, 235,Off
26.94,24.84,981.00,272.03,23.00,155.00,0.16,37.52,12.79,17.93,18.00,43.51,419.00,28.21,27.91,8565,7222,1736,92,0,0,5.00, 2.50, 14.71, 3.69, 240,Off
26.69,24.85,981.00,272.04,16.00,105.00,0.11,37.92,11.89,19.31,17.00,44.18,421.00,28.08,27.92,8615,7263,1753,83,0,0,5.00, 2.50, 14.71, 3.69, 246,Off
26.50,24.87,981.00,272.02,13.00,86.00,0.09,38.83,10.64,19.27,15.00,44.64,419.00,28.03,27.84,8658,7302,1769,71,0,0,5.00, 2.50, 14.71, 3.69, 252,Off
26.44,24.89,981.00,272.02,14.00,92.00,0.09,36.02,13.14,18.33,20.00,42.50,420.00,28.12,28.02,8634,7287,1759,64,0,0,5.00, 2.50, 14.71, 3.69, 257,Off
26.44,24.91,981.00,272.02,16.00,106.00,0.11,33.81,36.04,39.22,46.00,63.09,419.00,28.21,27.99,8591,7251,1723,68,0,0,4.61, 2.13, 12.52, 3.14, 263,Off
26.44,24.93,980.99,272.08,15.00,99.00,0.10,29.21,41.08,91.17,54.00,104.17,417.00,28.25,27.93,8574,7231,1727,79,0,0,5.00, 2.50, 14.71, 3.69, 268,Off
26.44,24.95,980.99,272.15,12.00,83.00,0.08,26.52,45.22,89.67,59.00,103.87,416.00,28.22,27.88,8687,7356,1750,82,0,0,5.00, 2.50, 14.71, 3.69, 274,Off
26.56,24.97,980.98,272.19,15.00,101.00,0.10,23.47,39.96,95.56,59.00,106.20,417.00,28.34,27.99,8772,7442,1746,78,0,0,4.15, 1.72, 10.13, 2.54, 279,Off
26.62,25.00,980.98,272.19,13.00,88.00,0.09,16.72,2.60,112.18,8.00,113.45,416.00,28.48,28.22,8678,7333,1734,66,0,0,0.72, 0.05, 0.31, 0.08, 285,Off
26.62,25.02,980.99,272.16,14.00,94.00,0.09,21.02,26.96,108.18,52.00,113.46,416.00,28.41,27.71,8546,7202,1730,60,0,0,4.32, 1.86, 10.96, 2.75, 291,Off
26.62,25.04,980.99,272.11,12.00,85.00,0.09,16.96,47.63,85.60,70.00,99.41,415.00,28.46,27.81,8283,6975,1703,57,0,0,4.92, 2.42, 14.22, 3.57, 296,Off
26.62,25.06,980.99,272.11,12.00,84.00,0.08,19.42,48.54,86.46,68.00,101.04,412.00,28.53,28.20,8061,6815,1659,56,0,0,5.00, 2.50, 14.71, 3.69, 302,Off
26.75,25.08,980.99,272.14,21.00,139.00,0.14,20.08,46.42,87.39,66.00,100.97,412.00,28.56,27.97,7933,6750,1626,56,0,0,5.00, 2.50, 14.71, 3.69, 307,Off
26.69,25.10,980.99,272.13,26.00,172.00,0.17,19.17,48.75,86.22,68.00,100.89,413.00,28.63,27.58,7952,6769,1613,51,0,0,5.00, 2.50, 14.71, 3.69, 313,Off
26.62,25.12,980.99,272.16,21.00,139.00,0.14,15.21,10.77,112.67,35.00,114.20,412.00,28.66,27.98,7970,6728,1569,52,0,0,3.68, 1.35, 7.97, 2.00, 319,Off
26.56,25.14,980.98,272.17,21.00,142.00,0.14,9.64,-10.52,109.52,-47.00,110.44,412.00,28.62,27.41,7958,6689,1553,52,0,0,3.03, 0.92, 5.40, 1.35, 324,Off
26.50,25.16,980.98,272.23,23.00,156.00,0.16,14.10,-28.85,99.12,-63.00,104.20,414.00,28.64,27.49,7912,6672,1555,51,0,0,4.18, 1.75, 10.30, 2.58, 330,Off
26.44,25.19,980.98,272.20,21.00,142.00,0.14,12.88,-47.54,77.25,-74.00,91.62,422.00,28.67,27.63,7890,6671,1556,57,0,0,4.66, 2.17, 12.76, 3.20, 335,Off
26.44,25.21,980.97,272.32,19.00,132.00,0.13,-6.88,17.58,101.83,111.00,103.57,439.00,28.67,27.55,7891,6676,1543,56,0,0,5.00, 2.50, 14.71, 3.69, 341,Off
26.56,25.24,980.97,272.30,18.00,124.00,0.12,14.81,19.64,17.67,52.00,30.29,377.00,28.97,28.19,7838,6625,1521,51,0,0,5.00, 2.50, 14.71, 3.69, 346,Off
26.50,25.26,980.98,272.22,19.00,126.00,0.13,14.06,16.93,17.54,50.00,28.14,394.00,28.96,27.75,7782,6564,1524,62,0,0,5.00, 2.50, 14.71, 3.69, 352,Off
26.44,25.29,980.98,272.19,22.00,149.00,0.15,15.18,15.64,19.10,45.00,28.98,446.00,28.87,27.82,7767,6570,1546,72,0,0,5.00, 2.50, 14.71, 3.69, 358,Off
26.37,25.31,980.99,272.13,21.00,142.00,0.14,13.27,17.83,17.35,53.00,28.20,429.00,29.01,27.97,7732,6555,1557,75,0,0,5.00, 2.50, 14.71, 3.69, 363,Off
26.56,25.33,980.99,272.12,23.00,152.00,0.15,13.04,-5.35,11.73,-22.00,18.34,409.00,28.98,27.38,7637,6439,1551,78,0,0,5.00, 2.50, 14.71, 3.69, 369,Off
26.50,25.36,980.97,272.33,17.00,112.00,0.11,51.33,2.89,18.79,3.00,54.74,426.00,28.84,27.12,7493,6268,1530,81,0,0,5.00, 2.50, 14.71, 3.69, 374,Off
26.56,25.38,980.95,272.42,14.00,92.00,0.09,47.06,13.23,19.93,15.00,52.79,414.00,28.86,27.31,7406,6192,1491,73,0,0,5.00, 2.50, 14.71, 3.69, 380,Off
26.69,25.41,980.94,272.57,8.00,53.00,0.05,53.50,-3.25,19.71,-3.00,57.11,417.00,28.93,27.37,7419,6229,1476,59,0,0,5.00, 2.50, 14.71, 3.69, 386,Off
26.69,25.43,980.92,272.70,15.00,99.00,0.10,50.63,19.85,25.81,21.00,60.19,413.00,28.79,27.31,7427,6250,1469,55,0,0,5.00, 2.50, 14.71, 3.69, 391,Off
26.62,25.45,980.91,272.81,12.00,83.00,0.08,54.06,7.25,22.17,7.00,58.87,413.00,28.84,27.12,7404,6230,1448,57,0,0,5.00, 2.50, 14.71, 3.69, 397,Off
26.62,25.48,980.90,272.84,13.00,91.00,0.09,53.18,6.04,21.58,6.00,57.71,412.00,28.90,27.11,7272,6108,1431,63,0,0,5.00, 2.50, 14.71, 3.69, 402,Off
26.50,25.50,980.90,272.93,14.00,97.00,0.10,53.67,6.29,21.54,6.00,58.17,410.00,28.98,27.10,7053,5921,1417,72,0,0,5.00, 2.50, 14.71, 3.69, 408,Off
26.44,25.52,980.88,273.07,13.00,86.00,0.09,45.83,16.62,22.02,19.00,53.50,412.00,29.01,27.01,6932,5813,1428,64,0,0,5.00, 2.50, 14.71, 3.69, 413,Off
26.37,25.54,980.87,273.12,12.00,85.00,0.09,45.43,14.52,21.58,17.00,52.35,411.00,29.08,26.92,7010,5887,1464,58,0,0,5.00, 2.50, 14.71, 3.69, 419,Off
26.44,25.57,980.88,273.07,11.00,77.00,0.08,52.97,5.43,21.31,5.00,57.36,412.00,29.14,26.83,7075,5940,1473,63,0,0,5.00, 2.50, 14.71, 3.69, 425,Off
26.44,25.59,980.89,272.94,10.00,66.00,0.07,45.18,13.02,19.18,16.00,50.78,413.00,29.18,26.79,7174,6006,1495,62,0,0,5.00, 2.50, 14.71, 3.69, 430,Off
26.37,25.61,980.90,272.92,7.00,46.00,0.05,39.85,17.92,18.64,24.00,47.50,413.00,29.24,26.72,7209,6038,1483,63,0,0,5.00, 2.50, 14.71, 3.69, 436,Off
26.44,25.63,980.90,272.90,15.00,99.00,0.10,38.31,19.08,19.97,26.00,47.23,417.00,29.29,26.66,7139,5992,1425,76,0,0,5.00, 2.50, 14.71, 3.69, 441,Off
26.50,25.65,980.90,272.86,21.00,142.00,0.14,40.38,17.43,19.67,23.00,48.18,419.00,29.36,26.57,7136,5989,1398,79,0,0,5.00, 2.50, 14.71, 3.69, 447,Off
26.50,25.67,980.90,272.90,21.00,142.00,0.14,35.58,20.85,18.96,30.00,45.39,420.00,29.35,26.51,7193,6044,1385,81,0,0,5.00, 2.50, 14.71, 3.69, 453,Off
26.50,25.69,980.91,272.84,19.00,130.00,0.13,39.54,16.67,19.31,22.00,47.05,421.00,29.46,26.42,7228,6081,1401,91,0,0,5.00, 2.50, 14.71, 3.69, 458,Off
26.56,25.71,980.90,272.90,19.00,132.00,0.13,40.85,15.52,18.52,20.00,47.46,422.00,29.51,26.36,7203,6072,1395,83,0,0,5.00, 2.50, 14.71, 3.69, 464,Off
26.62,25.73,980.89,272.98,18.00,124.00,0.12,45.47,14.77,19.35,17.00,51.58,421.00,29.56,26.36,7125,6018,1358,73,0,0,5.00, 2.50, 14.71, 3.69, 469,Off
26.69,25.75,980.89,272.96,19.00,126.00,0.13,38.54,16.58,17.67,23.00,45.53,417.00,29.59,26.41,7066,5965,1336,73,0,0,5.00, 2.50, 14.71, 3.69, 475,Off
26.69,25.77,980.90,272.92,19.00,128.00,0.13,42.97,11.64,17.77,15.00,47.94,420.00,29.63,26.86,7123,6003,1340,66,0,0,5.00, 2.50, 14.71, 3.69, 480,Off
26.56,25.79,980.89,272.96,19.00,129.00,0.13,45.17,2.17,15.50,2.00,47.80,423.00,29.04,27.09,7290,6154,1395,49,0,0,5.00, 2.50, 14.71, 3.69, 486,Off
26.44,25.81,980.89,272.93,14.00,92.00,0.09,43.97,-14.73,14.79,-18.00,48.68,484.00,28.32,27.21,7280,6156,1407,38,0,0,5.00, 2.50, 14.71, 3.69, 492,Off
26.25,25.83,980.89,272.94,7.00,46.00,0.05,49.46,-0.02,16.96,0.00,52.28,484.00,27.83,27.33,7225,6109,1397,45,0,0,5.00, 2.50, 14.71, 3.69, 497,Off
26.12,25.85,980.90,272.92,10.00,66.00,0.07,45.43,0.22,14.48,0.00,47.68,417.00,27.05,28.02,7258,6134,1417,53,0,0,5.00, 2.50, 14.71, 3.69, 503,Off
26.12,25.87,980.91,272.82,10.00,71.00,0.07,46.42,8.42,18.37,10.00,50.63,364.00,27.14,28.61,7273,6152,1418,54,0,0,5.00, 2.50, 14.71, 3.69, 508,Off
25.87,25.89,980.90,272.89,10.00,71.00,0.07,45.13,9.83,17.81,12.00,49.50,380.00,26.60,28.80,7251,6159,1405,48,0,0,5.00, 2.50, 14.71, 3.69, 514,Off
25.75,25.91,980.90,272.90,14.00,94.00,0.09,45.88,-8.88,14.33,-10.00,48.87,347.00,26.36,29.10,7344,6239,1406,47,0,0,5.00, 2.50, 14.71, 3.69, 520,Off
25.56,25.93,980.90,272.90,12.00,81.00,0.08,46.22,-1.96,15.73,-2.00,48.87,348.00,26.79,29.73,7369,6227,1402,55,0,0,5.00, 2.50, 14.71, 3.69, 525,Off
25.62,25.95,980.89,272.94,10.00,71.00,0.07,49.50,-2.17,17.14,-2.00,52.43,341.00,26.66,29.28,7317,6171,1410,54,0,0,5.00, 2.50, 14.71, 3.69, 531,Off
25.62,25.97,980.91,272.84,11.00,79.00,0.08,62.60,-2.81,28.25,-2.00,68.74,428.00,26.50,29.39,7324,6166,1422,54,0,0,5.00, 2.50, 14.71, 3.69, 536,Off
25.50,25.99,980.88,273.05,13.00,92.00,0.09,59.17,-5.68,23.67,-5.00,63.98,409.00,26.46,29.50,7378,6199,1428,59,0,0,5.00, 2.50, 14.71, 3.69, 542,Off
25.31,26.01,980.89,273.00,15.00,103.00,0.10,65.72,-8.46,31.54,-7.00,73.39,436.00,26.49,29.53,7536,6324,1453,41,0,0,5.00, 2.50, 14.71, 3.69, 547,Off
25.06,26.03,980.87,273.13,22.00,145.00,0.15,50.97,9.31,20.96,10.00,55.90,454.00,26.17,29.63,7564,6331,1457,38,0,0,5.00, 2.50, 14.71, 3.69, 553,Off
25.12,26.05,980.86,273.19,26.00,172.00,0.17,49.06,6.48,18.75,7.00,52.92,429.00,26.41,29.90,7585,6331,1463,49,0,0,5.00, 2.50, 14.71, 3.69, 559,Off
25.06,26.07,980.86,273.27,19.00,125.00,0.13,55.47,8.88,24.96,9.00,61.47,372.00,26.73,29.80,7611,6368,1473,51,0,0,5.00, 2.50, 14.71, 3.69, 564,Off
25.19,26.09,980.85,273.34,18.00,124.00,0.12,9.17,33.04,31.08,74.00,46.28,434.00,26.80,29.38,7555,6340,1446,49,0,0,5.00, 2.50, 14.71, 3.69, 570,Off
25.19,26.11,980.84,273.40,17.00,113.00,0.11,28.97,7.02,13.00,13.00,32.52,461.00,26.80,29.21,7522,6324,1429,45,0,0,5.00, 2.50, 14.71, 3.69, 575,Off
24.94,26.14,980.85,273.34,14.00,94.00,0.09,15.81,18.00,18.25,48.00,30.12,465.00,27.05,29.53,7620,6396,1445,52,0,0,5.00, 2.50, 14.71, 3.69, 581,Off
24.87,26.16,980.85,273.31,16.00,111.00,0.11,12.48,33.25,30.79,69.00,47.00,458.00,27.11,29.26,7681,6435,1454,57,0,0,5.00, 2.50, 14.71, 3.69, 587,Off
24.94,26.18,980.84,273.37,14.00,97.00,0.10,5.42,2.85,12.83,27.00,14.22,459.00,27.21,28.99,7773,6508,1485,60,0,0,5.00, 2.50, 14.71, 3.69, 592,Off
25.06,26.19,980.84,273.38,15.00,102.00,0.10,22.10,22.52,20.87,45.00,37.83,451.00,27.31,29.05,7868,6587,1540,63,0,0,5.00, 2.50, 14.71, 3.69, 598,Off
25.00,26.21,980.85,273.31,13.00,92.00,0.09,19.68,10.25,14.92,27.00,26.74,443.00,27.17,28.88,7859,6588,1592,82,0,0,5.00, 2.50, 14.71, 3.69, 603,Off
25.06,26.23,980.87,273.11,12.00,84.00,0.08,42.54,-4.71,14.48,-6.00,45.18,460.00,27.22,29.01,7835,6557,1600,88,0,0,5.00, 2.50, 14.71, 3.69, 609,Off
25.12,26.25,980.91,272.79,18.00,119.00,0.12,15.50,16.02,18.75,45.00,29.13,454.00,27.35,28.95,7778,6503,1586,84,0,0,5.00, 2.50, 14.71, 3.69, 614,Off
25.25,26.27,980.93,272.64,23.00,152.00,0.15,9.43,-2.64,10.56,-15.00,14.40,435.00,27.53,28.92,7673,6424,1573,81,0,0,5.00, 2.50, 14.71, 3.69, 620,Off
25.25,26.28,980.93,272.67,24.00,158.00,0.16,21.06,45.77,46.29,65.00,68.42,449.00,27.31,28.87,7606,6370,1574,76,0,0,5.00, 2.50, 14.71, 3.69, 626,Off
25.25,26.30,980.95,272.48,26.00,177.00,0.18,2.21,45.81,60.25,87.00,75.72,446.00,27.50,28.74,7747,6502,1617,74,0,0,5.00, 2.50, 14.71, 3.69, 631,Off
25.37,26.32,980.96,272.40,23.00,156.00,0.16,27.52,45.92,48.46,59.00,72.21,430.00,27.70,28.58,7977,6716,1671,65,0,0,5.00, 2.50, 14.71, 3.69, 637,Off
25.50,26.34,980.96,272.39,23.00,154.00,0.15,34.47,45.43,49.79,52.00,75.71,433.00,27.67,28.58,8105,6842,1698,58,0,0,5.00, 2.50, 14.71, 3.69, 642,Off
25.69,26.35,980.97,272.29,23.00,152.00,0.15,38.14,46.77,51.83,50.00,79.55,435.00,27.87,29.13,8064,6817,1709,59,0,0,5.00, 2.50, 14.71, 3.69, 648,Off
25.87,26.37,980.97,272.29,22.00,151.00,0.15,39.71,48.79,52.25,50.00,81.78,435.00,28.00,28.75,7981,6762,1734,62,0,0,5.00, 2.50, 14.71, 3.69, 654,Off
26.06,26.39,980.98,272.20,22.00,150.00,0.15,35.00,46.38,51.27,52.00,77.48,434.00,28.14,29.11,7949,6730,1743,64,0,0,5.00, 2.50, 14.71, 3.69, 659,Off
26.25,26.41,980.99,272.10,23.00,156.00,0.16,32.63,42.72,48.96,52.00,72.71,432.00,28.31,28.65,7914,6679,1718,60,0,0,5.00, 2.50, 14.71, 3.69, 665,Off
26.37,26.43,981.00,272.00,21.00,142.00,0.14,33.08,42.85,49.39,52.00,73.28,431.00,28.34,28.25,7945,6713,1719,65,0,0,5.00, 2.50, 14.71, 3.69, 670,Off
26.50,26.45,981.01,271.96,15.00,99.00,0.10,32.71,42.54,49.04,52.00,72.70,429.00,28.38,27.78,7994,6793,1734,73,0,0,5.00, 2.50, 14.71, 3.69, 676,Off
26.62,26.46,981.01,271.96,14.00,92.00,0.09,32.22,43.93,48.52,53.00,72.96,429.00,28.42,27.60,8148,6933,1735,64,0,0,5.00, 2.50, 14.71, 3.69, 682,Off
26.81,26.48,981.01,271.92,20.00,132.00,0.13,32.77,42.63,49.18,52.00,72.87,430.00,28.48,27.69,8316,7064,1716,60,0,0,5.00, 2.50, 14.71, 3.69, 687,Off
26.94,26.50,981.02,271.86,16.00,106.00,0.11,32.97,42.68,49.08,52.00,72.93,428.00,28.48,27.55,8351,7082,1718,71,0,0,5.00, 2.50, 14.71, 3.69, 693,Off
27.00,26.52,981.02,271.86,19.00,127.00,0.13,32.33,44.71,48.33,54.00,73.35,429.00,28.53,27.59,8377,7058,1707,87,0,0,5.00, 2.50, 14.71, 3.69, 698,Off
27.06,26.54,981.01,271.91,25.00,165.00,0.17,33.08,41.33,48.96,51.00,72.11,428.00,28.51,27.71,8554,7201,1731,98,0,0,5.00, 2.50, 14.71, 3.69, 704,Off
27.19,26.56,981.01,271.91,24.00,162.00,0.16,32.72,44.14,48.02,53.00,72.97,430.00,28.53,27.70,8917,7554,1821,101,0,0,5.00, 2.50, 14.71, 3.69, 709,Off
27.25,26.58,981.02,271.90,24.00,159.00,0.16,32.71,43.22,48.72,52.00,72.89,428.00,28.51,27.67,9127,7756,1866,94,0,0,5.00, 2.50, 14.71, 3.69, 715,Off
27.19,26.60,981.00,272.00,23.00,158.00,0.16,32.85,42.54,48.77,52.00,72.57,426.00,28.51,27.65,9354,7962,1927,86,0,0,5.00, 2.50, 14.71, 3.69, 721,Off
27.19,26.61,981.01,271.98,23.00,156.00,0.16,32.10,44.10,48.33,53.00,72.88,424.00,28.46,27.65,9458,8040,1992,89,0,0,5.00, 2.50, 14.71, 3.69, 726,Off
27.25,26.63,981.01,271.97,22.00,148.00,0.15,33.29,41.52,49.67,51.00,72.79,431.00,28.38,27.74,9521,8094,2031,100,0,0,5.00, 2.50, 14.71, 3.69, 732,Off
27.19,26.65,981.01,271.96,21.00,139.00,0.14,33.02,42.72,48.96,52.00,72.89,430.00,28.36,27.76,9525,8089,2027,99,0,0,5.00, 2.50, 14.71, 3.69, 737,Off
27.06,26.67,981.01,271.93,21.00,139.00,0.14,32.81,43.27,48.96,52.00,73.11,429.00,28.11,27.83,9474,8024,2019,95,0,0,4.61, 2.12, 12.50, 3.13, 743,Off
27.06,26.69,981.01,271.97,22.00,145.00,0.15,32.93,42.64,49.54,52.00,73.19,426.00,28.01,27.88,9421,7974,2003,102,0,0,4.59, 2.11, 12.42, 3.11, 749,Off
26.87,26.71,981.01,271.98,18.00,124.00,0.12,31.97,44.10,48.96,54.00,73.24,419.00,27.93,28.03,9339,7917,1977,106,0,0,4.56, 2.08, 12.21, 3.06, 754,Off
26.81,26.73,981.00,272.01,23.00,156.00,0.16,32.42,43.67,48.92,53.00,73.15,414.00,27.79,28.15,9249,7857,1957,107,0,0,4.52, 2.04, 12.02, 3.02, 760,Off
26.56,26.75,981.00,272.01,25.00,165.00,0.17,33.06,42.81,49.04,52.00,73.01,410.00,27.80,28.28,9258,7861,1962,111,0,0,4.46, 1.99, 11.69, 2.93, 765,Off
26.44,26.76,981.00,271.99,26.00,172.00,0.17,33.13,41.97,49.58,51.00,72.92,410.00,27.93,28.24,9355,7921,1980,119,0,0,4.37, 1.91, 11.23, 2.82, 771,Off
26.44,26.78,981.00,272.03,22.00,151.00,0.15,32.58,43.14,49.18,52.00,73.09,409.00,27.97,28.26,9403,7961,1988,120,0,0,4.44, 1.97, 11.61, 2.91, 777,Off
26.44,26.80,981.00,272.04,22.00,150.00,0.15,32.97,42.68,49.04,52.00,72.90,412.00,28.07,28.23,9361,7954,1973,104,0,0,4.69, 2.20, 12.92, 3.24, 782,Off
26.50,26.82,981.00,272.02,21.00,142.00,0.14,32.46,43.75,48.72,53.00,73.09,415.00,28.14,28.27,9337,7960,1982,94,0,0,4.66, 2.17, 12.76, 3.20, 788,Off
26.44,26.84,980.99,272.11,21.00,142.00,0.14,32.85,43.14,49.18,52.00,73.21,417.00,28.08,28.22,9299,7928,1990,98,0,0,4.57, 2.09, 12.31, 3.09, 793,Off
26.44,26.86,980.99,272.11,24.00,158.00,0.16,32.58,42.54,49.18,52.00,72.74,419.00,28.08,28.19,9326,7929,2013,105,0,0,4.68, 2.19, 12.87, 3.23, 799,Off
26.37,26.88,981.00,272.06,27.00,178.00,0.18,32.50,43.92,48.68,53.00,73.18,417.00,28.17,28.13,9380,7970,2027,103,0,0,4.58, 2.10, 12.36, 3.10, 804,Off
26.44,26.90,980.99,272.09,26.00,172.00,0.17,33.08,43.27,49.79,52.00,73.80,419.00,28.31,28.02,9368,8002,2035,93,0,0,4.57, 2.09, 12.31, 3.09, 810,Off
26.37,26.92,980.99,272.14,18.00,124.00,0.12,32.38,42.89,49.31,52.00,72.93,419.00,28.32,28.05,9377,8025,2080,103,0,0,4.78, 2.28, 13.41, 3.36, 816,Off
26.44,26.94,980.99,272.08,19.00,128.00,0.13,32.06,43.75,48.60,53.00,72.83,420.00,28.21,28.02,9372,8002,2082,110,0,0,4.58, 2.10, 12.34, 3.09, 821,Off
26.44,26.96,980.99,272.08,17.00,118.00,0.12,32.77,42.29,49.47,52.00,72.87,419.00,28.31,28.08,9350,7988,2051,103,0,0,4.62, 2.13, 12.55, 3.15, 827,Off
26.37,26.99,980.99,272.11,16.00,111.00,0.11,32.46,43.79,48.88,53.00,73.21,412.00,28.41,27.90,9441,8055,2044,102,0,0,4.62, 2.14, 12.58, 3.15, 832,Off
26.44,27.01,981.00,272.05,16.00,106.00,0.11,32.85,41.64,49.71,51.00,72.69,428.00,28.27,27.85,9490,8077,2045,109,0,0,4.48, 2.01, 11.82, 2.96, 838,Off
26.44,27.03,981.00,272.03,15.00,102.00,0.10,32.58,42.42,49.13,52.00,72.62,441.00,28.25,27.87,9460,8042,2048,115,0,0,4.50, 2.03, 11.92, 2.99, 844,Off
26.31,27.05,981.00,272.06,13.00,92.00,0.09,32.46,44.22,48.56,53.00,73.26,463.00,27.96,27.85,9455,8037,2043,116,0,0,5.00, 2.50, 14.71, 3.69, 849,Off
26.31,27.08,980.98,272.18,14.00,96.00,0.10,32.93,42.58,49.18,52.00,72.92,427.00,28.07,28.00,9433,8030,2029,97,0,0,5.00, 2.50, 14.71, 3.69, 855,Off
26.19,27.10,980.98,272.23,27.00,178.00,0.18,32.67,43.79,48.14,53.00,72.82,424.00,28.05,27.92,9380,7988,2009,84,0,0,5.00, 2.50, 14.71, 3.69, 860,Off
26.25,27.12,980.97,272.27,31.00,205.00,0.21,32.97,41.68,48.92,51.00,72.23,425.00,28.19,27.94,9354,7970,2007,81,0,0,5.00, 2.50, 14.71, 3.69, 866,Off
26.25,27.14,980.97,272.27,24.00,158.00,0.16,32.97,42.72,49.47,52.00,73.22,424.00,28.25,27.92,9354,7970,2013,81,0,0,5.00, 2.50, 14.71, 3.69, 872,Off
26.19,27.16,980.97,272.27,21.00,142.00,0.14,32.42,43.88,48.29,53.00,72.86,422.00,28.29,27.75,9416,8052,2042,97,0,0,5.00, 2.50, 14.71, 3.69, 877,Off
26.12,27.19,980.96,272.36,21.00,142.00,0.14,32.97,42.72,49.35,52.00,73.13,427.00,28.34,27.64,9533,8162,2050,104,0,0,5.00, 2.50, 14.71, 3.69, 883,Off
26.25,27.21,980.96,272.41,19.00,130.00,0.13,33.42,42.42,49.75,51.00,73.42,437.00,28.46,27.61,9642,8223,2044,90,0,0,5.00, 2.50, 14.71, 3.69, 888,Off
26.31,27.23,980.95,272.44,19.00,132.00,0.13,32.50,43.88,48.64,53.00,73.13,441.00,28.51,27.57,9642,8217,2043,92,0,0,5.00, 2.50, 14.71, 3.69, 894,Off
26.44,27.25,980.96,272.37,21.00,142.00,0.14,37.77,43.10,51.54,48.00,77.07,438.00,28.51,27.56,9535,8151,2019,103,0,0,5.00, 2.50, 14.71, 3.69, 899,Off
26.44,27.28,980.96,272.36,23.00,158.00,0.16,40.60,41.81,53.58,45.00,79.17,438.00,28.25,27.57,9419,8075,2007,108,0,0,5.00, 2.50, 14.71, 3.69, 905,Off
26.37,27.30,980.96,272.33,23.00,156.00,0.16,43.33,45.85,56.02,46.00,84.37,436.00,28.18,27.74,9388,8047,2022,119,0,0,5.00, 2.50, 14.71, 3.69, 911,Off
26.37,27.32,980.97,272.28,21.00,142.00,0.14,26.60,38.63,34.52,55.00,58.23,438.00,28.28,27.77,9386,8026,2042,121,0,0,5.00, 2.50, 14.71, 3.69, 916,Off
26.37,27.34,980.98,272.24,21.00,139.00,0.14,25.27,47.79,48.21,62.00,72.43,434.00,28.34,27.73,9285,7918,2043,109,0,0,5.00, 2.50, 14.71, 3.69, 922,Off
26.31,27.36,980.97,272.29,26.00,172.00,0.17,33.88,46.21,50.14,53.00,76.14,426.00,28.44,27.68,9206,7846,2042,99,0,0,5.00, 2.50, 14.71, 3.69, 927,Off
26.37,27.39,980.96,272.36,28.00,185.00,0.19,34.21,43.75,50.60,51.00,75.13,426.00,28.45,27.66,9168,7836,2047,101,0,0,5.00, 2.50, 14.71, 3.69, 933,Off
26.37,27.41,980.96,272.34,24.00,160.00,0.16,33.52,46.97,49.43,54.00,75.98,426.00,28.42,27.72,9182,7875,2051,114,0,0,5.00, 2.50, 14.71, 3.69, 939,Off
26.31,27.43,980.96,272.38,21.00,142.00,0.14,33.77,44.88,49.93,53.00,75.15,438.00,28.14,27.94,9127,7815,2018,122,0,0,5.00, 2.50, 14.71, 3.69, 944,Off
26.25,27.46,980.96,272.41,25.00,165.00,0.17,33.02,46.13,49.31,54.00,75.16,418.00,28.39,28.31,9092,7735,1961,116,0,0,5.00, 2.50, 14.71, 3.69, 950,Off
26.19,27.48,980.97,272.30,23.00,152.00,0.15,31.43,47.54,48.88,56.00,75.08,410.00,28.60,28.70,9188,7777,1933,118,0,0,5.00, 2.50, 14.71, 3.69, 955,Off
26.06,27.51,980.97,272.26,21.00,142.00,0.14,31.92,44.92,49.63,54.00,74.15,416.00,28.48,28.66,9316,7881,1949,125,0,0,5.00, 2.50, 14.71, 3.69, 961,Off
26.00,27.53,980.96,272.34,20.00,134.00,0.13,32.38,47.81,48.77,55.00,75.58,383.00,28.79,28.78,9381,7951,1981,111,0,0,5.00, 2.50, 14.71, 3.69, 967,Off
25.94,27.55,980.96,272.42,20.00,135.00,0.14,33.96,42.97,47.97,51.00,72.81,447.00,28.91,28.14,9396,8001,2036,95,0,0,5.00, 2.50, 14.71, 3.69, 972,Off
26.00,27.58,980.96,272.37,20.00,135.00,0.14,26.25,46.13,48.21,60.00,71.70,360.00,28.90,28.04,9392,8005,2045,94,0,0,5.00, 2.50, 14.71, 3.69, 978,Off
25.87,27.60,980.96,272.38,26.00,172.00,0.17,24.58,48.02,49.31,62.00,73.08,385.00,28.93,27.59,9379,7957,2022,98,0,0,5.00, 2.50, 14.71, 3.69, 983,Off
25.87,27.63,980.96,272.41,27.00,178.00,0.18,24.67,46.77,50.42,62.00,73.06,426.00,29.01,27.51,9393,7946,2037,106,0,0,5.00, 2.50, 14.71, 3.69, 989,Off
25.87,27.65,980.96,272.34,22.00,145.00,0.15,25.58,46.60,49.85,61.00,72.88,409.00,29.13,27.44,9450,7991,2057,118,0,0,5.00, 2.50, 14.71, 3.69, 994,Off
25.87,27.68,980.97,272.29,24.00,159.00,0.16,26.08,47.10,49.63,61.00,73.22,414.00,29.15,27.33,9474,8021,2035,117,0,0,5.00, 2.50, 14.71, 3.69, 1000,Off
25.81,27.70,980.98,272.24,23.00,156.00,0.16,26.64,45.31,49.79,59.00,72.40,471.00,29.14,27.30,9496,8078,2054,120,0,0,5.00, 2.50, 14.71, 3.69, 1006,Off
25.81,27.73,980.98,272.22,21.00,142.00,0.14,25.42,47.79,49.43,61.00,73.31,470.00,29.17,27.38,9532,8143,2116,127,0,0,5.00, 2.50, 14.71, 3.69, 1011,Off
25.87,27.75,980.98,272.23,24.00,162.00,0.16,24.58,48.31,49.63,63.00,73.49,456.00,29.21,27.45,9485,8104,2107,138,0,0,5.00, 2.50, 14.71, 3.69, 1017,Off
25.87,27.77,980.98,272.21,22.00,151.00,0.15,25.54,47.02,49.93,61.00,73.19,427.00,29.17,27.37,9412,8043,2070,147,0,0,5.00, 2.50, 14.71, 3.69, 1022,Off
25.87,27.80,980.97,272.26,21.00,142.00,0.14,25.02,47.89,49.89,62.00,73.54,448.00,29.13,27.38,9394,8033,2074,142,0,0,5.00, 2.50, 14.71, 3.69, 1028,Off
25.81,27.82,980.98,272.22,21.00,142.00,0.14,25.77,47.06,49.89,61.00,73.26,458.00,29.01,27.26,9428,8066,2084,132,0,0,5.00, 2.50, 14.71, 3.69, 1034,Off
25.69,27.84,980.98,272.21,20.00,135.00,0.14,25.97,45.35,50.46,60.00,72.65,436.00,28.84,27.37,9558,8176,2087,122,0,0,5.00, 2.50, 14.71, 3.69, 1039,Off
25.56,27.86,980.98,272.24,13.00,86.00,0.09,25.42,47.58,49.27,61.00,73.06,447.00,28.86,27.50,9594,8199,2089,116,0,0,5.00, 2.50, 14.71, 3.69, 1045,Off
25.50,27.89,980.98,272.22,13.00,86.00,0.09,26.77,46.04,48.72,59.00,72.18,436.00,28.79,27.58,9499,8111,2065,99,0,0,5.00, 2.50, 14.71, 3.69, 1050,Off
25.37,27.91,980.98,272.17,17.00,112.00,0.11,25.42,47.97,49.58,62.00,73.53,437.00,28.67,27.55,9531,8128,2084,90,0,0,5.00, 2.50, 14.71, 3.69, 1056,Off
25.37,27.93,980.98,272.18,18.00,124.00,0.12,25.97,46.38,49.97,60.00,72.96,439.00,28.74,27.64,9663,8242,2138,101,0,0,5.00, 2.50, 14.71, 3.69, 1062,Off
25.31,27.95,980.98,272.17,19.00,127.00,0.13,26.37,44.52,50.68,59.00,72.43,433.00,28.76,27.64,9704,8274,2140,110,0,0,5.00, 2.50, 14.71, 3.69, 1067,Off
25.19,27.97,980.98,272.22,21.00,142.00,0.14,25.50,48.18,49.18,62.00,73.42,435.00,28.81,27.66,9687,8246,2127,99,0,0,5.00, 2.50, 14.71, 3.69, 1073,Off
25.31,27.99,980.98,272.24,18.00,121.00,0.12,26.08,46.08,50.60,60.00,73.24,431.00,28.80,27.72,9672,8245,2138,87,0,0,5.00, 2.50, 14.71, 3.69, 1078,Off
25.44,28.01,980.97,272.28,21.00,142.00,0.14,26.08,46.77,49.93,60.00,73.22,432.00,28.86,27.66,9687,8256,2153,84,0,0,5.00, 2.50, 14.71, 3.69, 1084,Off
25.56,28.04,980.97,272.31,27.00,181.00,0.18,26.21,47.54,49.08,61.00,73.19,428.00,28.93,27.70,9667,8225,2156,92,0,0,5.00, 2.50, 14.71, 3.69, 1089,Off
25.69,28.06,980.96,272.37,26.00,177.00,0.18,27.04,44.83,50.60,58.00,72.81,419.00,28.96,27.53,9655,8218,2138,90,0,0,5.00, 2.50, 14.71, 3.69, 1095,Off
25.62,28.08,980.96,272.38,26.00,174.00,0.17,26.12,46.13,49.89,60.00,72.80,417.00,29.06,27.45,9640,8186,2097,84,0,0,5.00, 2.50, 14.71, 3.69, 1101,Off
25.75,28.10,980.96,272.41,20.00,132.00,0.13,26.46,46.60,49.75,60.00,73.12,469.00,29.07,27.48,9629,8164,2079,86,0,0,5.00, 2.50, 14.71, 3.69, 1106,Off
25.81,28.12,980.96,272.34,16.00,105.00,0.11,27.17,46.21,49.47,59.00,72.95,388.00,29.04,27.52,9598,8156,2093,92,0,0,5.00, 2.50, 14.71, 3.69, 1112,Off
25.81,28.15,980.96,272.34,12.00,79.00,0.08,27.00,47.42,48.77,60.00,73.18,429.00,29.10,27.46,9551,8123,2089,104,0,0,5.00, 2.50, 14.71, 3.69, 1117,Off
25.87,28.17,980.96,272.41,10.00,71.00,0.07,27.27,47.29,49.13,60.00,73.44,436.00,29.11,27.43,9516,8097,2098,124,0,0,5.00, 2.50, 14.71, 3.69, 1123,Off
25.81,28.19,980.96,272.39,10.00,71.00,0.07,26.06,46.29,49.93,60.00,72.91,442.00,29.06,27.26,9504,8068,2100,132,0,0,5.00, 2.50, 14.71, 3.69, 1129,Off
25.75,28.22,980.96,272.39,8.00,59.00,0.06,25.72,47.10,49.89,61.00,73.28,441.00,28.93,27.26,9479,8030,2062,129,0,0,5.00, 2.50, 14.71, 3.69, 1134,Off
25.69,28.24,980.96,272.39,10.00,71.00,0.07,26.81,45.72,50.21,59.00,73.01,430.00,28.91,27.36,9425,7982,2032,131,0,0,5.00, 2.50, 14.71, 3.69, 1140,Off
25.69,28.26,980.96,272.39,10.00,71.00,0.07,27.00,46.46,49.97,59.00,73.38,426.00,28.84,27.44,9362,7925,2020,138,0,0,5.00, 2.50, 14.71, 3.69, 1145,Off
25.75,28.28,980.95,272.43,10.00,71.00,0.07,26.56,47.33,49.00,60.00,73.12,418.00,28.84,27.53,9337,7906,2029,129,0,0,5.00, 2.50, 14.71, 3.69, 1151,Off
25.81,28.31,980.96,272.37,11.00,78.00,0.08,27.25,45.21,50.06,58.00,72.75,411.00,28.74,27.70,9368,7951,2040,109,0,0,5.00, 2.50, 14.71, 3.69, 1157,Off
25.81,28.33,980.97,272.32,10.00,71.00,0.07,27.00,46.33,49.54,59.00,73.01,416.00,28.74,27.89,9454,8047,2070,106,0,0,5.00, 2.50, 14.71, 3.69, 1162,Off
25.87,28.35,980.96,272.37,9.00,59.00,0.06,27.60,45.64,50.25,58.00,73.28,418.00,28.67,28.15,9504,8102,2071,106,0,0,5.00, 2.50, 14.71, 3.69, 1168,Off
25.87,28.37,980.95,272.43,12.00,79.00,0.08,28.00,44.83,50.29,58.00,72.96,417.00,28.64,28.04,9513,8102,2054,108,0,0,5.00, 2.50, 14.71, 3.69, 1173,Off
25.75,28.39,980.95,272.50,15.00,99.00,0.10,27.08,47.67,49.00,60.00,73.53,416.00,28.58,27.83,9586,8167,2051,104,0,0,5.00, 2.50, 14.71, 3.69, 1179,Off
25.75,28.42,980.95,272.48,24.00,160.00,0.16,27.60,44.96,50.21,58.00,72.83,426.00,28.44,28.06,9608,8187,2031,92,0,0,5.00, 2.50, 14.71, 3.69, 1184,Off
25.87,28.45,980.94,272.52,19.00,127.00,0.13,29.42,43.79,45.39,56.00,69.59,424.00,28.41,28.04,9628,8206,2040,87,0,0,5.00, 2.50, 14.71, 3.69, 1190,Off
25.81,28.47,980.94,272.57,17.00,118.00,0.12,26.47,47.67,49.18,60.00,73.43,422.00,28.41,27.97,9710,8259,2086,83,0,0,5.00, 2.50, 14.71, 3.69, 1196,Off
25.81,28.49,980.94,272.55,18.00,121.00,0.12,27.47,45.56,50.25,58.00,73.18,417.00,28.38,27.91,9753,8296,2091,74,0,0,5.00, 2.50, 14.71, 3.69, 1201,Off
25.69,28.51,980.95,272.46,16.00,106.00,0.11,27.00,47.46,49.47,60.00,73.68,413.00,28.36,27.81,9720,8277,2090,79,0,0,5.00, 2.50, 14.71, 3.69, 1207,Off
25.50,28.53,980.95,272.48,16.00,110.00,0.11,26.68,47.63,49.63,60.00,73.78,403.00,28.34,27.81,9725,8259,2095,91,0,0,5.00, 2.50, 14.71, 3.69, 1212,Off
25.31,28.55,980.95,272.42,17.00,113.00,0.11,27.12,45.21,50.21,59.00,72.80,484.00,28.27,27.95,9818,8324,2093,94,0,0,5.00, 2.50, 14.71, 3.69, 1218,Off
25.19,28.56,980.95,272.50,15.00,103.00,0.10,26.60,47.46,49.71,60.00,73.69,481.00,28.27,28.17,9852,8371,2104,93,0,0,5.00, 2.50, 14.71, 3.69, 1224,Off
25.25,28.58,980.94,272.54,19.00,125.00,0.13,27.52,45.52,50.52,58.00,73.35,451.00,28.25,28.14,9853,8416,2149,98,0,0,5.00, 2.50, 14.71, 3.69, 1229,Off
25.25,28.60,980.94,272.51,20.00,132.00,0.13,27.35,45.35,50.21,58.00,72.98,450.00,28.21,28.07,9847,8430,2176,107,0,0,5.00, 2.50, 14.71, 3.69, 1235,Off
25.31,28.62,980.95,272.47,16.00,105.00,0.11,27.21,46.25,49.58,59.00,73.06,438.00,28.28,28.04,9822,8415,2172,111,0,0,5.00, 2.50, 14.71, 3.69, 1240,Off
25.44,28.64,980.95,272.47,16.00,106.00,0.11,27.17,45.96,49.93,59.00,73.10,429.00,28.27,28.11,9822,8423,2160,106,0,0,5.00, 2.50, 14.71, 3.69, 1246,Off
25.37,28.66,980.95,272.50,17.00,113.00,0.11,27.39,46.46,49.54,59.00,73.23,422.00,28.29,28.17,9817,8430,2147,104,0,0,5.00, 2.50, 14.71, 3.69, 1252,Off
25.50,28.68,980.94,272.53,16.00,106.00,0.11,27.00,47.38,49.27,60.00,73.49,422.00,28.28,28.19,9844,8432,2155,110,0,0,5.00, 2.50, 14.71, 3.69, 1257,Off
25.44,28.70,980.94,272.54,15.00,101.00,0.10,27.25,45.52,50.29,59.00,73.10,422.00,28.27,28.30,9805,8388,2157,106,0,0,5.00, 2.50, 14.71, 3.69, 1263,Off
25.44,28.72,980.94,272.52,13.00,88.00,0.09,27.25,46.33,50.25,59.00,73.58,422.00,28.24,28.44,9749,8368,2146,98,0,0,5.00, 2.50, 14.71, 3.69, 1268,Off
25.56,28.74,980.94,272.54,14.00,94.00,0.09,27.25,46.29,49.85,59.00,73.28,426.00,28.17,28.48,9820,8438,2117,89,0,0,5.00, 2.50, 14.71, 3.69, 1274,Off
25.75,28.76,980.94,272.52,18.00,120.00,0.12,26.87,46.42,50.25,59.00,73.50,427.00,28.25,28.47,9878,8466,2085,76,0,0,5.00, 2.50, 14.71, 3.69, 1279,Off
25.87,28.78,980.93,272.60,19.00,129.00,0.13,26.92,47.54,49.18,60.00,73.51,427.00,28.28,28.41,9908,8473,2109,63,0,0,5.00, 2.50, 14.71, 3.69, 1285,Off
26.06,28.80,980.93,272.65,18.00,119.00,0.12,27.43,47.02,49.79,59.00,73.77,422.00,28.25,28.23,9946,8514,2141,64,0,0,5.00, 2.50, 14.71, 3.69, 1291,Off
26.19,28.82,980.93,272.63,17.00,112.00,0.11,27.08,46.17,49.54,59.00,72.93,419.00,28.29,28.19,9989,8575,2152,70,0,0,5.00, 2.50, 14.71, 3.69, 1296,Off
26.31,28.84,980.92,272.70,20.00,132.00,0.13,26.87,47.75,49.22,60.00,73.66,414.00,28.38,28.02,9979,8587,2159,85,0,0,5.00, 2.50, 14.71, 3.69, 1302,Off
26.19,28.86,980.92,272.67,26.00,177.00,0.18,27.35,46.42,49.85,59.00,73.40,393.00,28.34,27.91,9991,8592,2176,98,0,0,5.00, 2.50, 14.71, 3.69, 1307,Off
26.12,28.88,980.93,272.66,27.00,185.00,0.19,26.81,47.63,49.27,60.00,73.58,414.00,28.25,28.00,10065,8639,2197,106,0,0,5.00, 2.50, 14.71, 3.69, 1313,Off
26.19,28.90,980.93,272.66,26.00,177.00,0.18,26.72,47.75,48.81,60.00,73.32,397.00,28.21,28.12,10080,8626,2214,117,0,0,5.00, 2.50, 14.71, 3.69, 1319,Off
26.00,28.92,980.94,272.58,24.00,162.00,0.16,27.56,45.85,49.71,58.00,73.02,447.00,28.19,28.07,10063,8596,2195,125,0,0,5.00, 2.50, 14.71, 3.69, 1324,Off
26.06,28.94,980.94,272.55,24.00,159.00,0.16,26.37,48.43,49.00,61.00,73.77,416.00,28.22,27.93,10020,8566,2140,133,0,0,5.00, 2.50, 14.71, 3.69, 1330,Off
26.12,28.96,980.94,272.53,23.00,158.00,0.16,27.35,44.96,49.85,58.00,72.49,402.00,28.36,27.89,9929,8483,2127,136,0,0,5.00, 2.50, 14.71, 3.69, 1335,Off
26.00,28.98,980.94,272.51,24.00,163.00,0.16,27.87,45.43,49.79,58.00,72.94,393.00,28.41,27.83,9941,8483,2153,143,0,0,5.00, 2.50, 14.71, 3.69, 1341,Off
25.87,29.00,980.93,272.61,25.00,168.00,0.17,26.25,47.38,49.08,61.00,73.09,398.00,28.45,27.77,9977,8513,2145,141,0,0,5.00, 2.50, 14.71, 3.69, 1346,Off
25.81,29.02,980.94,272.57,17.00,112.00,0.11,26.17,46.21,49.71,60.00,72.74,409.00,28.46,27.69,9959,8490,2137,138,0,0,5.00, 2.50, 14.71, 3.69, 1352,Off
25.87,29.04,980.93,272.62,14.00,92.00,0.09,25.33,48.06,49.79,62.00,73.69,425.00,28.56,27.70,9960,8460,2163,146,0,0,5.00, 2.50, 14.71, 3.69, 1358,Off
25.94,29.06,980.93,272.66,20.00,132.00,0.13,25.93,46.46,49.58,60.00,72.73,432.00,28.63,27.74,9910,8419,2182,150,0,0,5.00, 2.50, 14.71, 3.69, 1363,Off
25.94,29.07,980.93,272.67,16.00,106.00,0.11,25.27,46.46,50.02,61.00,72.79,426.00,28.67,27.65,9830,8360,2195,143,0,0,5.00, 2.50, 14.71, 3.69, 1369,Off
26.00,29.09,980.93,272.63,17.00,113.00,0.11,25.54,46.89,49.75,61.00,72.98,426.00,28.76,27.67,9806,8347,2176,141,0,0,5.00, 2.50, 14.71, 3.69, 1374,Off
26.06,29.11,980.92,272.73,14.00,94.00,0.09,25.27,46.46,49.89,61.00,72.70,434.00,28.83,27.64,9848,8376,2160,153,0,0,5.00, 2.50, 14.71, 3.69, 1380,Off
26.12,29.13,980.93,272.67,15.00,101.00,0.10,25.62,46.50,50.46,61.00,73.25,433.00,28.93,27.65,9845,8347,2155,158,0,0,5.00, 2.50, 14.71, 3.69, 1386,Off
26.12,29.15,980.93,272.65,17.00,115.00,0.12,25.31,47.81,49.54,62.00,73.35,423.00,28.93,27.54,9810,8313,2142,152,0,0,5.00, 2.50, 14.71, 3.69, 1391,Off
26.12,29.17,980.92,272.70,19.00,126.00,0.13,25.14,46.38,50.10,61.00,72.75,422.00,28.91,27.57,9872,8363,2146,139,0,0,5.00, 2.50, 14.71, 3.69, 1397,Off
26.00,29.19,980.92,272.70,19.00,127.00,0.13,25.89,45.64,50.38,60.00,72.74,447.00,28.89,27.55,9943,8431,2162,136,0,0,5.00, 2.50, 14.71, 3.69, 1402,Off
26.06,29.21,980.93,272.64,20.00,135.00,0.14,25.27,47.93,49.00,62.00,73.05,382.00,28.86,27.55,9968,8469,2179,142,0,0,5.00, 2.50, 14.71, 3.69, 1408,Off
25.94,29.23,980.93,272.60,26.00,172.00,0.17,26.25,46.04,50.06,60.00,72.90,405.00,28.81,27.48,9949,8470,2190,152,0,0,5.00, 2.50, 14.71, 3.69, 1414,Off
25.94,29.25,980.94,272.59,34.00,225.00,0.23,24.92,47.85,49.67,62.00,73.33,456.00,28.79,27.45,9949,8477,2194,150,0,0,5.00, 2.50, 14.71, 3.69, 1419,Off
25.87,29.27,980.93,272.60,31.00,205.00,0.21,25.22,46.81,49.67,61.00,72.76,432.00,28.87,27.39,9939,8476,2206,132,0,0,5.00, 2.50, 14.71, 3.69, 1425,Off
25.87,29.29,980.93,272.60,34.00,231.00,0.23,26.06,45.72,50.56,60.00,72.98,427.00,28.91,27.39,9939,8493,2230,128,0,0,5.00, 2.50, 14.71, 3.69, 1430,Off
26.00,29.31,980.93,272.60,30.00,199.00,0.20,26.06,47.79,49.04,61.00,73.27,426.00,28.90,27.39,9921,8461,2202,130,0,0,5.00, 2.50, 14.71, 3.69, 1436,Off
25.94,29.32,980.93,272.64,32.00,213.00,0.21,25.68,45.47,50.21,60.00,72.45,427.00,28.83,27.33,9864,8389,2163,127,0,0,5.00, 2.50, 14.71, 3.69, 1441,Off
25.87,29.34,980.93,272.61,33.00,223.00,0.22,25.27,45.85,49.35,61.00,71.94,443.00,28.87,27.34,9813,8364,2174,126,0,0,5.00, 2.50, 14.71, 3.69, 1447,Off
25.94,29.36,980.93,272.59,32.00,213.00,0.21,24.97,46.81,49.47,61.00,72.54,415.00,28.91,27.43,9824,8368,2161,132,0,0,5.00, 2.50, 14.71, 3.69, 1453,Off
26.00,29.38,980.93,272.61,35.00,237.00,0.24,25.62,45.81,50.02,60.00,72.50,360.00,28.96,27.48,9795,8320,2138,134,0,0,5.00, 2.50, 14.71, 3.69, 1458,Off
26.00,29.40,980.92,272.70,35.00,234.00,0.23,24.87,47.21,48.52,62.00,72.12,371.00,28.94,27.24,9730,8261,2128,127,0,0,4.92, 2.42, 14.22, 3.57, 1464,Off
26.00,29.42,980.92,272.70,33.00,219.00,0.22,25.58,45.22,50.42,60.00,72.40,400.00,28.91,27.32,9761,8304,2139,118,0,0,4.79, 2.30, 13.52, 3.39, 1469,Off
26.00,29.44,980.92,272.75,29.00,192.00,0.19,25.46,46.13,49.75,61.00,72.46,405.00,28.98,27.27,9714,8257,2103,116,0,0,4.79, 2.30, 13.52, 3.39, 1475,Off
25.81,29.46,980.92,272.76,21.00,139.00,0.14,24.97,47.71,49.31,62.00,73.01,393.00,28.81,27.18,9620,8178,2065,104,0,0,4.78, 2.28, 13.41, 3.36, 1481,Off
25.69,29.48,980.92,272.75,20.00,132.00,0.13,31.00,45.39,49.54,55.00,74.00,403.00,28.76,27.24,9639,8209,2065,86,0,0,5.00, 2.50, 14.71, 3.69, 1486,Off
25.62,29.50,980.91,272.80,24.00,160.00,0.16,30.68,45.52,49.31,56.00,73.79,462.00,28.79,27.45,9590,8204,2070,84,0,0,4.96, 2.46, 14.45, 3.62, 1492,Off
25.69,29.52,980.90,272.85,21.00,142.00,0.14,31.08,46.68,49.22,56.00,74.62,440.00,28.83,27.50,9524,8198,2077,101,0,0,5.00, 2.50, 14.71, 3.69, 1497,Off
25.69,29.54,980.91,272.83,21.00,142.00,0.14,31.22,45.13,49.47,55.00,73.89,426.00,28.63,27.39,9440,8120,2052,111,0,0,4.92, 2.42, 14.25, 3.57, 1503,Off
25.56,29.55,980.92,272.73,23.00,152.00,0.15,31.08,45.85,49.04,55.00,73.98,425.00,28.80,27.38,9262,7946,2006,109,0,0,5.00, 2.50, 14.71, 3.69, 1509,Off
25.56,29.57,980.92,272.70,28.00,186.00,0.19,31.43,46.29,48.64,55.00,74.14,424.00,28.91,27.49,9062,7764,1970,100,0,0,5.00, 2.50, 14.71, 3.69, 1514,Off
25.62,29.59,980.93,272.65,29.00,197.00,0.20,31.00,45.60,49.13,55.00,73.85,434.00,29.11,27.88,8900,7631,1915,88,0,0,5.00, 2.50, 14.71, 3.69, 1520,Off
25.69,29.61,980.93,272.61,31.00,206.00,0.21,31.08,46.52,48.88,56.00,74.29,418.00,29.22,28.24,8825,7559,1871,90,0,0,5.00, 2.50, 14.71, 3.69, 1525,Off
25.81,29.62,980.94,272.58,30.00,200.00,0.20,30.79,47.02,48.56,56.00,74.27,406.00,29.38,27.64,8736,7465,1843,91,0,0,5.00, 2.50, 14.71, 3.69, 1531,Off
26.00,29.64,980.95,272.43,17.00,112.00,0.11,31.71,44.52,49.71,54.00,73.88,390.00,29.48,27.28,8649,7391,1837,95,0,0,5.00, 2.50, 14.71, 3.69, 1536,Off
26.00,29.66,980.96,272.39,13.00,86.00,0.09,30.92,46.81,48.88,56.00,74.40,386.00,29.45,26.86,8651,7385,1824,98,0,0,5.00, 2.50, 14.71, 3.69, 1542,Off
26.06,29.68,980.96,272.39,18.00,119.00,0.12,31.04,45.43,48.92,55.00,73.62,404.00,29.56,27.06,8627,7345,1784,85,0,0,5.00, 2.50, 14.71, 3.69, 1548,Off
26.12,29.70,980.96,272.34,26.00,178.00,0.18,31.43,45.08,49.54,55.00,73.99,406.00,29.68,27.83,8581,7267,1759,76,0,0,5.00, 2.50, 14.71, 3.69, 1553,Off
26.31,29.73,980.97,272.32,25.00,170.00,0.17,30.79,46.46,48.52,56.00,73.89,397.00,29.81,28.11,8576,7206,1778,74,0,0,5.00, 2.50, 14.71, 3.69, 1559,Off
26.44,29.74,980.96,272.38,28.00,189.00,0.19,31.83,44.79,49.79,54.00,74.15,406.00,29.91,28.04,8545,7184,1801,76,0,0,5.00, 2.50, 14.71, 3.69, 1564,Off
26.50,29.76,980.96,272.34,24.00,162.00,0.16,30.60,46.72,48.52,56.00,73.98,385.00,30.05,28.16,8444,7141,1791,76,0,0,5.00, 2.50, 14.71, 3.69, 1570,Off
26.62,29.79,980.97,272.31,22.00,151.00,0.15,31.97,44.56,49.58,54.00,73.93,371.00,30.11,26.53,8426,7153,1780,74,0,0,5.00, 2.50, 14.71, 3.69, 1575,Off
26.56,29.81,980.98,272.24,27.00,182.00,0.18,30.08,45.56,48.96,56.00,73.33,482.00,30.17,26.41,8514,7255,1826,85,0,0,5.00, 2.50, 14.71, 3.69, 1581,Off
26.62,29.83,980.98,272.24,26.00,177.00,0.18,29.93,46.97,48.92,57.00,74.13,452.00,30.27,27.73,8635,7380,1894,102,0,0,5.00, 2.50, 14.71, 3.69, 1587,Off
26.69,29.85,980.98,272.23,27.00,181.00,0.18,30.21,45.72,48.72,56.00,73.33,415.00,30.36,28.31,8686,7421,1939,107,0,0,5.00, 2.50, 14.71, 3.69, 1592,Off
26.75,29.87,980.98,272.17,18.00,119.00,0.12,30.12,45.64,48.88,56.00,73.34,411.00,30.49,28.57,8709,7453,1977,114,0,0,5.00, 2.50, 14.71, 3.69, 1598,Off
26.87,29.89,980.99,272.13,19.00,125.00,0.13,30.60,45.21,49.47,55.00,73.67,391.00,30.56,28.01,8771,7510,2010,125,0,0,5.00, 2.50, 14.71, 3.69, 1603,Off
26.94,29.91,980.99,272.15,21.00,139.00,0.14,30.25,46.13,48.96,56.00,73.75,395.00,30.65,26.80,8915,7625,2036,124,0,0,5.00, 2.50, 14.71, 3.69, 1609,Off
27.00,29.93,980.98,272.20,18.00,124.00,0.12,30.12,44.83,49.22,56.00,73.08,397.00,30.72,26.20,9044,7719,2036,128,0,0,5.00, 2.50, 14.71, 3.69, 1615,Off
26.94,29.95,980.98,272.19,21.00,142.00,0.14,29.25,47.54,48.33,58.00,73.84,394.00,30.75,26.02,9110,7770,2013,141,0,0,5.00, 2.50, 14.71, 3.69, 1620,Off
26.94,29.97,980.98,272.20,19.00,130.00,0.13,29.85,45.52,48.96,56.00,73.21,390.00,30.80,25.85,9198,7855,2012,147,0,0,5.00, 2.50, 14.71, 3.69, 1626,Off
26.87,29.99,980.97,272.25,18.00,122.00,0.12,29.89,45.77,49.08,56.00,73.47,390.00,30.76,25.56,9250,7891,2020,145,0,0,5.00, 2.50, 14.71, 3.69, 1631,Off
26.81,30.01,980.97,272.30,18.00,124.00,0.12,29.25,47.14,48.46,58.00,73.66,390.00,30.70,25.47,9315,7940,2061,158,0,0,5.00, 2.50, 14.71, 3.69, 1637,Off
26.69,30.03,980.97,272.32,17.00,118.00,0.12,30.21,44.43,49.79,55.00,73.25,394.00,30.65,25.42,9440,8061,2101,162,0,0,5.00, 2.50, 14.71, 3.69, 1642,Off
26.62,30.05,980.98,272.23,19.00,128.00,0.13,29.42,47.54,48.52,58.00,74.02,401.00,30.59,25.53,9516,8145,2103,155,0,0,5.00, 2.50, 14.71, 3.69, 1648,Off
26.62,30.07,980.97,272.32,18.00,122.00,0.12,30.37,45.04,49.27,56.00,73.34,424.00,30.69,25.63,9569,8185,2097,150,0,0,5.00, 2.50, 14.71, 3.69, 1654,Off
26.62,30.09,980.96,272.41,11.00,72.00,0.07,29.68,45.68,48.88,56.00,73.19,479.00,30.72,25.84,9601,8202,2105,131,0,0,5.00, 2.50, 14.71, 3.69, 1659,Off
26.69,30.11,980.95,272.47,6.00,39.00,0.04,29.29,46.64,48.46,57.00,73.36,443.00,30.83,26.91,9541,8159,2122,108,0,0,5.00, 2.50, 14.71, 3.69, 1665,Off
26.69,30.13,980.94,272.53,10.00,66.00,0.07,29.85,45.52,48.92,56.00,73.18,440.00,30.87,27.49,9473,8109,2129,98,0,0,5.00, 2.50, 14.71, 3.69, 1670,Off
26.62,30.15,980.93,272.67,18.00,124.00,0.12,29.81,45.81,48.72,56.00,73.22,418.00,30.98,28.47,9421,8068,2142,99,0,0,5.00, 2.50, 14.71, 3.69, 1676,Off
26.62,30.17,980.92,272.71,19.00,128.00,0.13,29.77,46.21,49.18,57.00,73.76,404.00,31.11,28.67,9422,8074,2150,105,0,0,5.00, 2.50, 14.71, 3.69, 1681,Off
26.69,30.19,980.92,272.71,19.00,130.00,0.13,29.97,46.29,48.81,57.00,73.65,398.00,31.16,27.33,9485,8107,2133,101,0,0,5.00, 2.50, 14.71, 3.69, 1687,Off
26.69,30.21,980.92,272.73,16.00,111.00,0.11,29.89,46.72,49.47,57.00,74.33,397.00,31.29,28.14,9463,8075,2102,99,0,0,5.00, 2.50, 14.71, 3.69, 1693,Off
26.62,30.23,980.91,272.76,18.00,124.00,0.12,29.64,47.38,48.64,57.00,74.09,396.00,31.35,28.27,9442,8046,2087,93,0,0,5.00, 2.50, 14.71, 3.69, 1698,Off
26.56,30.25,980.92,272.73,16.00,110.00,0.11,30.08,45.27,49.08,56.00,73.23,397.00,31.45,28.55,9412,8013,2086,102,0,0,5.00, 2.50, 14.71, 3.69, 1704,Off
26.62,30.28,980.91,272.77,16.00,106.00,0.11,29.89,46.29,48.92,57.00,73.68,395.00,31.52,27.20,9363,7979,2080,111,0,0,5.00, 2.50, 14.71, 3.69, 1709,Off
26.69,30.30,980.91,272.84,16.00,109.00,0.11,30.25,46.25,49.27,56.00,74.04,397.00,31.58,27.66,9373,7974,2075,116,0,0,5.00, 2.50, 14.71, 3.69, 1715,Off
26.69,30.32,980.90,272.85,19.00,125.00,0.13,30.08,45.72,49.39,56.00,73.72,393.00,31.66,27.40,9375,7956,2074,121,0,0,5.00, 2.50, 14.71, 3.69, 1721,Off
26.75,30.34,980.91,272.82,23.00,152.00,0.15,29.37,47.50,48.64,58.00,74.06,394.00,31.73,27.07,9338,7935,2051,122,0,0,5.00, 2.50, 14.71, 3.69, 1726,Off
26.75,30.36,980.91,272.82,22.00,145.00,0.15,30.17,46.00,48.88,56.00,73.59,396.00,31.84,27.72,9284,7907,2025,125,0,0,5.00, 2.50, 14.71, 3.69, 1732,Off
26.69,30.38,980.91,272.84,29.00,195.00,0.20,30.37,46.68,49.18,56.00,74.30,397.00,31.90,28.90,9168,7788,1996,126,0,0,5.00, 2.50, 14.71, 3.69, 1737,Off
26.69,30.40,980.90,272.87,25.00,170.00,0.17,29.93,46.46,48.92,57.00,73.81,395.00,31.96,27.89,9161,7775,1985,125,0,0,5.00, 2.50, 14.71, 3.69, 1743,Off
26.81,30.42,980.90,272.91,23.00,154.00,0.15,30.29,45.27,49.54,56.00,73.63,395.00,32.06,25.98,9225,7833,1959,117,0,0,5.00, 2.50, 14.71, 3.69, 1748,Off
26.81,30.44,980.90,272.91,21.00,142.00,0.14,29.72,47.38,48.21,57.00,73.84,396.00,32.11,26.14,9249,7846,1934,106,0,0,5.00, 2.50, 14.71, 3.69, 1754,Off
27.00,30.46,980.90,272.85,21.00,142.00,0.14,29.85,47.14,48.92,57.00,74.20,397.00,32.18,26.55,9310,7890,1965,117,0,0,5.00, 2.50, 14.71, 3.69, 1760,Off
27.19,30.48,980.91,272.80,20.00,134.00,0.13,30.29,46.08,49.22,56.00,73.92,398.00,32.21,25.99,9361,7957,2009,131,0,0,5.00, 2.50, 14.71, 3.69, 1765,Off
27.12,30.51,980.91,272.83,20.00,135.00,0.14,29.46,47.21,49.08,58.00,74.20,401.00,32.24,25.86,9339,7967,2019,121,0,0,5.00, 2.50, 14.71, 3.69, 1771,Off
27.12,30.53,980.91,272.78,19.00,129.00,0.13,30.17,45.81,49.27,56.00,73.73,403.00,32.30,25.61,9332,7961,2028,112,0,0,5.00, 2.50, 14.71, 3.69, 1776,Off
27.12,30.55,980.92,272.74,15.00,99.00,0.10,30.00,44.96,49.43,56.00,73.25,400.00,32.32,26.23,9379,8003,2068,120,0,0,5.00, 2.50, 14.71, 3.69, 1782,Off
27.25,30.57,980.92,272.72,13.00,86.00,0.09,29.58,47.25,48.81,57.00,74.09,398.00,32.41,25.28,9367,7998,2069,130,0,0,5.00, 2.50, 14.71, 3.69, 1787,Off
27.25,30.59,980.92,272.71,14.00,92.00,0.09,30.25,45.17,49.00,56.00,73.19,403.00,32.44,25.86,9358,7981,2043,123,0,0,5.00, 2.50, 14.71, 3.69, 1793,Off
27.37,30.61,980.92,272.75,18.00,124.00,0.12,30.04,46.08,49.27,56.00,73.85,237.00,32.52,27.93,9380,7988,2006,109,0,0,5.00, 2.50, 14.71, 3.69, 1799,Off
27.25,30.63,980.91,272.78,19.00,128.00,0.13,29.18,47.75,48.60,58.00,74.12,308.00,32.00,25.38,9383,7997,1989,107,0,0,5.00, 2.50, 14.71, 3.69, 1804,Off
26.94,30.65,980.92,272.75,21.00,142.00,0.14,29.37,46.08,48.96,57.00,73.37,450.00,31.42,24.90,9484,8078,2010,115,0,0,5.00, 2.50, 14.71, 3.69, 1810,Off
26.87,30.67,980.91,272.80,21.00,142.00,0.14,30.25,46.17,49.08,56.00,73.86,451.00,31.13,25.05,9586,8171,2076,124,0,0,5.00, 2.50, 14.71, 3.69, 1815,Off
26.69,30.69,980.91,272.76,20.00,133.00,0.13,30.39,45.21,49.47,56.00,73.59,518.00,30.72,25.49,9599,8195,2106,123,0,0,5.00, 2.50, 14.71, 3.69, 1821,Off
26.56,30.71,980.91,272.82,19.00,126.00,0.13,30.43,46.00,49.31,56.00,73.98,447.00,30.28,26.00,9594,8163,2085,121,0,0,5.00, 2.50, 14.71, 3.69, 1827,Off
26.37,30.73,980.91,272.83,19.00,128.00,0.13,29.85,46.97,48.72,57.00,73.97,441.00,29.96,26.44,9529,8056,2045,122,0,0,5.00, 2.50, 14.71, 3.69, 1832,Off
26.25,30.75,980.90,272.89,20.00,135.00,0.14,29.77,46.21,49.13,57.00,73.72,415.00,29.79,26.90,9434,7978,2013,111,0,0,5.00, 2.50, 14.71, 3.69, 1838,Off
26.25,30.77,980.90,272.90,26.00,172.00,0.17,30.29,45.08,49.31,56.00,73.36,414.00,29.46,26.98,9359,7924,2003,103,0,0,5.00, 2.50, 14.71, 3.69, 1843,Off
26.06,30.78,980.89,272.95,32.00,211.00,0.21,29.93,47.17,48.33,57.00,73.87,413.00,29.41,26.80,9217,7798,1975,101,0,0,5.00, 2.50, 14.71, 3.69, 1849,Off
26.06,30.80,980.88,273.02,20.00,132.00,0.13,30.12,46.21,49.13,56.00,73.86,412.00,29.41,26.54,8922,7542,1900,99,0,0,5.00, 2.50, 14.71, 3.69, 1854,Off
25.87,30.82,980.88,273.04,24.00,160.00,0.16,30.56,45.47,49.75,56.00,74.01,404.00,29.24,26.58,8678,7313,1834,92,0,0,5.00, 2.50, 14.71, 3.69, 1860,Off
25.69,30.84,980.87,273.15,19.00,128.00,0.13,29.68,47.02,48.68,57.00,73.90,401.00,29.10,26.76,8468,7129,1775,66,0,0,5.00, 2.50, 14.71, 3.69, 1866,Off
25.62,30.85,980.87,273.14,21.00,142.00,0.14,29.93,44.79,49.00,56.00,72.82,411.00,29.00,26.86,8377,7058,1734,65,0,0,5.00, 2.50, 14.71, 3.69, 1871,Off
25.62,30.87,980.87,273.14,19.00,132.00,0.13,29.89,46.17,49.13,57.00,73.74,409.00,28.90,27.12,8330,7041,1719,73,0,0,5.00, 2.50, 14.71, 3.69, 1877,Off
25.56,30.89,980.88,273.09,22.00,151.00,0.15,30.08,46.50,48.92,57.00,73.89,445.00,28.64,27.28,8323,7045,1729,76,0,0,5.00, 2.50, 14.71, 3.69, 1882,Off
25.56,30.90,980.87,273.12,21.00,142.00,0.14,29.93,45.92,48.81,56.00,73.39,419.00,28.58,27.45,8328,7052,1725,79,0,0,5.00, 2.50, 14.71, 3.69, 1888,Off
25.37,30.92,980.89,272.98,29.00,192.00,0.19,29.77,47.21,48.88,57.00,74.19,448.00,28.36,27.64,8360,7090,1734,75,0,0,5.00, 2.50, 14.71, 3.69, 1894,Off
25.37,30.94,980.90,272.90,26.00,174.00,0.17,30.56,45.43,49.71,56.00,73.95,223.00,28.31,27.70,8352,7093,1735,76,0,0,5.00, 2.50, 14.71, 3.69, 1899,Off
25.25,30.95,980.90,272.85,17.00,112.00,0.11,30.08,46.64,48.88,57.00,73.95,389.00,28.08,27.84,8346,7088,1705,75,0,0,5.00, 2.50, 14.71, 3.69, 1905,Off
25.19,30.96,980.89,272.96,16.00,105.00,0.11,30.21,46.04,49.63,56.00,74.13,400.00,27.96,27.96,8297,7039,1683,83,2,0,5.00, 2.50, 14.71, 3.69, 1910,Off
25.25,30.98,980.91,272.83,17.00,112.00,0.11,30.17,45.92,49.13,56.00,73.70,402.00,28.10,28.11,8332,7066,1682,92,2,0,5.00, 2.50, 14.71, 3.69, 1916,Off
25.25,30.99,980.90,272.89,24.00,160.00,0.16,30.08,46.00,49.89,56.00,74.23,399.00,28.04,28.04,8446,7174,1705,89,0,0,5.00, 2.50, 14.71, 3.69, 1921,Off
25.44,31.01,980.90,272.91,27.00,185.00,0.19,29.46,47.93,48.96,58.00,74.58,434.00,28.17,28.08,8508,7234,1761,79,0,0,5.00, 2.50, 14.71, 3.69, 1927,Off
25.56,31.02,980.90,272.87,25.00,166.00,0.17,30.17,45.72,48.72,56.00,73.31,399.00,28.24,27.99,8539,7257,1799,64,0,0,5.00, 2.50, 14.71, 3.69, 1933,Off
25.62,31.03,980.90,272.85,24.00,162.00,0.16,29.93,45.52,49.08,56.00,73.33,420.00,28.32,27.97,8607,7307,1813,61,0,0,5.00, 2.50, 14.71, 3.69, 1938,Off
25.75,31.05,980.90,272.92,24.00,160.00,0.16,29.50,47.14,48.72,57.00,73.94,405.00,28.42,27.83,8554,7247,1791,73,0,0,5.00, 2.50, 14.71, 3.69, 1944,Off
25.87,31.06,980.89,272.98,22.00,150.00,0.15,30.72,44.71,49.54,55.00,73.47,363.00,28.44,27.74,8455,7150,1762,78,0,0,5.00, 2.50, 14.71, 3.69, 1949,Off
25.81,31.07,980.89,272.98,21.00,142.00,0.14,29.50,47.25,48.25,58.00,73.69,410.00,28.42,27.52,8362,7071,1714,72,0,0,5.00, 2.50, 14.71, 3.69, 1955,Off
25.69,31.09,980.88,273.05,20.00,135.00,0.14,30.29,46.77,49.35,57.00,74.43,485.00,28.34,27.49,8291,7003,1687,66,0,0,5.00, 2.50, 14.71, 3.69, 1960,Off
25.69,31.10,980.88,273.10,23.00,152.00,0.15,30.12,45.85,48.88,56.00,73.47,451.00,28.39,27.52,8208,6912,1670,58,0,0,5.00, 2.50, 14.71, 3.69, 1966,Off
25.56,31.11,980.87,273.13,27.00,178.00,0.18,29.33,47.58,48.64,58.00,74.10,515.00,28.39,27.50,8133,6861,1660,50,0,0,5.00, 2.50, 14.71, 3.69, 1972,Off
25.56,31.12,980.86,273.22,24.00,158.00,0.16,30.17,46.00,49.13,56.00,73.75,491.00,28.53,27.51,8125,6882,1684,56,0,0,5.00, 2.50, 14.71, 3.69, 1977,Off
25.62,31.14,980.86,273.23,21.00,142.00,0.14,30.17,46.17,49.13,56.00,73.86,472.00,28.70,27.36,8140,6906,1696,62,0,0,5.00, 2.50, 14.71, 3.69, 1983,Off
25.69,31.15,980.86,273.26,23.00,156.00,0.16,30.37,45.60,49.43,56.00,73.79,469.00,28.87,27.39,8213,6961,1712,59,0,0,5.00, 2.50, 14.71, 3.69, 1988,Off
25.75,31.16,980.85,273.28,25.00,166.00,0.17,29.97,46.50,48.96,57.00,73.88,443.00,28.90,27.28,8247,6992,1725,55,0,0,5.00, 2.50, 14.71, 3.69, 1994,Off
25.94,31.18,980.86,273.20,24.00,162.00,0.16,29.10,47.06,48.81,58.00,73.78,414.00,28.96,27.18,8268,7028,1726,66,0,0,5.00, 2.50, 14.71, 3.69, 2000,Off
26.00,31.19,980.86,273.20,21.00,142.00,0.14,29.85,47.17,48.77,57.00,74.12,453.00,28.83,27.21,8394,7121,1739,66,0,0,5.00, 2.50, 14.71, 3.69, 2005,Off
26.00,31.20,980.87,273.17,23.00,158.00,0.16,30.08,46.00,49.18,56.00,73.76,406.00,28.76,27.26,8631,7336,1813,64,0,0,5.00, 2.50, 14.71, 3.69, 2011,Off
26.06,31.22,980.87,273.15,22.00,149.00,0.15,29.81,47.14,48.56,57.00,73.95,377.00,28.87,27.25,8770,7464,1882,75,0,0,5.00, 2.50, 14.71, 3.69, 2016,Off
26.12,31.23,980.86,273.19,24.00,161.00,0.16,29.72,47.93,48.56,58.00,74.43,440.00,28.94,27.19,8870,7511,1905,77,0,0,5.00, 2.50, 14.71, 3.69, 2022,Off
26.25,31.24,980.86,273.22,18.00,119.00,0.12,30.37,45.31,49.79,56.00,73.86,438.00,29.08,27.08,8898,7529,1914,85,0,0,5.00, 2.50, 14.71, 3.69, 2027,Off
26.25,31.25,980.87,273.16,13.00,86.00,0.09,29.89,47.10,48.64,57.00,74.01,420.00,29.03,27.02,8895,7547,1941,103,0,0,5.00, 2.50, 14.71, 3.69, 2033,Off
26.25,31.27,980.86,273.22,16.00,105.00,0.11,30.21,46.04,49.04,56.00,73.74,430.00,29.10,27.00,8882,7538,1952,106,0,0,5.00, 2.50, 14.71, 3.69, 2039,Off
26.31,31.28,980.86,273.27,13.00,89.00,0.09,29.89,45.92,49.08,56.00,73.56,423.00,29.18,26.89,8890,7565,1939,98,0,0,5.00, 2.50, 14.71, 3.69, 2044,Off
26.31,31.29,980.85,273.29,17.00,113.00,0.11,29.60,47.21,48.25,57.00,73.71,416.00,29.17,26.83,8861,7559,1924,98,0,0,5.00, 2.50, 14.71, 3.69, 2050,Off
26.37,31.31,980.86,273.23,14.00,94.00,0.09,30.56,45.04,49.67,55.00,73.68,432.00,29.01,26.96,8739,7446,1875,83,0,0,5.00, 2.50, 14.71, 3.69, 2055,Off
26.37,31.32,980.86,273.22,15.00,101.00,0.10,30.25,45.64,48.72,56.00,73.30,422.00,28.84,26.98,8629,7321,1808,74,0,0,5.00, 2.50, 14.71, 3.69, 2061,Off
26.31,31.34,980.85,273.31,13.00,89.00,0.09,30.12,45.22,49.39,56.00,73.43,411.00,29.01,26.98,8522,7200,1771,81,0,0,5.00, 2.50, 14.71, 3.69, 2066,Off
26.37,31.35,980.86,273.24,13.00,87.00,0.09,30.00,45.68,49.04,56.00,73.43,419.00,29.04,26.94,8463,7169,1767,89,0,0,5.00, 2.50, 14.71, 3.69, 2072,Off
26.37,31.36,980.86,273.23,12.00,85.00,0.09,29.60,47.67,48.68,58.00,74.29,436.00,29.03,27.05,8588,7309,1803,92,0,0,5.00, 2.50, 14.71, 3.69, 2078,Off
26.50,31.38,980.86,273.20,12.00,84.00,0.08,31.18,46.50,49.47,56.00,74.72,433.00,29.01,27.07,8803,7521,1888,90,0,0,5.00, 2.50, 14.71, 3.69, 2083,Off
26.44,31.39,980.86,273.25,9.00,59.00,0.06,31.18,46.46,49.22,56.00,74.52,433.00,28.83,27.14,8981,7660,1952,93,0,0,5.00, 2.50, 14.71, 3.69, 2089,Off
26.31,31.40,980.86,273.20,13.00,86.00,0.09,31.08,47.06,49.43,56.00,75.00,435.00,28.81,27.12,9187,7820,1993,100,0,0,5.00, 2.50, 14.71, 3.69, 2094,Off
26.31,31.42,980.86,273.23,25.00,165.00,0.17,29.64,47.06,49.13,57.00,74.20,440.00,28.53,27.24,9445,8049,2052,112,0,0,5.00, 2.50, 14.71, 3.69, 2100,Off
26.19,31.43,980.86,273.24,24.00,160.00,0.16,30.00,46.38,50.25,57.00,74.67,433.00,28.19,27.44,9779,8347,2147,128,0,0,5.00, 2.50, 14.71, 3.69, 2106,Off
26.00,31.45,980.86,273.21,25.00,170.00,0.17,29.60,48.10,49.13,58.00,74.85,427.00,28.01,27.65,9986,8538,2227,136,0,0,5.00, 2.50, 14.71, 3.69, 2111,Off
25.94,31.46,980.87,273.17,23.00,154.00,0.15,29.18,46.13,49.93,57.00,73.98,427.00,27.69,27.95,10176,8715,2301,151,0,0,5.00, 2.50, 14.71, 3.69, 2117,Off
25.81,31.47,980.87,273.17,24.00,162.00,0.16,29.25,46.72,49.63,57.00,74.17,416.00,27.65,28.15,10288,8793,2322,152,0,0,5.00, 2.50, 14.71, 3.69, 2122,Off
25.69,31.49,980.86,273.25,22.00,151.00,0.15,28.62,47.75,48.88,59.00,74.08,402.00,27.79,28.01,10303,8802,2323,137,0,0,5.00, 2.50, 14.71, 3.69, 2128,Off
25.62,31.50,980.85,273.34,21.00,142.00,0.14,29.60,45.43,50.14,56.00,73.85,404.00,27.91,27.94,10311,8835,2314,136,0,0,5.00, 2.50, 14.71, 3.69, 2133,Off
25.50,31.52,980.84,273.43,21.00,142.00,0.14,28.81,47.89,49.00,58.00,74.33,423.00,27.91,27.80,10308,8830,2314,144,0,0,5.00, 2.50, 14.71, 3.69, 2139,Off
25.44,31.53,980.83,273.51,23.00,155.00,0.16,29.06,47.33,49.31,58.00,74.27,432.00,27.99,27.91,10304,8809,2325,147,0,0,5.00, 2.50, 14.71, 3.69, 2145,Off
25.37,31.54,980.82,273.53,21.00,139.00,0.14,29.21,46.52,49.39,57.00,73.87,382.00,28.14,27.84,10290,8789,2303,144,0,0,5.00, 2.50, 14.71, 3.69, 2150,Off
25.31,31.56,980.83,273.47,13.00,86.00,0.09,29.10,47.38,49.22,58.00,74.26,461.00,28.31,27.59,10291,8808,2292,147,0,0,5.00, 2.50, 14.71, 3.69, 2156,Off
25.37,31.57,980.83,273.48,11.00,72.00,0.07,28.97,46.85,49.97,58.00,74.38,494.00,28.14,27.53,10293,8808,2309,152,0,0,5.00, 2.50, 14.71, 3.69, 2161,Off
25.44,31.58,980.84,273.38,16.00,106.00,0.11,29.18,46.89,49.89,58.00,74.43,463.00,27.99,27.72,10282,8819,2311,162,0,0,5.00, 2.50, 14.71, 3.69, 2167,Off
25.37,31.59,980.84,273.39,17.00,113.00,0.11,29.21,46.56,49.85,57.00,74.20,415.00,27.79,27.93,10238,8802,2291,172,0,0,5.00, 2.50, 14.71, 3.69, 2172,Off
25.44,31.61,980.85,273.34,19.00,130.00,0.13,29.21,46.64,49.79,57.00,74.21,407.00,27.77,28.13,10196,8758,2260,169,0,0,5.00, 2.50, 14.71, 3.69, 2178,Off
25.44,31.62,980.85,273.34,18.00,122.00,0.12,34.08,47.75,52.02,54.00,78.41,432.00,27.48,28.38,10225,8762,2243,159,0,0,5.00, 2.50, 14.71, 3.69, 2184,Off
25.44,31.63,980.84,273.40,17.00,115.00,0.12,10.43,46.42,47.35,77.00,67.12,436.00,27.56,28.59,10202,8720,2238,148,0,0,5.00, 2.50, 14.71, 3.69, 2189,Off
25.44,31.64,980.82,273.56,17.00,118.00,0.12,26.68,45.08,44.96,59.00,69.03,428.00,27.73,28.67,10092,8634,2232,145,0,0,5.00, 2.50, 14.71, 3.69, 2195,Off
25.56,31.65,980.80,273.71,20.00,135.00,0.14,20.67,42.97,40.02,64.00,62.25,411.00,28.03,28.69,10000,8568,2212,149,0,0,5.00, 2.50, 14.71, 3.69, 2200,Off
25.69,31.66,980.78,273.90,20.00,135.00,0.14,18.85,41.52,37.39,65.00,58.97,405.00,28.25,28.55,9984,8553,2199,158,0,0,5.00, 2.50, 14.71, 3.69, 2206,Off
25.87,31.68,980.76,274.07,7.00,46.00,0.05,33.17,42.54,42.38,52.00,68.60,412.00,28.51,28.27,9994,8563,2246,155,0,0,5.00, 2.50, 14.71, 3.69, 2212,Off
25.87,31.69,980.75,274.15,8.00,52.00,0.05,38.13,1.31,12.68,1.00,40.20,439.00,28.60,28.34,10018,8585,2296,146,0,0,5.00, 2.50, 14.71, 3.69, 2217,Off
25.94,31.70,980.73,274.31,12.00,79.00,0.08,11.02,-24.33,15.35,-65.00,30.81,430.00,28.25,27.87,10061,8613,2310,147,0,0,5.00, 2.50, 14.71, 3.69, 2223,Off
25.75,31.72,980.66,274.90,16.00,106.00,0.11,45.17,16.62,21.93,20.00,52.89,396.00,28.29,28.08,10010,8579,2310,153,0,0,5.00, 2.50, 14.71, 3.69, 2228,Off
25.44,31.73,979.78,282.48,12.00,85.00,0.09,31.35,-31.43,17.22,-45.00,47.62,355.00,27.80,28.31,9872,8466,2275,163,0,0,5.00, 2.50, 14.71, 3.69, 2234,Off
25.12,31.75,978.04,297.34,12.00,83.00,0.08,4.81,-30.18,20.17,-80.00,36.62,305.00,27.74,28.32,9905,8472,2228,176,0,0,5.00, 2.50, 14.71, 3.69, 2239,Off
24.81,31.77,975.81,316.50,13.00,91.00,0.09,30.68,-23.00,13.63,-36.00,40.70,335.00,28.05,28.41,10062,8583,2213,168,0,0,5.00, 2.50, 14.71, 3.69, 2245,Off
24.44,31.79,973.12,339.58,13.00,89.00,0.09,12.60,-40.75,27.22,-72.00,50.60,546.00,27.91,27.98,9875,8399,2132,141,0,0,5.00, 2.50, 14.71, 3.69, 2251,Off
24.06,31.81,969.95,366.90,13.00,86.00,0.09,1.02,-0.60,16.83,-30.00,16.87,460.00,26.95,28.34,9422,7979,1969,111,0,0,5.00, 2.50, 14.71, 3.69, 2256,Off
23.69,31.83,966.59,395.91,11.00,78.00,0.08,1.93,6.68,17.81,73.00,19.12,0.00,27.35,28.73,8977,7543,1802,84,0,0,5.00, 2.50, 14.71, 3.69, 2262,Off
23.37,31.85,963.02,426.88,12.00,84.00,0.08,12.92,-0.83,12.43,-3.00,17.95,670.00,25.59,28.65,8590,7194,1732,89,0,0,5.00, 2.50, 14.71, 3.69, 2267,Off
23.00,31.86,959.30,459.18,7.00,46.00,0.05,37.38,0.31,13.67,0.00,39.80,44.00,25.79,29.89,8234,6901,1658,92,0,0,5.00, 2.50, 14.71, 3.69, 2273,Off
22.69,31.88,955.50,492.29,8.00,52.00,0.05,29.29,6.81,13.14,13.00,32.82,546.00,23.77,30.57,8169,6853,1617,72,0,0,5.00, 2.50, 14.71, 3.69, 2279,Off
22.31,31.89,951.72,525.34,10.00,66.00,0.07,25.93,-25.54,13.63,-44.00,38.87,722.00,22.91,31.68,8091,6802,1569,57,0,0,5.00, 2.50, 14.71, 3.69, 2284,Off
22.06,31.90,948.13,556.81,10.00,71.00,0.07,11.06,-18.31,13.73,-58.00,25.41,27.00,24.64,32.24,8073,6799,1535,48,0,0,5.00, 2.50, 14.71, 3.69, 2290,Off
21.75,31.92,944.72,586.86,10.00,71.00,0.07,24.31,3.89,11.42,9.00,27.14,115.00,25.06,31.47,7975,6737,1510,54,0,0,5.00, 2.50, 14.71, 3.69, 2295,Off
21.37,31.93,941.33,616.78,10.00,71.00,0.07,10.89,-6.81,13.23,-32.00,18.44,627.00,24.56,30.49,7809,6572,1476,65,0,0,5.00, 2.50, 14.71, 3.69, 2301,Off
21.00,31.94,938.13,645.11,9.00,61.00,0.06,38.43,-17.18,13.73,-24.00,44.28,207.00,25.00,30.53,7654,6429,1439,70,0,0,5.00, 2.50, 14.71, 3.69, 2306,Off
20.81,31.95,935.07,672.25,12.00,80.00,0.08,14.27,-14.64,11.54,-45.00,23.48,211.00,25.13,30.83,7478,6294,1404,70,0,0,5.00, 2.50, 14.71, 3.69, 2312,Off
20.50,31.96,932.21,697.67,11.00,79.00,0.08,-0.85,-13.56,18.25,-93.00,22.75,422.00,24.11,31.07,7275,6099,1368,67,0,0,5.00, 2.50, 14.71, 3.69, 2318,Off
20.25,31.97,929.45,722.32,10.00,71.00,0.07,14.58,-24.85,14.33,-59.00,32.18,347.00,24.59,31.06,7212,6046,1371,60,0,0,5.00, 2.50, 14.71, 3.69, 2323,Off
20.06,31.97,926.68,747.04,9.00,64.00,0.06,16.43,-15.00,11.46,-42.00,25.03,261.00,25.66,30.71,7235,6107,1404,61,0,0,5.00, 2.50, 14.71, 3.69, 2329,Off
19.75,31.98,923.88,772.14,6.00,39.00,0.04,-1.06,-13.56,17.97,-94.00,22.54,281.00,24.43,29.82,7092,6010,1395,65,0,0,5.00, 2.50, 14.71, 3.69, 2334,Off
19.50,31.99,920.98,798.19,5.00,33.00,0.03,35.50,3.89,13.23,6.00,38.08,442.00,25.07,30.78,7092,6019,1405,65,0,0,5.00, 2.50, 14.71, 3.69, 2340,Off
19.31,31.99,917.97,825.29,6.00,39.00,0.04,20.12,7.75,14.39,21.00,25.93,358.00,26.24,29.71,7263,6179,1444,74,0,0,5.00, 2.50, 14.71, 3.69, 2345,Off
19.19,31.99,914.97,852.38,5.00,35.00,0.04,21.14,17.06,17.14,38.00,32.12,414.00,26.82,28.88,7399,6272,1462,84,0,0,5.00, 2.50, 14.71, 3.69, 2351,Off
18.87,31.99,911.94,879.82,4.00,28.00,0.03,47.81,9.83,19.97,11.00,52.74,543.00,27.37,27.84,7444,6284,1482,96,0,0,5.00, 2.50, 14.71, 3.69, 2357,Off
18.62,31.99,908.90,907.42,10.00,71.00,0.07,33.56,9.27,14.75,15.00,37.81,621.00,27.37,27.35,7425,6260,1490,95,0,0,5.00, 2.50, 14.71, 3.69, 2362,Off
18.37,31.99,906.03,933.53,13.00,91.00,0.09,21.67,16.02,16.56,36.00,31.63,540.00,27.77,27.04,7421,6268,1514,82,0,0,5.00, 2.50, 14.71, 3.69, 2368,Off
18.12,31.98,903.36,957.89,13.00,89.00,0.09,46.27,-17.58,17.50,-20.00,52.50,414.00,28.04,26.68,7256,6131,1488,68,0,0,5.00, 2.50, 14.71, 3.69, 2373,Off
17.94,31.98,900.66,982.62,13.00,86.00,0.09,12.77,-21.14,13.98,-58.00,28.38,455.00,28.14,26.16,6836,5779,1399,56,0,0,5.00, 2.50, 14.71, 3.69, 2379,Off
17.69,31.97,897.98,1007.21,12.00,85.00,0.09,7.58,-5.92,13.46,-37.00,16.54,434.00,28.25,25.53,6589,5595,1320,48,0,0,5.00, 2.50, 14.71, 3.69, 2385,Off
17.50,31.97,895.27,1032.08,13.00,90.00,0.09,21.62,16.71,15.27,37.00,31.30,441.00,28.39,25.31,6272,5325,1223,42,0,0,5.00, 2.50, 14.71, 3.69, 2390,Off
17.25,31.96,892.51,1057.56,5.00,33.00,0.03,28.35,16.81,17.18,30.00,37.17,447.00,28.55,24.87,5984,5056,1161,45,0,0,5.00, 2.50, 14.71, 3.69, 2396,Off
17.12,31.95,889.74,1083.12,1.00,6.00,0.01,42.35,8.92,16.21,11.00,46.21,465.00,28.72,24.54,5737,4827,1112,53,0,0,5.00, 2.50, 14.71, 3.69, 2401,Off
16.87,31.94,886.96,1108.85,4.00,26.00,0.03,29.25,-27.56,15.35,-43.00,43.02,464.00,28.84,24.01,5586,4693,1095,57,0,0,5.00, 2.50, 14.71, 3.69, 2407,Off
16.69,31.93,884.15,1135.02,24.00,160.00,0.16,18.46,-23.60,13.73,-51.00,32.96,458.00,28.86,23.79,5490,4612,1090,55,0,0,5.00, 2.50, 14.71, 3.69, 2412,Off
16.44,31.92,881.27,1161.74,23.00,156.00,0.16,8.64,-1.21,13.14,-7.00,15.77,454.00,28.91,23.42,5366,4485,1087,47,0,0,5.00, 2.50, 14.71, 3.69, 2418,Off
16.31,31.90,878.32,1189.34,25.00,166.00,0.17,23.21,-1.17,12.29,-2.00,26.29,406.00,28.89,23.30,5343,4443,1108,52,0,0,5.00, 2.50, 14.71, 3.69, 2424,Off
16.00,31.89,875.28,1217.77,21.00,142.00,0.14,19.06,-17.35,11.77,-42.00,28.33,353.00,28.96,23.25,5415,4517,1116,56,0,0,5.00, 2.50, 14.71, 3.69, 2429,Off
15.75,31.88,872.17,1246.97,22.00,151.00,0.15,20.87,17.10,16.87,39.00,31.83,638.00,25.42,23.95,5413,4541,1083,48,0,0,5.00, 2.50, 14.71, 3.69, 2435,Off
15.50,31.86,869.09,1276.01,20.00,134.00,0.13,6.88,-32.60,21.04,-78.00,39.41,165.00,23.48,25.73,5394,4540,1063,38,0,0,5.00, 2.50, 14.71, 3.69, 2440,Off
15.13,31.85,865.98,1305.35,23.00,156.00,0.16,36.85,4.31,13.81,6.00,39.59,64.00,22.29,27.65,5442,4581,1081,38,0,0,5.00, 2.50, 14.71, 3.69, 2446,Off
15.00,31.84,862.86,1334.91,22.00,148.00,0.15,24.54,-1.35,11.85,-3.00,27.29,183.00,22.86,28.27,5504,4642,1087,48,0,0,5.00, 2.50, 14.71, 3.69, 2452,Off
14.75,31.83,859.76,1364.34,28.00,185.00,0.19,19.25,-13.88,11.63,-35.00,26.42,97.00,21.45,28.35,5530,4680,1086,60,0,0,5.00, 2.50, 14.71, 3.69, 2457,Off
14.50,31.82,856.65,1393.96,36.00,238.00,0.24,31.87,-5.68,11.50,-10.00,34.36,50.00,20.19,29.77,5568,4710,1098,64,0,0,5.00, 2.50, 14.71, 3.69, 2463,Off
14.31,31.81,853.56,1423.44,26.00,172.00,0.17,12.08,-33.46,19.93,-70.00,40.78,0.00,20.50,30.23,5714,4816,1118,52,0,0,5.00, 2.50, 14.71, 3.69, 2468,Off
14.00,31.79,850.45,1453.25,18.00,124.00,0.12,30.29,-30.58,16.68,-45.00,46.17,675.00,19.67,30.65,5601,4695,1096,50,0,0,5.00, 2.50, 14.71, 3.69, 2474,Off
13.88,31.78,847.34,1483.17,19.00,128.00,0.13,14.54,-16.46,12.48,-48.00,25.26,181.00,20.57,30.62,5487,4590,1091,62,0,0,5.00, 2.50, 14.71, 3.69, 2479,Off
13.75,31.76,844.27,1512.69,23.00,154.00,0.15,13.04,11.89,16.43,42.00,24.12,209.00,22.18,29.51,5533,4635,1108,70,0,0,5.00, 2.50, 14.71, 3.69, 2485,Off
13.63,31.74,841.23,1542.05,27.00,183.00,0.18,43.89,-8.39,14.96,-10.00,47.12,389.00,22.83,28.20,5502,4604,1114,76,0,0,5.00, 2.50, 14.71, 3.69, 2491,Off
13.38,31.72,838.17,1571.70,29.00,195.00,0.20,27.43,-19.39,12.25,-35.00,35.76,497.00,23.15,26.79,5482,4601,1139,82,0,0,5.00, 2.50, 14.71, 3.69, 2496,Off
13.25,31.71,835.11,1601.49,27.00,181.00,0.18,11.10,-9.18,13.31,-39.00,19.61,510.00,23.85,25.92,5436,4588,1151,86,0,0,5.00, 2.50, 14.71, 3.69, 2502,Off
13.00,31.69,832.04,1631.39,25.00,170.00,0.17,29.85,24.08,20.52,38.00,43.50,543.00,24.25,25.42,5319,4492,1119,74,0,0,5.00, 2.50, 14.71, 3.69, 2507,Off
12.81,31.66,828.90,1662.12,27.00,181.00,0.18,46.97,13.23,21.10,15.00,53.17,502.00,24.49,24.68,5310,4487,1090,56,0,0,5.00, 2.50, 14.71, 3.69, 2513,Off
12.63,31.63,825.77,1692.82,17.00,112.00,0.11,3.35,-28.81,20.33,-83.00,35.42,383.00,24.87,24.38,5323,4495,1083,47,0,0,5.00, 2.50, 14.71, 3.69, 2518,Off
12.31,31.61,822.68,1723.28,6.00,39.00,0.04,6.67,-14.31,13.81,-65.00,20.97,788.00,22.43,24.69,5312,4477,1077,41,0,0,5.00, 2.50, 14.71, 3.69, 2524,Off
12.13,31.59,819.60,1753.70,7.00,46.00,0.05,10.14,19.47,21.00,62.00,30.38,184.00,22.45,25.24,5330,4490,1070,43,0,0,5.00, 2.50, 14.71, 3.69, 2530,Off
11.94,31.57,816.52,1784.16,5.00,35.00,0.04,26.06,22.18,20.21,40.00,39.74,177.00,23.35,25.39,5241,4430,1070,54,0,0,5.00, 2.50, 14.71, 3.69, 2535,Off
11.75,31.54,813.47,1814.42,8.00,56.00,0.06,40.46,5.48,15.35,7.00,43.62,338.00,23.84,24.57,5060,4287,1055,53,0,0,5.00, 2.50, 14.71, 3.69, 2541,Off
11.44,31.52,810.47,1844.36,12.00,83.00,0.08,47.60,-10.56,17.31,-12.00,51.74,311.00,23.88,24.22,5081,4306,1063,47,0,0,5.00, 2.50, 14.71, 3.69, 2546,Off
11.25,31.49,807.39,1875.06,12.00,81.00,0.08,16.83,-11.00,11.50,-33.00,23.16,332.00,23.98,24.04,5231,4414,1093,46,0,0,5.00, 2.50, 14.71, 3.69, 2552,Off
11.13,31.46,804.33,1905.74,13.00,89.00,0.09,9.73,9.27,14.79,43.00,19.98,361.00,24.32,23.78,5260,4428,1120,44,0,0,5.00, 2.50, 14.71, 3.69, 2558,Off
10.81,31.45,801.31,1936.13,14.00,94.00,0.09,8.89,15.29,18.21,59.00,25.39,389.00,24.71,23.32,5223,4429,1161,65,0,0,5.00, 2.50, 14.71, 3.69, 2563,Off
10.69,31.43,798.34,1966.12,16.00,106.00,0.11,38.83,4.63,14.68,6.00,41.77,423.00,24.97,22.49,5218,4440,1177,85,0,0,5.00, 2.50, 14.71, 3.69, 2569,Off
10.50,31.39,795.36,1996.22,18.00,122.00,0.12,21.81,-19.29,11.98,-41.00,31.48,481.00,25.22,21.83,4841,4109,1080,70,0,0,5.00, 2.50, 14.71, 3.69, 2574,Off
10.38,31.36,792.43,2025.91,24.00,158.00,0.16,28.06,6.25,13.81,12.00,31.89,483.00,25.59,21.31,4007,3381,861,34,0,0,5.00, 2.50, 14.71, 3.69, 2580,Off
10.06,31.32,789.53,2055.40,31.00,205.00,0.21,43.46,-16.58,15.73,-20.00,49.10,409.00,23.63,20.72,3499,2942,717,21,0,0,5.00, 2.50, 14.71, 3.69, 2585,Off
9.88,31.29,786.55,2085.88,26.00,172.00,0.17,44.00,-22.47,17.35,-27.00,52.37,375.00,21.95,22.54,3045,2557,589,15,0,0,5.00, 2.50, 14.71, 3.69, 2591,On
9.50,31.26,783.56,2116.42,34.00,231.00,0.23,34.79,-32.47,17.18,-43.00,50.60,578.00,20.97,22.88,2745,2293,494,5,0,0,5.00, 2.50, 14.71, 3.69, 2597,On
9.19,31.22,780.54,2147.47,36.00,242.00,0.24,11.14,-30.18,18.79,-69.00,37.26,0.00,20.99,23.96,2529,2104,425,0,0,0,5.00, 2.50, 14.71, 3.69, 2602,On
8.88,31.19,777.53,2178.50,32.00,213.00,0.21,53.27,0.10,25.58,0.00,59.09,515.00,18.87,24.30,2339,1925,401,0,0,0,5.00, 2.50, 14.71, 3.69, 2608,On
8.63,31.16,774.52,2209.57,32.00,213.00,0.21,28.75,-9.31,14.56,-17.00,33.54,630.00,18.19,24.73,2208,1803,396,0,0,0,5.00, 2.50, 14.71, 3.69, 2613,On
8.44,31.13,771.52,2240.67,33.00,222.00,0.22,15.85,11.64,23.93,36.00,30.98,0.00,15.97,24.63,1980,1617,361,0,0,0,5.00, 2.50, 14.71, 3.69, 2619,On
8.31,31.10,768.54,2271.64,34.00,229.00,0.23,33.92,3.71,18.96,6.00,39.03,0.00,18.59,25.69,1846,1514,339,0,0,0,5.00, 2.50, 14.71, 3.69, 2625,On
8.13,31.06,765.56,2302.70,31.00,206.00,0.21,33.56,-28.37,16.39,-40.00,46.90,236.00,20.15,24.37,1799,1478,334,0,0,0,5.00, 2.50, 14.71, 3.69, 2630,On
7.88,31.02,762.60,2333.70,30.00,200.00,0.20,44.39,-7.33,17.77,-9.00,48.37,766.00,18.67,23.29,1875,1533,358,0,0,0,5.00, 2.50, 14.71, 3.69, 2636,On
7.69,30.99,759.63,2364.84,32.00,211.00,0.21,35.18,-36.35,18.64,-45.00,53.91,0.00,19.57,23.58,2038,1662,388,0,0,0,5.00, 2.50, 14.71, 3.69, 2641,On
7.38,30.96,756.68,2395.92,27.00,178.00,0.18,2.64,-13.48,20.56,-78.00,24.72,0.00,16.77,24.35,2261,1846,412,0,0,0,5.00, 2.50, 14.71, 3.69, 2647,On
7.06,30.93,753.74,2426.98,22.00,145.00,0.15,15.06,-45.85,25.31,-71.00,54.49,195.00,15.83,25.39,2564,2105,457,2,0,0,5.00, 2.50, 14.71, 3.69, 2652,On
6.81,30.90,750.76,2458.58,16.00,106.00,0.11,14.58,-38.93,20.96,-69.00,46.56,611.00,16.31,26.49,2781,2308,496,1,0,0,5.00, 2.50, 14.71, 3.69, 2658,On
6.63,30.87,747.78,2490.28,19.00,128.00,0.13,34.04,-7.02,15.31,-11.00,37.98,68.00,17.01,26.73,3009,2517,559,8,0,0,5.00, 2.50, 14.71, 3.69, 2664,On
6.44,30.84,744.96,2520.33,19.00,130.00,0.13,41.75,9.04,24.06,12.00,49.03,186.00,16.62,27.20,3262,2740,624,20,0,0,5.00, 2.50, 14.71, 3.69, 2669,On
6.31,30.80,742.07,2551.30,21.00,142.00,0.14,23.60,-7.17,14.92,-16.00,28.82,207.00,17.94,26.84,3625,3055,715,30,0,0,5.00, 2.50, 14.71, 3.69, 2675,On
6.19,30.77,739.21,2581.88,25.00,168.00,0.17,38.43,-4.02,17.77,-5.00,42.53,561.00,17.25,23.77,4552,3873,981,57,0,0,5.00, 2.50, 14.71, 3.69, 2680,On
6.19,30.74,736.30,2613.26,27.00,181.00,0.18,33.72,8.63,22.29,14.00,41.34,399.00,17.93,21.71,6917,5979,1762,140,0,0,5.00, 2.50, 14.71, 3.69, 2686,On
6.31,30.70,733.34,2645.18,25.00,170.00,0.17,23.43,-2.64,15.81,-6.00,28.39,530.00,18.87,20.77,8751,7616,2462,254,0,0,5.00, 2.50, 14.71, 3.69, 2692,On
6.25,30.67,730.40,2677.12,26.00,174.00,0.17,28.14,-33.13,16.68,-49.00,46.56,519.00,18.31,19.20,9703,8463,2878,351,0,0,5.00, 2.50, 14.71, 3.69, 2697,On
6.19,30.64,727.50,2708.58,24.00,158.00,0.16,51.96,-12.14,21.42,-13.00,57.50,380.00,19.08,19.04,9895,8620,2996,392,0,0,5.00, 2.50, 14.71, 3.69, 2703,On
6.19,30.60,724.57,2740.54,24.00,158.00,0.16,36.93,-8.06,16.39,-12.00,41.20,474.00,19.90,18.38,9836,8567,3030,425,0,0,5.00, 2.50, 14.71, 3.69, 2708,On
6.19,30.57,721.67,2772.32,23.00,152.00,0.15,33.29,-26.10,15.58,-38.00,45.08,273.00,19.38,17.73,9741,8484,3058,469,0,0,5.00, 2.50, 14.71, 3.69, 2714,On
6.19,30.53,718.72,2804.71,32.00,213.00,0.21,5.08,10.60,27.39,64.00,29.81,210.00,17.65,17.34,9144,7939,2790,411,0,0,5.00, 2.50, 14.71, 3.69, 2719,On
6.19,30.50,715.77,2837.15,25.00,170.00,0.17,20.87,-10.33,15.50,-26.00,27.98,381.00,15.31,15.81,8980,7778,2554,320,0,0,5.00, 2.50, 14.71, 3.69, 2725,On
6.19,30.47,712.79,2870.07,25.00,166.00,0.17,23.35,-9.23,15.23,-21.00,29.36,555.00,14.77,15.06,8182,7079,2256,266,0,0,5.00, 2.50, 14.71, 3.69, 2731,On
6.25,30.43,709.79,2903.33,26.00,172.00,0.17,30.00,-12.98,14.68,-23.00,35.83,307.00,15.49,15.39,5872,5067,1582,170,0,0,5.00, 2.50, 14.71, 3.69, 2736,On
6.25,30.39,706.78,2936.85,26.00,177.00,0.18,41.79,-16.62,16.52,-21.00,47.91,231.00,14.60,16.54,4205,3619,1114,105,0,0,5.00, 2.50, 14.71, 3.69, 2742,On
6.19,30.36,703.77,2970.38,25.00,166.00,0.17,35.58,-7.63,16.33,-12.00,39.89,355.00,15.28,18.16,2750,2358,711,45,0,0,5.00, 2.50, 14.71, 3.69, 2747,On
6.13,30.33,700.77,3004.05,25.00,170.00,0.17,21.93,-24.77,14.79,-48.00,36.24,131.00,15.93,19.00,1909,1627,479,10,0,0,5.00, 2.50, 14.71, 3.69, 2753,On
6.06,30.30,697.74,3038.09,25.00,168.00,0.17,22.25,10.98,22.75,26.00,33.66,0.00,15.25,19.89,1216,1033,285,0,0,0,5.00, 2.50, 14.71, 3.69, 2759,On
6.06,30.27,694.71,3072.29,38.00,251.00,0.25,41.67,-20.12,16.75,-25.00,49.21,873.00,13.23,19.91,849,718,177,0,0,0,5.00, 2.50, 14.71, 3.69, 2764,On
5.94,30.23,691.66,3106.80,49.00,324.00,0.32,46.14,-22.02,18.83,-25.00,54.48,885.00,13.73,20.36,635,528,108,0,0,0,5.00, 2.50, 14.71, 3.69, 2770,On
5.94,30.20,688.61,3141.51,45.00,298.00,0.30,14.58,-23.08,16.68,-57.00,32.00,473.00,13.90,19.76,505,418,65,0,0,0,5.00, 2.50, 14.71, 3.69, 2775,On
6.00,30.17,685.55,3176.40,53.00,356.00,0.36,49.67,-5.92,20.92,-6.00,54.22,55.00,14.32,19.68,325,267,15,0,0,0,5.00, 2.50, 14.71, 3.69, 2781,On
5.81,30.14,682.51,3211.17,47.00,313.00,0.31,37.00,-1.31,18.29,-2.00,41.30,351.00,13.55,19.09,232,190,1,0,0,0,5.00, 2.50, 14.71, 3.69, 2786,On
5.88,30.10,679.46,3246.15,43.00,284.00,0.28,2.60,-4.02,22.17,-57.00,22.68,0.00,15.01,19.30,151,125,0,0,0,0,5.00, 2.50, 14.71, 3.69, 2792,On
5.94,30.06,676.46,3280.80,38.00,254.00,0.25,44.29,-12.46,17.31,-15.00,49.16,257.00,16.24,18.45,96,76,0,0,0,0,5.00, 2.50, 14.71, 3.69, 2798,On
5.88,30.03,673.47,3315.33,38.00,257.00,0.26,46.42,-20.37,18.47,-23.00,53.95,372.00,15.52,17.36,73,54,0,0,0,0,5.00, 2.50, 14.71, 3.69, 2803,On
5.81,29.99,670.46,3350.32,39.00,260.00,0.26,25.62,-2.50,16.52,-5.00,30.59,342.00,15.31,16.85,42,28,0,0,0,0,5.00, 2.50, 14.71, 3.69, 2809,On
5.63,29.96,667.47,3385.16,39.00,263.00,0.26,6.83,9.60,26.06,54.00,28.60,854.00,13.49,16.47,15,7,0,0,0,0,5.00, 2.50, 14.71, 3.69, 2814,On
5.56,29.93,664.46,3420.41,40.00,265.00,0.27,41.27,-3.83,18.43,-5.00,45.36,305.00,13.84,16.74,1,0,0,0,0,0,5.00, 2.50, 14.71, 3.69, 2820,On
5.44,29.90,661.46,3455.52,43.00,284.00,0.28,31.79,-25.14,15.00,-38.00,43.22,49.00,15.52,17.45,0,0,0,0,0,0,5.00, 2.50, 14.71, 3.69, 2825,On
5.44,29.86,658.48,3490.71,42.00,278.00,0.28,39.77,-6.29,16.96,-8.00,43.69,221.00,16.26,17.17,0,0,0,0,0,0,5.00, 2.50, 14.71, 3.69, 2831,On
5.25,29.82,655.60,3524.71,44.00,291.00,0.29,41.56,-22.52,16.96,-28.00,50.22,325.00,17.00,16.73,0,0,0,0,0,0,5.00, 2.50, 14.71, 3.69, 2837,On
5.19,29.79,652.72,3558.87,40.00,267.00,0.27,35.18,-14.88,14.88,-22.00,40.99,0.00,17.35,16.34,0,0,0,0,0,0,5.00, 2.50, 14.71, 3.69, 2842,On
5.06,29.75,649.93,3592.12,40.00,270.00,0.27,7.18,1.48,21.10,11.00,22.34,394.00,14.94,15.74,0,0,0,0,0,0,5.00, 2.50, 14.71, 3.69, 2848,On
5.00,29.72,647.13,3625.61,34.00,225.00,0.23,1.37,13.06,33.75,83.00,36.21,721.00,14.94,15.93,4,0,0,0,0,0,5.00, 2.50, 14.71, 3.69, 2853,On
4.75,29.69,644.34,3659.08,36.00,244.00,0.24,7.63,-14.68,17.62,-62.00,24.17,400.00,13.80,15.45,4,0,0,0,0,0,5.00, 2.50, 14.71, 3.69, 2859,On
4.63,29.65,641.59,3692.17,37.00,249.00,0.25,41.43,-15.81,16.52,-20.00,47.32,147.00,14.95,15.66,0,0,0,0,0,0,5.00, 2.50, 14.71, 3.69, 2865,On
4.38,29.62,638.84,3725.28,34.00,229.00,0.23,17.00,-3.83,17.46,-12.00,24.67,540.00,14.47,15.51,1,0,0,0,0,0,5.00, 2.50, 14.71, 3.69, 2870,On
4.19,29.58,636.07,3758.96,34.00,227.00,0.23,7.27,-22.71,17.93,-72.00,29.83,370.00,15.05,15.14,3,0,0,0,0,0,5.00, 2.50, 14.71, 3.69, 2876,On
3.94,29.54,633.25,3793.24,32.00,213.00,0.21,21.50,3.38,19.00,8.00,28.89,550.00,13.25,14.77,1,0,0,0,0,0,5.00, 2.50, 14.71, 3.69, 2881,On
3.81,29.50,630.45,3827.32,39.00,258.00,0.26,34.08,5.56,20.21,9.00,40.01,217.00,15.04,15.19,0,0,0,0,0,0,5.00, 2.50, 14.71, 3.69, 2887,On
3.75,29.46,627.69,3861.22,40.00,264.00,0.26,17.75,-32.00,17.27,-60.00,40.46,235.00,15.69,15.03,0,0,0,0,0,0,5.00, 2.50, 14.71, 3.69, 2892,On
3.50,29.42,624.97,3894.64,37.00,245.00,0.25,5.17,-9.52,19.81,-61.00,22.58,322.00,16.32,14.51,0,0,0,0,0,0,5.00, 2.50, 14.71, 3.69, 2898,On
3.44,29.39,622.28,3927.72,32.00,213.00,0.21,10.27,-21.42,17.71,-64.00,29.63,357.00,16.88,14.07,5,2,0,0,0,0,5.00, 2.50, 14.71, 3.69, 2904,On
3.25,29.34,619.68,3959.98,32.00,213.00,0.21,32.72,-23.92,14.92,-36.00,43.19,475.00,15.56,13.77,12,4,0,0,0,0,5.00, 2.50, 14.71, 3.69, 2909,On
3.00,29.31,617.13,3991.57,37.00,249.00,0.25,50.18,-5.23,21.58,-5.00,54.88,68.00,16.15,13.73,7,1,0,0,0,0,5.00, 2.50, 14.71, 3.69, 2915,On
2.75,29.28,614.66,4022.43,44.00,294.00,0.29,34.67,-0.47,17.67,0.00,38.91,154.00,16.60,13.73,3,0,0,0,0,0,5.00, 2.50, 14.71, 3.69, 2920,On
2.56,29.25,612.16,4053.67,48.00,320.00,0.32,13.35,-20.42,16.56,-56.00,29.48,459.00,17.26,13.59,8,0,0,0,0,0,5.00, 2.50, 14.71, 3.69, 2926,On
2.31,29.21,609.67,4084.91,47.00,316.00,0.32,9.83,-35.47,21.04,-74.00,42.40,389.00,17.25,13.21,19,3,0,0,0,0,5.00, 2.50, 14.71, 3.69, 2932,On
2.19,29.19,607.17,4116.38,45.00,299.00,0.30,8.14,3.75,21.42,24.00,23.22,384.00,17.69,13.01,43,9,0,0,0,0,5.00, 2.50, 14.71, 3.69, 2937,On
2.06,29.16,604.70,4147.55,45.00,304.00,0.30,35.06,-9.39,16.64,-14.00,39.93,182.00,18.05,12.80,49,6,0,0,0,0,5.00, 2.50, 14.71, 3.69, 2943,On
1.81,29.12,602.22,4178.96,41.00,271.00,0.27,31.31,-2.85,16.75,-5.00,35.62,344.00,17.32,12.57,42,0,0,0,0,0,5.00, 2.50, 14.71, 3.69, 2948,On
1.56,29.08,599.79,4209.83,39.00,258.00,0.26,29.42,-14.68,14.52,-26.00,35.94,658.00,14.95,11.02,26,0,0,0,0,0,5.00, 2.50, 14.71, 3.69, 2954,On
1.44,29.04,597.28,4241.76,39.00,258.00,0.26,-0.42,-32.56,24.87,-90.00,40.98,0.00,15.59,10.38,12,0,0,0,0,0,5.00, 2.50, 14.71, 3.69, 2959,On
1.31,29.00,594.84,4273.06,34.00,231.00,0.23,12.88,-1.73,18.02,-7.00,22.21,0.00,14.73,10.03,5,0,0,0,0,0,5.00, 2.50, 14.71, 3.69, 2965,On
1.19,28.97,592.42,4304.09,30.00,199.00,0.20,42.54,-27.72,17.67,-33.00,53.76,607.00,12.18,9.63,0,0,0,0,0,0,5.00, 2.50, 14.71, 3.69, 2971,On
1.00,28.93,589.98,4335.57,25.00,166.00,0.17,20.83,3.79,19.71,10.00,28.93,482.00,9.45,9.33,0,0,0,0,0,0,5.00, 2.50, 14.71, 3.69, 2976,On
0.88,28.90,587.51,4367.48,23.00,152.00,0.15,14.42,-14.23,16.02,-44.00,25.82,0.00,11.06,9.80,0,0,0,0,0,0,5.00, 2.50, 14.71, 3.69, 2982,On
0.69,28.86,585.01,4399.81,29.00,195.00,0.20,36.10,-32.89,17.31,-42.00,51.81,377.00,10.32,10.03,0,0,0,0,0,0,5.00, 2.50, 14.71, 3.69, 2987,On
0.50,28.82,582.54,4431.99,31.00,205.00,0.21,-5.38,-8.58,27.71,-122.00,29.50,588.00,8.93,9.93,0,0,0,0,0,0,5.00, 2.50, 14.71, 3.69, 2993,On
0.37,28.79,580.05,4464.52,34.00,227.00,0.23,10.08,-24.21,17.67,-67.00,31.62,588.00,8.93,9.93,0,0,0,0,0,0,5.00, 2.50, 14.71, 3.69, 2999,On
0.19,28.75,577.57,4497.03,32.00,213.00,0.21,0.67,-22.87,22.83,-88.00,32.33,588.00,8.93,9.93,0,0,0,0,0,0,5.00, 2.50, 14.71, 3.69, 3004,On
0.00,28.71,575.06,4530.02,39.00,258.00,0.26,7.27,-9.71,19.10,-53.00,22.62,588.00,8.93,9.93,0,0,0,0,0,0,5.00, 2.50, 14.71, 3.69, 3010,On
-0.12,28.68,572.62,4562.12,41.00,271.00,0.27,26.47,12.63,25.81,25.00,39.07,588.00,8.93,9.93,0,0,0,0,0,0,5.00, 2.50, 14.71, 3.69, 3015,On
-0.31,28.64,570.19,4594.39,43.00,284.00,0.28,10.54,-11.33,17.81,-47.00,23.59,588.00,8.93,9.93,0,0,0,0,0,0,5.00, 2.50, 14.71, 3.69, 3021,On
-0.50,28.60,567.71,4627.32,45.00,303.00,0.30,24.75,-35.35,17.31,-55.00,46.49,588.00,8.93,9.93,0,0,0,0,0,0,5.00, 2.50, 14.71, 3.69, 3026,On
-0.69,28.57,565.27,4659.87,47.00,313.00,0.31,3.08,-4.23,21.97,-53.00,22.59,0.00,8.67,10.02,0,0,0,0,0,0,5.00, 2.50, 14.71, 3.69, 3032,On
-0.94,28.53,562.84,4692.33,43.00,285.00,0.29,24.39,-33.29,16.60,-53.00,44.48,0.00,10.07,10.77,8,4,1,0,0,0,5.00, 2.50, 14.71, 3.69, 3038,On
-1.19,28.49,560.39,4725.20,49.00,325.00,0.33,49.54,-16.62,19.67,-18.00,55.83,0.00,10.07,10.77,9,4,1,0,0,0,5.00, 2.50, 14.71, 3.69, 3043,On
-1.44,28.46,557.92,4758.49,48.00,320.00,0.32,12.48,-0.88,20.60,-4.00,24.10,2509.00,8.69,10.55,1,0,0,0,0,0,5.00, 2.50, 14.71, 3.69, 3049,On
-1.56,28.42,555.55,4790.59,48.00,324.00,0.32,40.17,-19.85,16.47,-26.00,47.74,206.00,10.97,11.09,0,0,0,0,0,0,5.00, 2.50, 14.71, 3.69, 3054,On
-1.81,28.38,553.11,4823.71,50.00,334.00,0.33,15.93,-46.64,25.31,-71.00,55.41,650.00,11.38,10.86,0,0,0,0,0,0,5.00, 2.50, 14.71, 3.69, 3060,On
-2.19,28.34,550.60,4857.84,47.00,317.00,0.32,18.42,7.13,21.46,21.00,29.16,586.00,11.04,10.15,0,0,0,0,0,0,5.00, 2.50, 14.71, 3.69, 3065,On
-2.44,28.30,548.15,4891.31,44.00,291.00,0.29,42.06,-5.92,17.97,-8.00,46.12,523.00,9.86,9.60,14,3,0,0,0,0,5.00, 2.50, 14.71, 3.69, 3071,On
-2.69,28.25,545.69,4925.00,38.00,251.00,0.25,22.37,-36.92,18.08,-58.00,46.80,470.00,8.08,9.54,107,52,0,0,0,0,5.00, 2.50, 14.71, 3.69, 3077,On
-2.94,28.21,543.24,4958.76,41.00,271.00,0.27,39.77,-29.97,17.58,-37.00,52.81,0.00,9.07,9.51,301,174,0,0,0,0,5.00, 2.50, 14.71, 3.69, 3082,On
-3.31,28.18,540.87,4991.59,42.00,284.00,0.28,5.64,-14.21,18.87,-68.00,24.29,608.00,6.44,9.25,789,501,0,0,0,0,5.00, 2.50, 14.71, 3.69, 3088,On
-3.56,28.14,538.46,5024.93,55.00,370.00,0.37,-1.02,-26.27,23.58,-92.00,35.31,1047.00,5.06,9.11,3092,2010,0,0,0,0,5.00, 2.50, 14.71, 3.69, 3093,On
-3.75,28.10,536.09,5057.99,55.00,367.00,0.37,26.21,-39.83,19.00,-56.00,51.33,278.00,5.80,9.29,5680,3573,0,0,0,0,5.00, 2.50, 14.71, 3.69, 3099,On
-4.00,28.07,533.74,5090.76,52.00,345.00,0.35,-1.46,-21.27,22.25,-93.00,30.81,275.00,4.82,9.29,6771,4001,0,0,0,0,5.00, 2.50, 14.71, 3.69, 3105,On
-4.25,28.03,531.48,5122.36,49.00,329.00,0.33,17.97,-34.83,18.52,-62.00,43.35,275.00,4.82,9.29,6395,3546,0,0,0,0,5.00, 2.50, 14.71, 3.69, 3110,On
-4.44,27.99,529.16,5155.04,48.00,324.00,0.32,44.52,-16.25,17.85,-20.00,50.64,275.00,4.82,9.29,4700,2513,0,0,0,0,5.00, 2.50, 14.71, 3.69, 3116,On
-4.63,27.96,526.81,5188.28,47.00,312.00,0.31,6.04,-30.27,20.64,-78.00,37.13,275.00,4.82,9.29,3256,1725,0,0,0,0,5.00, 2.50, 14.71, 3.69, 3121,On
-4.88,27.92,524.44,5221.73,50.00,336.00,0.34,34.88,-28.43,16.08,-39.00,47.78,275.00,4.82,9.29,2090,1091,0,0,0,0,5.00, 2.50, 14.71, 3.69, 3127,On
-5.13,27.88,522.11,5254.87,36.00,238.00,0.24,28.18,2.64,18.47,5.00,33.80,275.00,4.82,9.29,1436,738,0,0,0,0,5.00, 2.50, 14.71, 3.69, 3132,On
-5.38,27.84,519.80,5287.88,33.00,218.00,0.22,33.77,2.00,19.14,3.00,38.87,275.00,4.82,9.29,907,453,0,0,0,0,5.00, 2.50, 14.71, 3.69, 3138,On
-5.63,27.80,517.42,5321.93,52.00,344.00,0.34,30.00,-37.52,17.67,-51.00,51.18,275.00,4.82,9.29,614,295,0,0,0,0,5.00, 2.50, 14.71, 3.69, 3144,On
-5.88,27.76,515.02,5356.44,67.00,445.00,0.45,16.43,-35.63,18.56,-65.00,43.40,275.00,4.82,9.29,372,170,0,0,0,0,5.00, 2.50, 14.71, 3.69, 3149,On
-6.00,27.72,512.63,5390.89,64.00,427.00,0.43,15.93,-3.71,18.43,-13.00,24.65,275.00,4.82,9.29,260,116,0,0,0,0,5.00, 2.50, 14.71, 3.69, 3155,On
-6.25,27.68,510.33,5424.22,69.00,463.00,0.46,22.93,3.63,18.92,8.00,29.95,0.00,3.44,9.07,145,56,0,0,0,0,5.00, 2.50, 14.71, 3.69, 3160,On
-6.44,27.64,508.00,5458.09,72.00,478.00,0.48,30.00,-32.81,16.96,-47.00,47.58,68.00,2.92,9.69,86,17,0,0,0,0,5.00, 2.50, 14.71, 3.69, 3166,On
-6.75,27.60,505.70,5491.68,69.00,462.00,0.46,38.00,-40.04,20.43,-46.00,58.86,68.00,2.92,9.69,96,3,0,0,0,0,5.00, 2.50, 14.71, 3.69, 3171,On
-7.00,27.56,503.42,5525.01,70.00,466.00,0.47,30.87,-23.39,14.96,-37.00,41.52,68.00,2.92,9.69,189,11,0,0,0,0,5.00, 2.50, 14.71, 3.69, 3177,On
-7.19,27.52,501.14,5558.62,67.00,448.00,0.45,26.92,-13.56,14.43,-26.00,33.42,111.00,3.17,9.00,216,8,0,0,0,0,5.00, 2.50, 14.71, 3.69, 3183,On
-7.44,27.48,498.81,5592.91,68.00,452.00,0.45,0.58,-6.60,22.83,-84.00,23.78,193.00,4.45,9.07,144,0,0,0,0,0,5.00, 2.50, 14.71, 3.69, 3188,On
-7.56,27.44,496.53,5626.61,58.00,384.00,0.38,35.89,-29.46,16.47,-39.00,49.27,343.00,4.79,9.00,85,0,0,0,0,0,5.00, 2.50, 14.71, 3.69, 3194,On
-7.81,27.40,494.26,5660.37,63.00,417.00,0.42,20.92,7.17,19.77,18.00,29.66,321.00,6.24,9.00,32,0,0,0,0,0,5.00, 2.50, 14.71, 3.69, 3199,On
-8.00,27.35,491.98,5694.37,71.00,470.00,0.47,10.63,3.14,21.35,16.00,24.05,134.00,7.04,9.03,7,0,0,0,0,0,5.00, 2.50, 14.71, 3.69, 3205,On
-8.19,27.31,489.71,5728.34,64.00,426.00,0.43,30.79,-32.08,16.12,-46.00,47.30,382.00,6.48,8.45,0,0,0,0,0,0,5.00, 2.50, 14.71, 3.69, 3211,On
-8.56,27.27,487.48,5761.97,58.00,384.00,0.38,14.00,8.02,23.22,29.00,28.28,479.00,6.55,8.36,0,0,0,0,0,0,5.00, 2.50, 14.71, 3.69, 3216,On
-8.88,27.23,485.20,5796.33,60.00,403.00,0.40,30.87,-36.04,17.77,-49.00,50.67,379.00,7.63,8.42,0,0,0,0,0,0,5.00, 2.50, 14.71, 3.69, 3222,On
-9.13,27.18,482.88,5831.39,61.00,406.00,0.41,12.64,-18.87,16.33,-56.00,27.98,253.00,9.07,8.31,0,0,0,0,0,0,5.00, 2.50, 14.71, 3.69, 3227,On
-9.31,27.13,480.64,5865.54,63.00,417.00,0.42,45.97,-11.33,18.92,-13.00,50.99,520.00,6.48,7.87,0,0,0,0,0,0,5.00, 2.50, 14.71, 3.69, 3233,On
-9.63,27.09,478.38,5899.96,59.00,395.00,0.40,26.29,-9.39,15.54,-19.00,31.95,928.00,3.89,7.36,2,0,0,0,0,0,5.00, 2.50, 14.71, 3.69, 3239,On
-10.00,27.04,476.08,5935.26,57.00,384.00,0.38,0.37,-13.31,21.77,-88.00,25.52,0.00,3.88,7.30,8,0,0,0,0,0,5.00, 2.50, 14.71, 3.69, 3244,On
-10.13,26.99,473.79,5970.48,59.00,394.00,0.39,10.35,-37.08,21.00,-74.00,43.86,0.00,5.70,7.81,6,0,0,0,0,0,5.00, 2.50, 14.71, 3.69, 3250,On
-10.44,26.94,471.54,6005.17,89.00,589.00,0.59,44.29,-21.67,17.89,-26.00,52.45,717.00,3.88,7.61,0,0,0,0,0,0,5.00, 2.50, 14.71, 3.69, 3255,On
-10.81,26.90,469.31,6039.71,114.00,754.00,0.75,-5.43,-15.13,25.50,-109.00,30.14,511.00,1.98,7.34,0,0,0,0,0,0,5.00, 2.50, 14.71, 3.69, 3261,On
-11.19,26.85,467.03,6075.20,99.00,655.00,0.66,42.93,-25.10,17.77,-30.00,52.81,406.00,1.25,7.40,0,0,0,0,0,0,5.00, 2.50, 14.71, 3.69, 3266,On
-11.44,26.80,464.77,6110.48,112.00,746.00,0.75,26.64,-36.92,18.02,-54.00,48.96,0.00,2.41,7.78,0,0,0,0,0,0,5.00, 2.50, 14.71, 3.69, 3272,On
-11.88,26.76,462.52,6145.69,96.00,640.00,0.64,17.58,-42.46,21.22,-67.00,50.62,27.00,1.46,7.78,0,0,0,0,0,0,5.00, 2.50, 14.71, 3.69, 3278,On
-12.25,26.71,460.27,6181.11,91.00,604.00,0.60,25.81,-6.17,15.23,-13.00,30.59,165.00,-0.22,7.74,0,0,0,0,0,0,5.00, 2.50, 14.71, 3.69, 3283,On
-12.50,26.67,458.01,6216.94,84.00,558.00,0.56,3.71,-34.50,22.83,-83.00,41.54,183.00,-0.25,7.84,0,0,0,0,0,0,5.00, 2.50, 14.71, 3.69, 3289,On
-12.69,26.62,455.73,6253.02,83.00,551.00,0.55,17.75,-37.38,19.04,-64.00,45.55,112.00,-0.25,7.93,0,0,0,0,0,0,5.00, 2.50, 14.71, 3.69, 3294,On
-12.88,26.57,453.58,6287.30,87.00,576.00,0.58,14.31,-27.96,17.10,-62.00,35.76,0.00,1.91,8.48,0,0,0,0,0,0,5.00, 2.50, 14.71, 3.69, 3300,On
-13.06,26.52,451.45,6321.37,93.00,618.00,0.62,27.71,-16.17,14.25,-30.00,35.10,62.00,3.38,8.85,0,0,0,0,0,0,5.00, 2.50, 14.71, 3.69, 3306,On
-13.38,26.48,449.33,6355.34,88.00,588.00,0.59,40.13,-37.00,19.81,-42.00,58.06,285.00,3.99,8.48,0,0,0,0,0,0,5.00, 2.50, 14.71, 3.69, 3311,On
-13.75,26.43,447.20,6389.69,77.00,509.00,0.51,27.87,-28.47,15.46,-45.00,42.74,223.00,4.75,8.35,0,0,0,0,0,0,5.00, 2.50, 14.71, 3.69, 3317,On
-14.00,26.39,445.05,6424.53,71.00,470.00,0.47,22.10,7.98,21.62,19.00,31.93,352.00,5.17,8.13,0,0,0,0,0,0,5.00, 2.50, 14.71, 3.69, 3322,On
-14.31,26.34,442.88,6459.76,67.00,443.00,0.44,42.10,-14.04,16.75,-18.00,47.44,452.00,5.02,7.90,0,0,0,0,0,0,5.00, 2.50, 14.71, 3.69, 3328,On
-14.56,26.29,440.70,6495.31,64.00,426.00,0.43,7.71,-3.33,19.46,-23.00,21.19,483.00,4.48,7.63,0,0,0,0,0,0,5.00, 2.50, 14.71, 3.69, 3334,On
-14.94,26.24,438.51,6531.08,64.00,426.00,0.43,6.52,-37.13,23.14,-80.00,44.23,288.00,4.76,7.59,0,0,0,0,0,0,5.00, 2.50, 14.71, 3.69, 3339,On
-15.31,26.19,436.33,6567.02,75.00,497.00,0.50,17.97,-6.81,16.43,-20.00,25.29,279.00,3.99,7.22,1,0,0,0,0,0,5.00, 2.50, 14.71, 3.69, 3345,On
-15.56,26.14,434.18,6602.45,82.00,548.00,0.55,-4.10,-39.35,30.60,-95.00,50.02,152.00,5.22,7.40,0,0,0,0,0,0,5.00, 2.50, 14.71, 3.69, 3350,On
-15.88,26.08,431.99,6638.68,83.00,551.00,0.55,16.92,-42.42,21.27,-68.00,50.37,109.00,5.97,7.46,0,0,0,0,0,0,5.00, 2.50, 14.71, 3.69, 3356,On
-16.25,26.03,429.79,6675.36,84.00,560.00,0.56,15.10,2.17,20.25,8.00,25.35,439.00,5.09,7.24,0,0,0,0,0,0,5.00, 2.50, 14.71, 3.69, 3361,On
-16.50,25.98,427.59,6712.06,87.00,582.00,0.58,16.04,-40.39,21.18,-68.00,48.35,748.00,4.14,7.18,0,0,0,0,0,0,5.00, 2.50, 14.71, 3.69, 3367,On
-16.81,25.93,425.35,6749.61,90.00,601.00,0.60,34.39,-6.89,16.47,-11.00,38.75,77.00,5.03,7.21,0,0,0,0,0,0,5.00, 2.50, 14.71, 3.69, 3373,On
-17.12,25.87,423.14,6786.91,74.00,490.00,0.49,-2.68,-8.42,23.89,-107.00,25.47,313.00,4.52,7.17,0,0,0,0,0,0,5.00, 2.50, 14.71, 3.69, 3378,On
-17.37,25.82,421.04,6822.41,91.00,602.00,0.60,23.35,-12.29,15.54,-27.00,30.62,208.00,4.18,6.75,0,0,0,0,0,0,5.00, 2.50, 14.71, 3.69, 3384,On
-17.69,25.76,418.90,6858.81,106.00,701.00,0.70,8.29,-33.21,20.21,-75.00,39.75,343.00,3.51,6.73,0,0,0,0,0,0,5.00, 2.50, 14.71, 3.69, 3389,On
-18.12,25.71,416.76,6895.39,128.00,853.00,0.85,29.54,-42.77,21.14,-55.00,56.11,730.00,2.01,6.94,0,0,0,0,0,0,5.00, 2.50, 14.71, 3.69, 3395,On
-18.44,25.65,414.61,6932.13,122.00,810.00,0.81,24.35,11.46,24.33,25.00,36.28,0.00,3.58,7.07,0,0,0,0,0,0,5.00, 2.50, 14.71, 3.69, 3401,On
-18.69,25.60,412.45,6969.39,112.00,746.00,0.75,3.23,-4.35,21.46,-53.00,22.13,97.00,4.06,7.26,0,0,0,0,0,0,5.00, 2.50, 14.71, 3.69, 3406,On
-19.00,25.54,410.33,7005.94,102.00,680.00,0.68,17.54,1.64,20.43,5.00,26.98,211.00,5.00,7.33,0,0,0,0,0,0,5.00, 2.50, 14.71, 3.69, 3412,On
-19.31,25.49,408.20,7042.85,111.00,737.00,0.74,27.67,-9.60,15.18,-19.00,32.99,376.00,1.15,6.84,0,0,0,0,0,0,5.00, 2.50, 14.71, 3.69, 3417,On
-19.69,25.44,406.08,7079.80,110.00,734.00,0.73,19.42,7.58,22.17,21.00,30.43,564.00,-1.57,6.23,0,0,0,0,0,0,5.00, 2.50, 14.71, 3.69, 3423,On
-20.06,25.38,403.95,7117.13,106.00,703.00,0.70,38.67,-19.85,16.12,-27.00,46.36,0.00,-2.41,6.07,0,0,0,0,0,0,5.00, 2.50, 14.71, 3.69, 3429,On
-20.44,25.33,401.85,7153.95,102.00,677.00,0.68,0.10,-28.42,23.22,-89.00,36.70,0.00,-2.41,6.07,5,0,0,0,0,0,5.00, 2.50, 14.71, 3.69, 3434,On
-20.81,25.28,399.73,7191.43,113.00,748.00,0.75,21.18,-26.39,15.58,-51.00,37.26,0.00,-2.41,6.07,6,0,0,0,0,0,5.00, 2.50, 14.71, 3.69, 3440,On
-21.12,25.22,397.61,7228.91,121.00,801.00,0.80,25.54,4.48,21.62,9.00,33.76,0.00,-2.41,6.07,0,0,0,0,0,0,5.00, 2.50, 14.71, 3.69, 3445,On
-21.44,25.17,395.55,7265.65,123.00,814.00,0.81,33.52,-29.08,16.12,-40.00,47.21,0.00,-2.41,6.07,0,0,0,0,0,0,5.00, 2.50, 14.71, 3.69, 3451,On
-21.69,25.11,393.45,7303.07,115.00,765.00,0.77,22.18,3.98,20.60,10.00,30.53,0.00,-2.41,6.07,1,1,0,0,0,0,5.00, 2.50, 14.71, 3.69, 3456,On
-21.87,25.06,391.33,7341.15,116.00,768.00,0.77,26.29,4.58,21.27,9.00,34.13,0.00,-2.41,6.07,1,1,0,0,0,0,5.00, 2.50, 14.71, 3.69, 3462,On
-22.06,25.01,389.18,7379.96,116.00,770.00,0.77,18.06,-1.81,17.89,-5.00,25.48,0.00,-2.41,6.07,6,0,0,0,0,0,5.00, 2.50, 14.71, 3.69, 3468,On
-22.19,24.96,387.18,7416.04,116.00,772.00,0.77,38.00,-6.93,17.81,-10.00,42.53,0.00,-2.41,6.07,7,0,0,0,0,0,5.00, 2.50, 14.71, 3.69, 3473,On
-22.31,24.91,385.20,7452.06,126.00,836.00,0.84,10.75,-21.50,17.27,-63.00,29.60,0.00,-2.41,6.07,1,0,0,0,0,0,5.00, 2.50, 14.71, 3.69, 3479,On
-22.37,24.86,383.23,7488.08,131.00,869.00,0.87,-0.18,-33.64,24.72,-90.00,41.75,0.00,-2.41,6.07,0,0,0,0,0,0,5.00, 2.50, 14.71, 3.69, 3484,On
-22.69,24.80,381.27,7524.06,131.00,867.00,0.87,15.96,-37.46,19.35,-66.00,45.08,0.00,-2.41,6.07,0,0,0,0,0,0,5.00, 2.50, 14.71, 3.69, 3490,On
-22.94,24.75,379.38,7558.90,138.00,918.00,0.92,30.87,-26.54,15.50,-40.00,43.57,0.00,-2.41,6.07,0,0,0,0,0,0,5.00, 2.50, 14.71, 3.69, 3496,On
-23.12,24.69,377.46,7594.24,124.00,821.00,0.82,-7.06,-9.71,27.50,-126.00,30.01,0.00,-2.41,6.07,0,0,0,0,0,0,5.00, 2.50, 14.71, 3.69, 3501,On
-23.31,24.64,375.54,7629.94,124.00,821.00,0.82,9.52,-35.06,20.64,-74.00,41.78,0.00,-2.41,6.07,5,0,0,0,0,0,5.00, 2.50, 14.71, 3.69, 3507,On
-23.56,24.59,373.60,7666.07,135.00,894.00,0.89,4.89,-4.39,20.37,-41.00,21.41,0.00,-2.41,6.07,102,31,0,0,0,0,5.00, 2.50, 14.71, 3.69, 3512,On
-23.75,24.54,371.62,7703.05,142.00,942.00,0.94,40.06,-23.21,16.96,-30.00,49.30,0.00,-2.41,6.07,650,323,0,0,0,0,5.00, 2.50, 14.71, 3.69, 3518,On
-23.87,24.48,369.65,7740.21,131.00,868.00,0.87,10.58,-26.92,17.18,-68.00,33.64,40000.00,-10.02,5.78,2381,1343,0,0,0,0,5.00, 2.50, 14.71, 3.69, 3524,On
-24.19,24.43,367.65,7777.92,125.00,829.00,0.83,49.71,-10.68,21.58,-12.00,55.23,179.00,-3.25,6.84,3089,1771,0,0,0,0,5.00, 2.50, 14.71, 3.69, 3529,On
-24.31,24.37,365.66,7815.66,133.00,883.00,0.88,20.43,-32.29,16.92,-57.00,41.79,346.00,-2.11,7.13,2517,1448,0,0,0,0,5.00, 2.50, 14.71, 3.69, 3535,On
-24.50,24.31,363.68,7853.33,142.00,942.00,0.94,-0.63,1.56,26.83,111.00,26.89,306.00,-0.98,7.30,1764,1000,0,0,0,0,5.00, 2.50, 14.71, 3.69, 3540,On
-24.81,24.26,361.66,7891.98,149.00,986.00,0.99,48.08,-24.97,19.93,-27.00,57.73,342.00,-2.44,7.06,1212,671,0,0,0,0,5.00, 2.50, 14.71, 3.69, 3546,On
-25.00,24.20,359.63,7930.97,142.00,945.00,0.95,-8.96,-26.79,30.21,-108.00,41.36,236.00,-3.03,6.80,764,407,0,0,0,0,5.00, 2.50, 14.71, 3.69, 3551,On
-25.37,24.14,357.62,7969.76,141.00,936.00,0.94,38.39,-35.63,18.64,-42.00,55.59,603.00,-6.11,6.43,510,266,0,0,0,0,5.00, 2.50, 14.71, 3.69, 3557,On
-25.62,24.08,355.58,8009.47,132.00,874.00,0.87,33.33,-36.04,18.12,-47.00,52.33,533.00,-7.40,6.07,306,155,0,0,0,0,5.00, 2.50, 14.71, 3.69, 3563,On
-26.00,24.02,353.54,8049.14,129.00,854.00,0.85,37.25,-31.39,17.71,-40.00,51.83,23.00,-6.25,6.11,193,95,0,0,0,0,5.00, 2.50, 14.71, 3.69, 3568,On
-26.19,23.96,351.55,8088.14,130.00,860.00,0.86,23.35,-5.88,15.85,-14.00,28.83,0.00,-4.46,6.45,106,37,0,0,0,0,5.00, 2.50, 14.71, 3.69, 3574,On
-26.50,23.90,349.56,8127.13,152.00,1011.00,1.01,50.46,-27.12,21.27,-28.00,61.11,499.00,-7.96,6.32,65,11,0,0,0,0,5.00, 2.50, 14.71, 3.69, 3579,On
-26.69,23.84,347.59,8166.06,160.00,1064.00,1.06,35.50,-25.83,16.17,-36.00,46.79,587.00,-8.20,6.18,16,0,0,0,0,0,5.00, 2.50, 14.71, 3.69, 3585,On
-26.87,23.78,345.65,8204.55,166.00,1099.00,1.10,9.39,-37.64,21.04,-75.00,44.13,0.00,-9.03,6.15,2,0,0,0,0,0,5.00, 2.50, 14.71, 3.69, 3591,On
-27.19,23.72,343.72,8243.12,160.00,1064.00,1.06,14.98,-7.33,18.08,-26.00,24.60,36.00,-6.63,6.10,1,0,0,0,0,0,5.00, 2.50, 14.71, 3.69, 3596,On
-27.56,23.66,341.82,8281.24,163.00,1082.00,1.08,7.50,-1.17,22.60,-8.00,23.84,36.00,-6.63,6.10,0,0,0,0,0,0,5.00, 2.50, 14.71, 3.69, 3602,On
-27.81,23.60,339.94,8318.97,170.00,1127.00,1.13,16.25,-0.60,20.37,-2.00,26.07,36.00,-6.63,6.10,5,2,0,0,0,0,5.00, 2.50, 14.71, 3.69, 3607,On
-27.87,23.54,338.10,8356.21,171.00,1135.00,1.14,2.79,-15.60,20.79,-79.00,26.14,36.00,-6.63,6.10,5,2,0,0,0,0,5.00, 2.50, 14.71, 3.69, 3613,On
-28.12,23.48,336.40,8390.55,170.00,1129.00,1.13,-2.71,7.21,32.42,110.00,33.32,36.00,-6.63,6.10,0,0,0,0,0,0,5.00, 2.50, 14.71, 3.69, 3619,On
-28.19,23.42,334.67,8425.87,165.00,1092.00,1.09,4.23,-30.79,21.58,-82.00,37.84,36.00,-6.63,6.10,0,0,0,0,0,0,5.00, 2.50, 14.71, 3.69, 3624,On
-28.19,23.36,333.00,8460.03,179.00,1185.00,1.19,15.25,-7.10,16.64,-24.00,23.66,0.00,-8.48,6.11,0,0,0,0,0,0,5.00, 2.50, 14.71, 3.69, 3630,On
-28.37,23.30,331.43,8492.31,179.00,1185.00,1.19,35.75,-36.47,18.33,-45.00,54.26,213.00,-5.32,7.53,0,0,0,0,0,0,5.00, 2.50, 14.71, 3.69, 3635,On
-28.56,23.24,329.88,8524.26,187.00,1243.00,1.24,5.02,-36.60,22.02,-82.00,43.01,218.00,-4.36,7.70,0,0,0,0,0,0,5.00, 2.50, 14.71, 3.69, 3641,On
-28.75,23.18,328.31,8556.65,190.00,1264.00,1.26,38.88,-14.96,16.17,-21.00,44.68,327.00,-2.96,7.82,0,0,0,0,0,0,5.00, 2.50, 14.71, 3.69, 3647,On
-28.94,23.11,326.69,8590.45,194.00,1289.00,1.29,13.39,-41.72,21.89,-72.00,48.99,287.00,-2.35,7.70,7,0,0,0,0,0,5.00, 2.50, 14.71, 3.69, 3652,On
-29.25,23.05,325.04,8624.77,194.00,1287.00,1.29,-0.85,-36.04,25.27,-91.00,44.02,731.00,-3.83,7.45,32,0,0,0,0,0,5.00, 2.50, 14.71, 3.69, 3658,On
-29.50,22.99,323.34,8660.33,190.00,1260.00,1.26,-0.27,-13.56,21.50,-91.00,25.42,449.00,-4.80,7.06,36,0,0,0,0,0,5.00, 2.50, 14.71, 3.69, 3663,On
-29.81,22.92,321.64,8696.20,194.00,1285.00,1.29,60.63,-5.35,30.56,-5.00,68.10,46.00,-4.98,6.77,13,0,0,0,0,0,5.00, 2.50, 14.71, 3.69, 3669,On
-30.12,22.86,319.87,8733.58,196.00,1299.00,1.30,17.97,-18.56,14.88,-45.00,29.81,60.00,-5.05,6.65,0,0,0,0,0,0,5.00, 2.50, 14.71, 3.69, 3675,On
-30.50,22.79,318.10,8771.21,204.00,1354.00,1.35,-0.35,-26.35,23.14,-90.00,35.07,492.00,-7.22,6.45,1,1,0,0,0,0,5.00, 2.50, 14.71, 3.69, 3680,On
-30.69,22.73,316.35,8808.39,179.00,1185.00,1.19,24.08,-8.10,15.14,-18.00,29.58,110.00,-6.71,6.32,1,1,0,0,0,0,5.00, 2.50, 14.71, 3.69, 3686,On
-31.00,22.66,314.55,8846.97,151.00,1000.00,1.00,39.50,-12.88,16.87,-18.00,44.84,107.00,-6.51,6.32,0,0,0,0,0,0,5.00, 2.50, 14.71, 3.69, 3691,On
-31.25,22.60,312.81,8884.37,160.00,1059.00,1.06,10.89,-22.67,17.67,-64.00,30.73,410.00,-7.79,6.26,0,0,0,0,0,0,5.00, 2.50, 14.71, 3.69, 3697,On
-31.37,22.53,311.06,8922.26,163.00,1082.00,1.08,44.60,-6.89,19.71,-8.00,49.25,18.00,-9.10,6.22,0,0,0,0,0,0,5.00, 2.50, 14.71, 3.69, 3703,On
-31.69,22.47,309.33,8959.75,179.00,1191.00,1.19,3.93,-26.35,20.60,-81.00,33.68,17.00,-8.81,6.21,0,0,0,0,0,0,5.00, 2.50, 14.71, 3.69, 3708,On
-31.81,22.40,307.62,8997.08,190.00,1264.00,1.26,31.83,-40.31,19.14,-51.00,54.81,60.00,-8.03,6.25,0,0,0,0,0,0,5.00, 2.50, 14.71, 3.69, 3714,On
-32.13,22.34,305.92,9034.29,197.00,1307.00,1.31,19.06,-32.08,16.64,-59.00,40.86,111.00,-8.14,6.27,0,0,0,0,0,0,5.00, 2.50, 14.71, 3.69, 3719,On
-32.50,22.28,304.26,9070.94,202.00,1338.00,1.34,-0.37,-27.92,22.96,-90.00,36.15,351.00,-8.66,6.29,0,0,0,0,0,0,5.00, 2.50, 14.71, 3.69, 3725,On
-32.69,22.21,302.61,9107.37,191.00,1268.00,1.27,34.67,-9.71,16.17,-15.00,39.46,343.00,-11.11,6.12,0,0,0,0,0,0,5.00, 2.50, 14.71, 3.69, 3731,On
-33.13,22.14,300.98,9143.63,199.00,1319.00,1.32,13.04,-24.50,16.47,-61.00,32.28,343.00,-11.11,6.12,0,0,0,0,0,0,5.00, 2.50, 14.71, 3.69, 3736,On
-33.25,22.08,299.36,9179.59,202.00,1340.00,1.34,-9.43,1.56,34.83,170.00,36.12,343.00,-11.11,6.12,0,0,0,0,0,0,5.00, 2.50, 14.71, 3.69, 3742,On
-33.50,22.02,297.76,9215.59,218.00,1443.00,1.44,28.42,-23.77,15.10,-39.00,40.00,343.00,-11.11,6.12,0,0,0,0,0,0,5.00, 2.50, 14.71, 3.69, 3747,On
-33.75,21.95,296.10,9252.82,236.00,1562.00,1.56,4.50,-8.23,21.71,-61.00,23.65,343.00,-11.11,6.12,0,0,0,0,0,0,5.00, 2.50, 14.71, 3.69, 3753,On
-34.00,21.89,294.49,9289.13,227.00,1503.00,1.50,30.37,-28.04,15.50,-42.00,44.15,343.00,-11.11,6.12,0,0,0,0,0,0,5.00, 2.50, 14.71, 3.69, 3759,On
-34.31,21.83,292.86,9326.16,241.00,1598.00,1.60,45.43,-5.96,19.89,-7.00,49.95,343.00,-11.11,6.12,0,0,0,0,0,0,5.00, 2.50, 14.71, 3.69, 3764,On
-34.56,21.77,291.23,9363.45,231.00,1534.00,1.53,20.31,-33.85,16.64,-59.00,42.84,343.00,-11.11,6.12,0,0,0,0,0,0,5.00, 2.50, 14.71, 3.69, 3770,On
-34.88,21.71,289.58,9401.04,232.00,1539.00,1.54,55.08,-25.25,23.50,-24.00,64.99,343.00,-11.11,6.12,0,0,0,0,0,0,5.00, 2.50, 14.71, 3.69, 3775,On
-35.13,21.64,287.96,9438.37,232.00,1542.00,1.54,6.39,-19.77,19.27,-72.00,28.33,343.00,-11.11,6.12,0,0,0,0,0,0,5.00, 2.50, 14.71, 3.69, 3781,On
-35.13,21.58,286.41,9474.17,233.00,1544.00,1.54,9.33,-30.75,19.54,-73.00,37.61,343.00,-11.11,6.12,0,0,0,0,0,0,5.00, 2.50, 14.71, 3.69, 3787,On
-35.50,21.52,284.89,9509.60,239.00,1585.00,1.59,52.18,-28.33,22.52,-28.00,63.50,343.00,-11.11,6.12,0,0,0,0,0,0,5.00, 2.50, 14.71, 3.69, 3792,On
-35.81,21.46,283.33,9545.83,247.00,1639.00,1.64,17.22,-26.67,16.33,-57.00,35.70,343.00,-11.11,6.12,0,0,0,0,0,0,5.00, 2.50, 14.71, 3.69, 3798,On
-36.13,21.40,281.80,9581.64,249.00,1652.00,1.65,48.21,-12.23,20.33,-14.00,53.73,343.00,-11.11,6.12,0,0,0,0,0,0,5.00, 2.50, 14.71, 3.69, 3803,On
-36.38,21.34,280.19,9619.62,254.00,1682.00,1.68,35.54,-11.68,15.81,-18.00,40.62,343.00,-11.11,6.12,0,0,0,0,0,0,5.00, 2.50, 14.71, 3.69, 3809,On
-36.31,21.27,278.57,9657.78,260.00,1721.00,1.72,42.14,-27.92,17.93,-33.00,53.64,343.00,-11.11,6.12,0,0,0,0,0,0,5.00, 2.50, 14.71, 3.69, 3815,On
-36.56,21.21,277.08,9693.32,247.00,1635.00,1.64,11.98,-2.93,20.12,-13.00,23.60,0.00,-13.65,6.98,3,0,0,0,0,0,5.00, 2.50, 14.71, 3.69, 3820,On
-36.69,21.15,275.64,9727.47,257.00,1703.00,1.70,12.13,-3.88,18.83,-17.00,22.73,200.00,-14.02,7.27,6,0,0,0,0,0,5.00, 2.50, 14.71, 3.69, 3826,On
-37.06,21.08,274.20,9762.03,278.00,1844.00,1.84,8.54,10.60,27.93,51.00,31.07,51.00,-13.61,7.32,17,1,0,0,0,0,5.00, 2.50, 14.71, 3.69, 3831,On
-37.13,21.02,272.68,9798.66,257.00,1702.00,1.70,23.96,-8.88,15.31,-20.00,29.78,207.00,-12.77,7.28,140,27,0,0,0,0,5.00, 2.50, 14.71, 3.69, 3837,On
-37.50,20.95,271.14,9835.85,263.00,1742.00,1.74,22.33,-49.10,23.27,-65.00,58.74,280.00,-13.13,7.28,192,26,0,0,0,0,5.00, 2.50, 14.71, 3.69, 3843,On
-37.69,20.88,269.69,9871.03,255.00,1692.00,1.69,25.22,-47.38,22.75,-61.00,58.29,92.00,-11.83,7.28,128,3,0,0,0,0,5.00, 2.50, 14.71, 3.69, 3848,On
-37.81,20.82,268.29,9905.12,249.00,1653.00,1.65,52.47,-9.10,23.31,-9.00,58.14,0.00,-11.08,7.32,75,0,0,0,0,0,5.00, 2.50, 14.71, 3.69, 3854,On
-38.13,20.75,266.80,9941.39,245.00,1622.00,1.62,30.96,-21.67,15.42,-34.00,40.81,122.00,-12.11,7.31,26,0,0,0,0,0,5.00, 2.50, 14.71, 3.69, 3859,On
-38.31,20.68,265.26,9979.26,251.00,1662.00,1.66,47.85,-28.21,20.79,-30.00,59.31,1021.00,-14.38,7.07,5,0,0,0,0,0,5.00, 2.50, 14.71, 3.69, 3865,On
-38.63,20.62,263.78,10015.97,252.00,1668.00,1.67,5.02,-18.43,19.00,-74.00,26.94,0.00,-12.40,7.05,0,0,0,0,0,0,5.00, 2.50, 14.71, 3.69, 3871,On
-38.88,20.55,262.28,10053.15,267.00,1768.00,1.77,40.96,-6.60,19.22,-9.00,45.72,88.00,-10.72,7.12,0,0,0,0,0,0,5.00, 2.50, 14.71, 3.69, 3876,On
-39.06,20.48,260.78,10090.50,276.00,1827.00,1.83,20.71,-34.14,17.00,-58.00,43.40,581.00,-11.74,7.18,0,0,0,0,0,0,5.00, 2.50, 14.71, 3.69, 3882,On
-39.38,20.42,259.27,10128.39,280.00,1860.00,1.86,16.25,-39.42,19.77,-67.00,46.99,644.00,-14.76,7.04,0,0,0,0,0,0,5.00, 2.50, 14.71, 3.69, 3887,On
-39.63,20.35,257.83,10164.47,295.00,1955.00,1.96,30.52,-31.22,15.67,-45.00,46.39,323.00,-13.93,6.89,0,0,0,0,0,0,5.00, 2.50, 14.71, 3.69, 3893,On
-39.75,20.28,256.45,10199.46,297.00,1971.00,1.97,19.33,-37.38,17.85,-62.00,45.71,0.00,-12.21,6.72,0,0,0,0,0,0,5.00, 2.50, 14.71, 3.69, 3899,On
-39.94,20.21,255.16,10232.12,297.00,1973.00,1.97,12.29,-2.17,19.54,-9.00,23.19,448.00,-15.53,6.59,0,0,0,0,0,0,5.00, 2.50, 14.71, 3.69, 3904,On
-39.94,20.15,253.95,10263.15,296.00,1965.00,1.97,0.63,-7.54,23.27,-85.00,24.47,749.00,-17.61,6.46,0,0,0,0,0,0,5.00, 2.50, 14.71, 3.69, 3910,On
-40.19,20.09,252.75,10293.86,300.00,1990.00,1.99,14.75,-3.67,18.83,-13.00,24.20,749.00,-17.61,6.46,3,2,0,0,0,0,5.00, 2.50, 14.71, 3.69, 3915,On
-40.25,20.03,251.54,10324.74,297.00,1969.00,1.97,17.39,-40.14,19.58,-66.00,47.93,0.00,-15.65,6.06,11,5,0,0,0,0,5.00, 2.50, 14.71, 3.69, 3921,On
-40.56,19.96,250.24,10358.25,296.00,1963.00,1.96,6.60,-23.72,19.46,-74.00,31.39,516.00,-16.50,6.08,5,1,0,0,0,0,5.00, 2.50, 14.71, 3.69, 3927,On
-40.63,19.90,248.94,10391.95,275.00,1821.00,1.82,18.77,-2.54,18.12,-7.00,26.21,0.00,-15.79,6.16,0,0,0,0,0,0,5.00, 2.50, 14.71, 3.69, 3932,On
-40.94,19.84,247.66,10425.15,278.00,1841.00,1.84,17.04,-10.68,16.79,-32.00,26.20,0.00,-15.79,6.16,3,0,0,0,0,0,5.00, 2.50, 14.71, 3.69, 3938,On
-41.25,19.77,246.26,10461.89,282.00,1867.00,1.87,18.14,-50.52,25.46,-70.00,59.41,171.00,-16.22,6.29,25,17,0,0,0,0,5.00, 2.50, 14.71, 3.69, 3944,On
-41.56,19.70,244.82,10499.49,286.00,1896.00,1.90,61.33,-11.81,29.22,-10.00,68.96,0.00,-16.16,6.31,166,88,0,0,0,0,5.00, 2.50, 14.71, 3.69, 3949,On
-41.88,19.64,243.33,10538.75,297.00,1969.00,1.97,23.29,-41.89,19.77,-60.00,51.85,0.00,-15.91,6.30,336,169,0,0,0,0,5.00, 2.50, 14.71, 3.69, 3955,On
-42.13,19.57,241.91,10576.37,306.00,2030.00,2.03,18.33,-8.71,17.67,-25.00,26.91,0.00,-15.91,6.30,687,418,0,0,0,0,5.00, 2.50, 14.71, 3.69, 3960,On
-42.44,19.51,240.48,10614.58,308.00,2044.00,2.04,0.63,-17.96,21.22,-88.00,27.81,0.00,-15.91,6.30,1266,889,0,0,0,0,5.00, 2.50, 14.71, 3.69, 3966,On
-42.56,19.44,239.06,10652.64,318.00,2107.00,2.11,17.43,-48.58,23.67,-70.00,56.78,0.00,-15.91,6.30,1315,952,0,0,0,0,5.00, 2.50, 14.71, 3.69, 3972,On
-42.75,19.38,237.69,10689.43,318.00,2110.00,2.11,34.96,-21.22,15.58,-31.00,43.77,0.00,-15.91,6.30,903,648,0,0,0,0,5.00, 2.50, 14.71, 3.69, 3977,On
-42.69,19.31,236.31,10726.68,313.00,2076.00,2.08,14.00,-11.64,18.08,-39.00,25.66,0.00,-15.91,6.30,566,398,0,0,0,0,5.00, 2.50, 14.71, 3.69, 3983,On
-42.81,19.25,234.91,10764.50,317.00,2100.00,2.10,-4.10,-36.27,28.12,-96.00,46.08,0.00,-15.91,6.30,379,263,0,0,0,0,5.00, 2.50, 14.71, 3.69, 3988,On
-42.94,19.18,233.44,10804.62,315.00,2086.00,2.09,14.00,-9.27,17.35,-33.00,24.14,0.00,-15.91,6.30,224,150,0,0,0,0,5.00, 2.50, 14.71, 3.69, 3994,On
-42.75,19.12,232.10,10841.26,345.00,2284.00,2.28,13.71,-45.00,22.60,-73.00,52.19,0.00,-15.91,6.30,141,85,0,0,0,0,5.00, 2.50, 14.71, 3.69, 4000,On
-42.75,19.05,230.85,10875.76,344.00,2278.00,2.28,37.33,-25.10,16.60,-33.00,47.95,0.00,-15.91,6.30,89,46,0,0,0,0,5.00, 2.50, 14.71, 3.69, 4005,On
-42.88,18.99,229.59,10910.47,358.00,2376.00,2.38,-0.31,-13.31,22.12,-91.00,25.82,0.00,-15.91,6.30,44,18,0,0,0,0,5.00, 2.50, 14.71, 3.69, 4011,On
-42.81,18.92,228.41,10943.23,370.00,2454.00,2.45,40.56,-0.47,22.12,0.00,46.20,0.00,-15.91,6.30,6,1,0,0,0,0,5.00, 2.50, 14.71, 3.69, 4016,On
-42.94,18.86,227.23,10976.19,360.00,2387.00,2.39,7.77,-33.29,19.93,-76.00,39.57,0.00,-15.91,6.30,0,0,0,0,0,0,5.00, 2.50, 14.71, 3.69, 4022,On
-42.94,18.80,226.06,11008.88,382.00,2533.00,2.53,27.31,-34.06,16.56,-51.00,46.69,0.00,-15.91,6.30,0,0,0,0,0,0,5.00, 2.50, 14.71, 3.69, 4028,On
-43.00,18.74,224.97,11039.51,373.00,2472.00,2.47,42.14,-31.22,18.75,-36.00,55.70,0.00,-15.91,6.30,0,0,0,0,0,0,5.00, 2.50, 14.71, 3.69, 4033,On
-43.06,18.68,223.90,11069.66,370.00,2450.00,2.46,14.42,9.96,25.54,34.00,30.97,0.00,-15.91,6.30,0,0,0,0,0,0,5.00, 2.50, 14.71, 3.69, 4039,On
-43.19,18.62,222.84,11099.84,380.00,2517.00,2.52,30.00,-23.12,15.27,-37.00,40.84,0.00,-15.91,6.30,0,0,0,0,0,0,5.00, 2.50, 14.71, 3.69, 4044,On
-43.31,18.55,221.66,11133.31,374.00,2480.00,2.48,18.54,3.54,20.87,10.00,28.14,0.00,-15.91,6.30,0,0,0,0,0,0,5.00, 2.50, 14.71, 3.69, 4050,On
-43.44,18.49,220.52,11165.92,369.00,2443.00,2.44,38.52,5.73,23.85,8.00,45.66,0.00,-15.91,6.30,0,0,0,0,0,0,5.00, 2.50, 14.71, 3.69, 4056,On
-43.50,18.43,219.34,11199.63,353.00,2337.00,2.34,34.83,-28.60,16.56,-39.00,48.02,0.00,-15.91,6.30,0,0,0,0,0,0,5.00, 2.50, 14.71, 3.69, 4061,On
-43.69,18.37,218.20,11232.47,349.00,2311.00,2.31,9.56,-38.17,20.83,-75.00,44.52,0.00,-15.91,6.30,0,0,0,0,0,0,5.00, 2.50, 14.71, 3.69, 4067,On
-43.81,18.31,216.96,11268.38,393.00,2607.00,2.61,21.10,-29.46,15.85,-54.00,39.55,333.00,-17.75,6.75,0,0,0,0,0,0,5.00, 2.50, 14.71, 3.69, 4072,On
-44.13,18.24,215.70,11305.07,391.00,2594.00,2.59,28.62,-0.64,20.33,-1.00,35.12,88.00,-16.84,6.80,0,0,0,0,0,0,5.00, 2.50, 14.71, 3.69, 4078,On
-44.31,18.18,214.35,11344.48,387.00,2563.00,2.56,-6.27,-27.35,26.02,-102.00,38.26,68.00,-16.32,6.81,0,0,0,0,0,0,5.00, 2.50, 14.71, 3.69, 4084,On
-44.56,18.11,213.10,11381.31,394.00,2610.00,2.61,53.77,-16.97,22.75,-17.00,60.80,553.00,-18.41,6.70,0,0,0,0,0,0,5.00, 2.50, 14.71, 3.69, 4089,On
-44.75,18.05,211.79,11419.76,390.00,2585.00,2.59,34.60,4.43,22.21,7.00,41.35,0.00,-18.09,6.67,0,0,0,0,0,0,5.00, 2.50, 14.71, 3.69, 4095,On
-45.00,17.98,210.49,11458.36,387.00,2564.00,2.56,29.93,-11.64,16.17,-21.00,35.96,591.00,-19.29,6.46,0,0,0,0,0,0,5.00, 2.50, 14.71, 3.69, 4101,On
-45.06,17.92,209.16,11498.11,378.00,2506.00,2.51,-5.02,-10.73,25.46,-115.00,28.08,0.00,-17.44,6.52,0,0,0,0,0,0,5.00, 2.50, 14.71, 3.69, 4106,On
-45.06,17.85,207.84,11537.69,370.00,2452.00,2.45,37.17,-31.75,17.31,-40.00,51.86,0.00,-15.48,6.72,0,0,0,0,0,0,5.00, 2.50, 14.71, 3.69, 4112,On
-45.31,17.79,206.54,11576.55,376.00,2490.00,2.49,-4.81,-15.52,25.14,-107.00,29.93,0.00,-16.30,6.72,0,0,0,0,0,0,5.00, 2.50, 14.71, 3.69, 4117,On
-45.31,17.72,205.28,11614.76,380.00,2516.00,2.52,-1.25,-2.38,27.10,-117.00,27.23,117.00,-17.81,6.58,0,0,0,0,0,0,5.00, 2.50, 14.71, 3.69, 4123,On
-45.06,17.65,204.06,11651.96,366.00,2423.00,2.42,33.72,-16.33,16.02,-25.00,40.75,0.00,-16.32,6.55,0,0,0,0,0,0,5.00, 2.50, 14.71, 3.69, 4129,On
-45.13,17.59,202.86,11688.60,403.00,2672.00,2.67,18.50,-30.67,16.60,-58.00,39.47,34.00,-15.94,6.61,0,0,0,0,0,0,5.00, 2.50, 14.71, 3.69, 4134,On
-45.06,17.52,201.64,11725.95,414.00,2745.00,2.75,28.93,-0.43,18.60,0.00,34.40,0.00,-16.59,6.60,0,0,0,0,0,0,5.00, 2.50, 14.71, 3.69, 4140,On
-44.94,17.45,200.39,11764.48,423.00,2807.00,2.81,21.42,-51.68,24.47,-67.00,61.06,0.00,-17.55,6.52,0,0,0,0,0,0,5.00, 2.50, 14.71, 3.69, 4145,On
-44.75,17.38,199.24,11800.08,421.00,2789.00,2.79,27.08,-22.06,14.96,-39.00,38.00,157.00,-18.37,6.40,0,0,0,0,0,0,5.00, 2.50, 14.71, 3.69, 4151,On
-44.69,17.32,198.10,11835.65,415.00,2751.00,2.75,24.71,11.25,24.17,24.00,36.35,0.00,-19.27,6.17,0,0,0,0,0,0,5.00, 2.50, 14.71, 3.69, 4157,On
-44.50,17.25,196.91,11873.06,422.00,2798.00,2.80,9.35,-39.02,20.87,-76.00,45.23,110.00,-18.66,6.07,0,0,0,0,0,0,5.00, 2.50, 14.71, 3.69, 4162,On
-44.19,17.18,195.78,11908.40,428.00,2836.00,2.84,22.60,-6.00,17.54,-14.00,29.23,0.00,-17.25,6.06,0,0,0,0,0,0,5.00, 2.50, 14.71, 3.69, 4168,On
-44.19,17.12,194.62,11945.10,421.00,2790.00,2.79,36.89,-24.81,16.29,-33.00,47.35,384.00,-19.82,6.04,0,0,0,0,0,0,5.00, 2.50, 14.71, 3.69, 4173,On
-44.06,17.05,193.46,11982.06,390.00,2582.00,2.58,17.43,-23.35,15.73,-53.00,33.11,0.00,-18.30,6.06,0,0,0,0,0,0,5.00, 2.50, 14.71, 3.69, 4179,On
-44.06,16.99,192.38,12016.41,396.00,2622.00,2.62,39.81,0.35,21.77,0.00,45.37,486.00,-19.54,6.01,0,0,0,0,0,0,5.00, 2.50, 14.71, 3.69, 4185,On
-44.00,16.93,191.29,12051.30,413.00,2735.00,2.74,5.68,-35.06,21.54,-80.00,41.54,292.00,-22.14,5.78,0,0,0,0,0,0,5.00, 2.50, 14.71, 3.69, 4190,On
-43.81,16.86,190.25,12084.93,416.00,2761.00,2.76,47.77,-33.81,21.81,-35.00,62.45,0.00,-21.08,5.82,0,0,0,0,0,0,5.00, 2.50, 14.71, 3.69, 4196,On
-43.94,16.80,189.20,12118.73,425.00,2817.00,2.82,28.02,5.56,22.79,11.00,36.54,219.00,-22.45,5.59,0,0,0,0,0,0,5.00, 2.50, 14.71, 3.69, 4202,On
-44.00,16.74,188.06,12155.61,438.00,2901.00,2.90,31.75,-27.56,15.46,-40.00,44.79,248.00,-22.44,5.62,0,0,0,0,0,0,5.00, 2.50, 14.71, 3.69, 4207,On
-43.81,16.68,187.04,12189.13,453.00,3003.00,3.00,13.21,-24.85,16.29,-62.00,32.52,314.00,-22.52,5.52,0,0,0,0,0,0,5.00, 2.50, 14.71, 3.69, 4213,On
-43.75,16.62,186.06,12221.07,447.00,2963.00,2.96,29.54,-3.33,19.46,-6.00,35.53,2112.00,-22.89,5.49,0,0,0,0,0,0,5.00, 2.50, 14.71, 3.69, 4218,On
-43.56,16.56,185.14,12251.40,438.00,2900.00,2.90,49.35,-35.27,23.31,-35.00,64.98,0.00,-21.58,5.62,0,0,0,0,0,0,5.00, 2.50, 14.71, 3.69, 4224,On
-43.56,16.50,184.21,12282.02,436.00,2888.00,2.89,48.35,-4.52,23.27,-5.00,53.85,355.00,-21.46,5.76,0,0,0,0,0,0,5.00, 2.50, 14.71, 3.69, 4230,On
-43.50,16.44,183.32,12311.78,431.00,2855.00,2.86,42.63,-6.52,20.37,-8.00,47.69,135.00,-20.18,5.95,0,0,0,0,0,0,5.00, 2.50, 14.71, 3.69, 4235,On
-43.38,16.38,182.42,12341.73,477.00,3158.00,3.16,23.79,-2.68,18.17,-6.00,30.05,102.00,-18.65,6.40,0,0,0,0,0,0,5.00, 2.50, 14.71, 3.69, 4241,On
-43.25,16.32,181.54,12371.12,502.00,3324.00,3.32,7.50,-6.04,19.62,-38.00,21.86,109.00,-18.72,6.72,0,0,0,0,0,0,5.00, 2.50, 14.71, 3.69, 4246,On
-43.31,16.26,180.62,12402.03,473.00,3132.00,3.13,-4.29,5.31,30.21,128.00,30.97,387.00,-20.57,7.06,0,0,0,0,0,0,5.00, 2.50, 14.71, 3.69, 4252,On
-43.31,16.20,179.63,12435.44,478.00,3168.00,3.17,42.00,-30.35,17.89,-35.00,54.82,0.00,-20.07,7.16,0,0,0,0,0,0,5.00, 2.50, 14.71, 3.69, 4258,On
-43.38,16.13,178.62,12469.64,444.00,2945.00,2.95,33.68,-29.54,15.89,-41.00,47.54,704.00,-22.02,6.96,0,0,0,0,0,0,5.00, 2.50, 14.71, 3.69, 4263,On
-43.44,16.07,177.53,12506.77,436.00,2891.00,2.89,25.18,30.67,41.00,50.00,57.06,0.00,-20.08,6.97,0,0,0,0,0,0,5.00, 2.50, 14.71, 3.69, 4269,On
-43.50,16.01,176.35,12546.90,447.00,2962.00,2.96,10.18,-4.63,19.97,-24.00,22.89,0.00,-18.79,6.98,0,0,0,0,0,0,5.00, 2.50, 14.71, 3.69, 4275,On
-43.50,15.95,175.15,12588.42,440.00,2919.00,2.92,6.92,-20.50,17.97,-71.00,28.13,24.00,-17.99,6.98,0,0,0,0,0,0,5.00, 2.50, 14.71, 3.69, 4280,On
-43.56,15.89,173.93,12630.48,446.00,2955.00,2.96,30.47,-23.47,15.31,-37.00,41.40,63.00,-17.61,6.95,0,0,0,0,0,0,5.00, 2.50, 14.71, 3.69, 4286,On
-43.38,15.82,172.83,12668.72,432.00,2867.00,2.87,16.33,-36.81,18.12,-66.00,44.16,102.00,-17.61,7.00,0,0,0,0,0,0,5.00, 2.50, 14.71, 3.69, 4291,On
-43.31,15.76,171.83,12703.79,434.00,2874.00,2.87,55.92,-3.46,27.31,-3.00,62.32,440.00,-17.68,6.91,0,0,0,0,0,0,5.00, 2.50, 14.71, 3.69, 4297,On
-43.38,15.70,170.77,12740.90,490.00,3245.00,3.25,4.93,-31.87,20.64,-81.00,38.29,408.00,-18.33,6.80,0,0,0,0,0,0,5.00, 2.50, 14.71, 3.69, 4303,On
-43.13,15.64,169.76,12776.65,544.00,3602.00,3.60,35.97,-22.43,16.33,-31.00,45.43,0.00,-17.06,6.80,0,0,0,0,0,0,5.00, 2.50, 14.71, 3.69, 4308,On
-43.06,15.58,168.83,12809.37,528.00,3496.00,3.50,3.98,0.92,23.31,12.00,23.66,18.00,-19.01,6.72,0,0,0,0,0,0,5.00, 2.50, 14.71, 3.69, 4314,On
-42.88,15.52,167.95,12840.65,526.00,3487.00,3.49,5.68,-22.18,18.96,-75.00,29.73,0.00,-18.27,6.70,0,0,0,0,0,0,5.00, 2.50, 14.71, 3.69, 4319,On
-42.75,15.46,167.12,12870.58,510.00,3383.00,3.38,4.98,-19.21,19.18,-75.00,27.60,634.00,-20.11,6.52,0,0,0,0,0,0,5.00, 2.50, 14.71, 3.69, 4325,On
-42.75,15.40,166.27,12901.14,498.00,3304.00,3.30,23.21,1.93,20.56,4.00,31.06,0.00,-20.74,6.37,0,0,0,0,0,0,5.00, 2.50, 14.71, 3.69, 4331,On
-42.69,15.34,165.41,12931.81,493.00,3266.00,3.27,1.81,-4.92,23.18,-69.00,23.77,104.00,-21.39,6.21,0,0,0,0,0,0,5.00, 2.50, 14.71, 3.69, 4336,On
-42.56,15.29,164.62,12960.71,483.00,3202.00,3.20,26.85,0.22,18.43,0.00,32.57,0.00,-22.03,5.97,0,0,0,0,0,0,5.00, 2.50, 14.71, 3.69, 4342,On
-42.69,15.23,163.78,12991.08,487.00,3230.00,3.23,14.23,-36.17,18.29,-68.00,42.95,0.00,-21.90,5.80,0,0,0,0,0,0,5.00, 2.50, 14.71, 3.69, 4348,On
-42.81,15.17,162.96,13021.09,486.00,3221.00,3.22,36.02,-30.71,17.14,-40.00,50.34,0.00,-23.10,5.61,0,0,0,0,0,0,5.00, 2.50, 14.71, 3.69, 4353,On
-42.88,15.11,162.13,13051.41,478.00,3170.00,3.17,-0.06,-20.85,22.37,-90.00,30.58,351.00,-24.15,5.47,0,0,0,0,0,0,5.00, 2.50, 14.71, 3.69, 4359,On
-43.00,15.06,161.23,13084.49,507.00,3357.00,3.36,46.89,-15.81,19.31,-18.00,53.12,3365.00,-24.61,5.46,0,0,0,0,0,0,5.00, 2.50, 14.71, 3.69, 4364,On
-43.00,15.00,160.34,13117.43,540.00,3576.00,3.58,35.67,-7.29,17.67,-11.00,40.46,219.00,-23.78,5.22,0,0,0,0,0,0,5.00, 2.50, 14.71, 3.69, 4370,On
-43.19,14.94,159.48,13149.31,549.00,3635.00,3.64,19.72,-10.13,16.92,-27.00,27.89,150.00,-23.25,5.27,0,0,0,0,0,0,5.00, 2.50, 14.71, 3.69, 4376,On
-43.06,14.89,158.58,13183.02,558.00,3699.00,3.70,7.06,-17.50,18.12,-68.00,26.16,0.00,-21.71,5.57,2,0,0,0,0,0,5.00, 2.50, 14.71, 3.69, 4381,On
-42.94,14.83,157.74,13214.35,545.00,3610.00,3.61,5.77,-43.42,24.83,-82.00,50.35,0.00,-20.89,5.92,2,0,0,0,0,0,5.00, 2.50, 14.71, 3.69, 4387,On
-42.94,14.78,156.96,13243.69,527.00,3493.00,3.49,41.71,-34.79,18.79,-39.00,57.47,267.00,-21.12,6.16,0,0,0,0,0,0,5.00, 2.50, 14.71, 3.69, 4392,On
-42.88,14.72,156.21,13271.95,502.00,3327.00,3.33,-10.31,-21.58,28.96,-115.00,37.56,63.00,-19.95,6.57,0,0,0,0,0,0,5.00, 2.50, 14.71, 3.69, 4398,On
-42.75,14.66,155.48,13299.76,498.00,3300.00,3.30,26.12,-42.08,19.27,-58.00,53.15,0.00,-19.65,6.89,0,0,0,0,0,0,5.00, 2.50, 14.71, 3.69, 4404,On
-42.88,14.61,154.77,13326.76,488.00,3233.00,3.23,11.85,-16.89,16.33,-54.00,26.32,10.00,-20.24,7.24,0,0,0,0,0,0,5.00, 2.50, 14.71, 3.69, 4409,On
-43.00,14.55,154.01,13355.71,490.00,3249.00,3.25,26.52,-0.60,17.85,-1.00,31.97,279.00,-21.59,7.24,0,0,0,0,0,0,5.00, 2.50, 14.71, 3.69, 4415,On
-43.00,14.50,153.24,13385.27,489.00,3240.00,3.24,41.43,-48.88,26.64,-49.00,69.39,209.00,-22.00,7.08,0,0,0,0,0,0,5.00, 2.50, 14.71, 3.69, 4420,On
-43.00,14.44,152.46,13415.33,498.00,3298.00,3.30,39.71,-2.77,19.00,-3.00,44.11,134.00,-21.53,7.04,0,0,0,0,0,0,5.00, 2.50, 14.71, 3.69, 4426,On
-43.06,14.39,151.71,13444.36,524.00,3470.00,3.47,53.27,-32.72,24.29,-31.00,67.07,293.00,-21.79,6.94,0,0,0,0,0,0,5.00, 2.50, 14.71, 3.69, 4432,On
-43.06,14.33,150.96,13473.42,546.00,3615.00,3.62,35.97,-49.00,24.52,-53.00,65.55,0.00,-21.22,6.99,0,0,0,0,0,0,5.00, 2.50, 14.71, 3.69, 4437,On
-43.31,14.28,150.18,13503.90,531.00,3522.00,3.52,20.25,-40.71,18.96,-63.00,49.26,0.00,-22.41,6.95,0,0,0,0,0,0,5.00, 2.50, 14.71, 3.69, 4443,On
-43.50,14.22,149.37,13535.56,538.00,3568.00,3.57,7.63,-8.96,19.31,-49.00,22.61,0.00,-22.85,6.86,0,0,0,0,0,0,5.00, 2.50, 14.71, 3.69, 4449,On
-43.69,14.17,148.61,13565.58,550.00,3646.00,3.65,20.39,-55.89,29.18,-69.00,66.27,0.00,-22.19,6.84,0,0,0,0,0,0,5.00, 2.50, 14.71, 3.69, 4454,On
-43.81,14.11,147.81,13596.93,551.00,3650.00,3.65,33.02,-64.97,42.25,-63.00,84.24,287.00,-22.16,6.77,0,0,0,0,0,0,5.00, 2.50, 14.71, 3.69, 4460,On
-44.06,14.06,147.02,13628.53,571.00,3786.00,3.79,21.81,-10.21,15.98,-25.00,28.90,282.00,-20.99,6.85,0,0,0,0,0,0,5.00, 2.50, 14.71, 3.69, 4465,On
-44.25,14.01,146.19,13661.25,579.00,3836.00,3.84,34.47,-37.04,18.33,-47.00,53.82,676.00,-22.00,6.94,0,0,0,0,0,0,5.00, 2.50, 14.71, 3.69, 4471,On
-44.38,13.95,145.31,13696.46,572.00,3794.00,3.79,22.06,-48.71,22.47,-65.00,58.00,128.00,-20.74,7.13,0,0,0,0,0,0,5.00, 2.50, 14.71, 3.69, 4477,On
-44.63,13.90,144.37,13734.47,581.00,3851.00,3.85,48.47,-16.46,20.60,-18.00,55.18,144.00,-20.29,7.27,0,0,0,0,0,0,5.00, 2.50, 14.71, 3.69, 4482,On
-44.56,13.84,143.41,13773.09,522.00,3456.00,3.46,7.27,-31.67,18.96,-77.00,37.62,0.00,-20.15,7.23,0,0,0,0,0,0,5.00, 2.50, 14.71, 3.69, 4488,On
-44.63,13.79,142.57,13807.43,497.00,3291.00,3.29,-2.52,-2.89,24.68,-131.00,24.98,156.00,-21.53,7.17,0,0,0,0,0,0,5.00, 2.50, 14.71, 3.69, 4493,On
-44.75,13.74,141.64,13845.46,514.00,3403.00,3.40,9.08,-29.72,17.93,-73.00,35.88,200.00,-21.95,7.03,0,0,0,0,0,0,5.00, 2.50, 14.71, 3.69, 4499,On
-44.75,13.68,140.70,13884.02,507.00,3362.00,3.36,12.73,-49.14,25.31,-75.00,56.72,6.00,-23.53,6.82,0,0,0,0,0,0,5.00, 2.50, 14.71, 3.69, 4505,On
-44.69,13.63,139.84,13919.57,498.00,3299.00,3.30,33.88,-11.93,15.89,-19.00,39.27,192.00,-24.00,6.60,0,0,0,0,0,0,5.00, 2.50, 14.71, 3.69, 4510,On
-44.63,13.58,139.06,13952.02,511.00,3385.00,3.39,12.73,-8.14,18.02,-32.00,23.51,0.00,-23.11,6.48,0,0,0,0,0,0,5.00, 2.50, 14.71, 3.69, 4516,On
-44.50,13.52,138.29,13984.07,519.00,3438.00,3.44,20.56,-7.10,16.64,-19.00,27.39,0.00,-22.57,6.47,0,0,0,0,0,0,5.00, 2.50, 14.71, 3.69, 4522,On
-44.69,13.47,137.57,14014.23,523.00,3468.00,3.47,6.67,12.38,28.47,61.00,31.76,334.00,-24.51,6.46,0,0,0,0,0,0,5.00, 2.50, 14.71, 3.69, 4527,On
-44.81,13.42,136.74,14049.12,524.00,3474.00,3.47,20.79,6.64,22.68,17.00,31.48,13.00,-24.64,6.40,0,0,0,0,0,0,5.00, 2.50, 14.71, 3.69, 4533,On
-44.81,13.37,135.97,14081.62,526.00,3486.00,3.49,34.13,-41.52,19.50,-50.00,57.17,0.00,-24.85,6.48,0,0,0,0,0,0,5.00, 2.50, 14.71, 3.69, 4538,On
-44.63,13.32,135.24,14112.39,537.00,3562.00,3.56,28.50,-37.64,17.06,-52.00,50.20,0.00,-23.78,6.35,0,0,0,0,0,0,5.00, 2.50, 14.71, 3.69, 4544,On
-44.75,13.26,134.55,14141.71,563.00,3728.00,3.73,44.79,-20.62,18.29,-24.00,52.60,0.00,-24.02,6.29,1,0,0,0,0,0,5.00, 2.50, 14.71, 3.69, 4550,On
-44.63,13.21,133.90,14169.64,578.00,3827.00,3.83,37.68,-32.31,16.87,-40.00,52.43,227.00,-23.67,6.30,1,0,0,0,0,0,5.00, 2.50, 14.71, 3.69, 4555,On
-44.81,13.16,133.25,14197.63,547.00,3622.00,3.62,49.58,-15.21,20.75,-17.00,55.86,72.00,-23.84,6.25,0,0,0,0,0,0,5.00, 2.50, 14.71, 3.69, 4561,On
-44.81,13.11,132.61,14225.37,598.00,3963.00,3.96,39.02,-42.97,21.31,-47.00,61.83,0.00,-22.99,6.24,0,0,0,0,0,0,5.00, 2.50, 14.71, 3.69, 4566,On
-44.75,13.06,131.93,14254.49,583.00,3865.00,3.87,56.43,-28.93,25.89,-27.00,68.50,157.00,-23.95,6.29,0,0,0,0,0,0,5.00, 2.50, 14.71, 3.69, 4572,On
-44.94,13.01,131.19,14286.60,568.00,3762.00,3.76,19.29,-2.60,19.50,-7.00,27.55,424.00,-23.90,6.47,0,0,0,0,0,0,5.00, 2.50, 14.71, 3.69, 4578,On
-44.88,12.96,130.43,14320.08,569.00,3769.00,3.77,49.31,8.88,28.72,10.00,57.75,0.00,-22.94,6.57,0,0,0,0,0,0,5.00, 2.50, 14.71, 3.69, 4583,On
-44.75,12.91,129.66,14353.91,587.00,3892.00,3.89,31.27,6.13,23.04,11.00,39.32,0.00,-21.41,6.73,0,0,0,0,0,0,5.00, 2.50, 14.71, 3.69, 4589,On
-44.75,12.86,128.81,14391.33,584.00,3867.00,3.87,28.18,6.89,22.43,13.00,36.67,0.00,-20.50,6.96,0,0,0,0,0,0,5.00, 2.50, 14.71, 3.69, 4594,On
-44.88,12.80,127.89,14432.08,585.00,3875.00,3.88,15.93,25.06,38.64,57.00,48.73,77.00,-19.86,7.42,0,0,0,0,0,0,5.00, 2.50, 14.71, 3.69, 4600,On
-44.81,12.75,127.01,14471.38,582.00,3858.00,3.86,22.46,17.10,29.67,37.00,40.95,76.00,-19.48,7.47,0,0,0,0,0,0,5.00, 2.50, 14.71, 3.69, 4606,On
-44.75,12.70,126.19,14508.34,571.00,3781.00,3.78,18.85,-30.02,16.29,-57.00,39.01,53.00,-18.90,7.62,0,0,0,0,0,0,5.00, 2.50, 14.71, 3.69, 4611,On
-44.81,12.65,125.42,14542.77,582.00,3854.00,3.85,34.00,-43.63,20.52,-52.00,58.99,85.00,-18.45,7.69,0,0,0,0,0,0,5.00, 2.50, 14.71, 3.69, 4617,On
-44.75,12.60,124.70,14575.46,582.00,3854.00,3.85,26.25,-34.58,16.33,-52.00,46.39,121.00,-17.86,7.82,0,0,0,0,0,0,5.00, 2.50, 14.71, 3.69, 4623,On
-44.69,12.55,124.02,14606.22,571.00,3786.00,3.79,35.67,-49.18,23.62,-54.00,65.19,86.00,-17.57,8.00,0,0,0,0,0,0,5.00, 2.50, 14.71, 3.69, 4628,On
-44.63,12.50,123.35,14637.20,572.00,3794.00,3.79,53.31,-20.33,23.27,-20.00,61.62,304.00,-19.03,8.24,0,0,0,0,0,0,5.00, 2.50, 14.71, 3.69, 4634,On
-44.56,12.45,122.67,14668.04,580.00,3845.00,3.85,54.89,-10.13,25.31,-10.00,61.29,0.00,-18.87,8.29,0,0,0,0,0,0,5.00, 2.50, 14.71, 3.69, 4639,On
-44.63,12.40,122.01,14698.46,561.00,3718.00,3.72,26.68,-42.38,19.22,-57.00,53.64,0.00,-19.04,8.06,0,0,0,0,0,0,5.00, 2.50, 14.71, 3.69, 4645,On
-44.56,12.35,121.40,14726.83,563.00,3733.00,3.73,0.37,-29.71,22.02,-89.00,36.98,0.00,-18.77,7.95,0,0,0,0,0,0,5.00, 2.50, 14.71, 3.69, 4651,On
-44.63,12.30,120.80,14754.98,559.00,3702.00,3.70,-0.06,-34.18,23.54,-90.00,41.51,0.00,-18.54,7.90,0,0,0,0,0,0,5.00, 2.50, 14.71, 3.69, 4656,On
-44.50,12.25,120.22,14782.04,568.00,3762.00,3.76,1.06,-9.83,21.67,-83.00,23.82,197.00,-19.27,7.75,0,0,0,0,0,0,5.00, 2.50, 14.71, 3.69, 4662,On
-44.56,12.20,119.64,14808.94,576.00,3819.00,3.82,30.21,-38.46,17.67,-51.00,52.00,271.00,-19.62,7.66,0,0,0,0,0,0,5.00, 2.50, 14.71, 3.69, 4667,On
-44.44,12.15,119.09,14835.17,589.00,3894.00,3.89,-0.46,-26.54,21.85,-90.00,34.38,0.00,-19.28,7.56,0,0,0,0,0,0,5.00, 2.50, 14.71, 3.69, 4673,On
-44.44,12.10,118.56,14860.09,580.00,3841.00,3.84,40.72,-25.46,17.31,-32.00,51.05,333.00,-20.66,7.44,0,0,0,0,0,0,5.00, 2.50, 14.71, 3.69, 4679,On
-44.44,12.05,118.01,14886.04,564.00,3735.00,3.74,2.48,-10.77,20.37,-77.00,23.18,119.00,-20.57,7.37,0,0,0,0,0,0,5.00, 2.50, 14.71, 3.69, 4684,On
-44.31,12.01,117.47,14911.87,617.00,4087.00,4.09,-1.96,-29.93,23.31,-93.00,37.99,80.00,-20.33,7.17,0,0,0,0,0,0,5.00, 2.50, 14.71, 3.69, 4690,On
-44.25,11.96,116.92,14937.80,611.00,4047.00,4.05,38.27,-22.18,16.29,-30.00,47.14,29.00,-20.75,7.04,0,0,0,0,0,0,5.00, 2.50, 14.71, 3.69, 4696,On
-44.25,11.91,116.41,14962.62,610.00,4045.00,4.05,0.54,-8.92,23.46,-86.00,25.10,106.00,-21.89,6.89,0,0,0,0,0,0,5.00, 2.50, 14.71, 3.69, 4701,On
-44.06,11.86,115.89,14987.55,621.00,4113.00,4.11,7.46,-36.81,20.17,-78.00,42.63,66.00,-22.04,6.84,0,0,0,0,0,0,5.00, 2.50, 14.71, 3.69, 4707,On
-44.06,11.81,115.37,15012.50,641.00,4246.00,4.25,9.96,-5.92,19.35,-30.00,22.55,205.00,-22.65,6.59,0,0,0,0,0,0,5.00, 2.50, 14.71, 3.69, 4712,On
-43.94,11.77,114.86,15037.47,627.00,4158.00,4.16,32.38,-17.75,15.58,-28.00,40.08,0.00,-21.11,6.52,0,0,0,0,0,0,5.00, 2.50, 14.71, 3.69, 4718,On
-43.81,11.72,114.35,15061.90,639.00,4236.00,4.24,9.68,-30.62,18.21,-72.00,36.92,0.00,-20.87,6.51,0,0,0,0,0,0,5.00, 2.50, 14.71, 3.69, 4724,On
-43.88,11.67,113.83,15087.37,634.00,4199.00,4.20,14.98,-53.52,27.22,-74.00,61.88,129.00,-20.56,6.82,0,0,0,0,0,0,5.00, 2.50, 14.71, 3.69, 4729,On
-43.88,11.62,113.28,15114.31,590.00,3907.00,3.91,46.38,-9.68,20.12,-11.00,51.47,419.00,-20.85,7.08,0,0,0,0,0,0,5.00, 2.50, 14.71, 3.69, 4735,On
-43.75,11.58,112.72,15141.94,633.00,4192.00,4.19,7.67,-6.81,18.87,-41.00,21.48,74.00,-20.47,7.32,0,0,0,0,0,0,5.00, 2.50, 14.71, 3.69, 4740,On
-43.56,11.53,112.17,15169.13,684.00,4529.00,4.53,0.06,-8.75,22.60,-89.00,24.23,0.00,-19.74,7.47,0,0,0,0,0,0,5.00, 2.50, 14.71, 3.69, 4746,On
-43.50,11.48,111.66,15194.53,689.00,4567.00,4.57,4.23,-5.13,21.04,-50.00,22.07,45.00,-20.04,8.04,0,0,0,0,0,0,5.00, 2.50, 14.71, 3.69, 4752,On
-43.44,11.44,111.16,15219.27,675.00,4474.00,4.47,15.46,-49.88,24.29,-72.00,57.59,0.00,-19.66,8.35,0,0,0,0,0,0,5.00, 2.50, 14.71, 3.69, 4757,On
-43.38,11.39,110.66,15244.17,673.00,4460.00,4.46,22.58,-15.13,15.77,-33.00,31.42,42.00,-19.25,8.48,0,0,0,0,0,0,5.00, 2.50, 14.71, 3.69, 4763,On
-43.44,11.34,110.16,15268.99,671.00,4449.00,4.45,16.92,-29.97,15.98,-60.00,37.95,409.00,-19.35,8.58,0,0,0,0,0,0,5.00, 2.50, 14.71, 3.69, 4769,On
-43.50,11.30,109.67,15293.86,684.00,4530.00,4.53,16.04,-34.93,17.27,-65.00,42.14,185.00,-19.54,8.58,0,0,0,0,0,0,5.00, 2.50, 14.71, 3.69, 4774,On
-43.56,11.25,109.17,15318.96,677.00,4488.00,4.49,7.67,-5.39,18.79,-35.00,21.00,203.00,-19.58,8.59,0,0,0,0,0,0,5.00, 2.50, 14.71, 3.69, 4780,On
-43.56,11.21,108.65,15345.47,687.00,4552.00,4.55,14.81,-35.47,17.50,-67.00,42.24,0.00,-19.17,8.77,0,0,0,0,0,0,5.00, 2.50, 14.71, 3.69, 4785,On
-43.81,11.16,108.13,15371.68,687.00,4552.00,4.55,48.92,-29.81,21.00,-31.00,61.01,69.00,-19.25,8.98,0,0,0,0,0,0,5.00, 2.50, 14.71, 3.69, 4791,On
-43.88,11.12,107.57,15400.54,717.00,4748.00,4.75,-0.37,13.06,33.27,91.00,35.74,242.00,-19.20,9.10,0,0,0,0,0,0,5.00, 2.50, 14.71, 3.69, 4797,On
-43.94,11.07,107.02,15428.74,730.00,4834.00,4.83,-6.96,-34.22,27.54,-101.00,44.48,0.00,-18.51,9.02,0,0,0,0,0,0,5.00, 2.50, 14.71, 3.69, 4802,On
-44.00,11.03,106.47,15456.85,729.00,4827.00,4.83,-1.77,-10.52,22.52,-99.00,24.91,26.00,-19.22,8.80,0,0,0,0,0,0,5.00, 2.50, 14.71, 3.69, 4808,On
-44.00,10.98,105.93,15484.94,759.00,5027.00,5.03,16.17,-28.56,15.81,-60.00,36.43,60.00,-18.82,8.62,0,0,0,0,0,0,5.00, 2.50, 14.71, 3.69, 4813,On
-44.06,10.94,105.40,15512.35,756.00,5012.00,5.01,19.52,0.06,19.50,0.00,27.59,149.00,-18.79,8.38,0,0,0,0,0,0,5.00, 2.50, 14.71, 3.69, 4819,On
-44.06,10.89,104.89,15538.88,740.00,4906.00,4.91,46.54,-37.85,22.33,-39.00,64.01,61.00,-19.29,8.29,0,0,0,0,0,0,5.00, 2.50, 14.71, 3.69, 4825,On
-44.25,10.85,104.39,15565.28,725.00,4803.00,4.80,39.71,-39.22,19.97,-44.00,59.28,0.00,-18.68,8.15,0,0,0,0,0,0,5.00, 2.50, 14.71, 3.69, 4830,On
-44.31,10.80,103.89,15591.35,725.00,4804.00,4.80,22.06,-2.08,17.46,-5.00,28.21,0.00,-18.84,8.10,0,0,0,0,0,0,5.00, 2.50, 14.71, 3.69, 4836,On
-44.44,10.76,103.39,15617.75,711.00,4708.00,4.71,29.37,-30.22,15.42,-45.00,44.88,207.00,-19.45,7.91,0,0,0,0,0,0,5.00, 2.50, 14.71, 3.69, 4842,On
-44.38,10.72,102.90,15643.93,708.00,4693.00,4.69,37.79,-29.50,16.96,-37.00,50.85,223.00,-19.43,7.79,0,0,0,0,0,0,5.00, 2.50, 14.71, 3.69, 4847,On
-44.50,10.67,102.39,15670.70,704.00,4668.00,4.67,10.14,2.04,21.42,11.00,23.78,80.00,-19.86,7.73,0,0,0,0,0,0,5.00, 2.50, 14.71, 3.69, 4853,On
-44.56,10.63,101.90,15697.02,726.00,4807.00,4.81,-2.00,12.50,34.29,99.00,36.55,121.00,-19.63,7.64,0,0,0,0,0,0,5.00, 2.50, 14.71, 3.69, 4858,On
-44.56,10.58,101.41,15723.44,753.00,4986.00,4.99,29.14,-8.83,15.98,-16.00,34.39,260.00,-20.02,7.66,0,0,0,0,0,0,5.00, 2.50, 14.71, 3.69, 4864,On
-44.69,10.54,100.93,15749.23,758.00,5019.00,5.02,17.97,-27.79,15.50,-57.00,36.55,87.00,-19.32,7.73,0,0,0,0,0,0,5.00, 2.50, 14.71, 3.69, 4870,On
-44.56,10.50,100.43,15776.02,740.00,4901.00,4.90,34.79,-34.38,16.87,-44.00,51.74,99.00,-19.06,7.89,0,0,0,0,0,0,5.00, 2.50, 14.71, 3.69, 4875,On
-44.56,10.46,99.96,15801.70,722.00,4785.00,4.79,26.29,-1.73,17.77,-3.00,31.78,166.00,-19.35,8.10,0,0,0,0,0,0,5.00, 2.50, 14.71, 3.69, 4881,On
-44.38,10.41,99.50,15826.41,730.00,4835.00,4.84,13.52,-49.27,24.06,-74.00,56.47,0.00,-18.75,8.21,0,0,0,0,0,0,5.00, 2.50, 14.71, 3.69, 4886,On
-44.50,10.37,99.06,15850.55,736.00,4874.00,4.87,-4.89,-28.37,23.93,-99.00,37.44,0.00,-18.77,8.22,0,0,0,0,0,0,5.00, 2.50, 14.71, 3.69, 4892,On
-44.38,10.33,98.61,15875.52,726.00,4813.00,4.81,31.39,-34.10,16.25,-47.00,49.12,268.00,-19.22,8.08,0,0,0,0,0,0,5.00, 2.50, 14.71, 3.69, 4898,On
-44.50,10.29,98.17,15899.66,733.00,4858.00,4.86,6.27,-25.54,18.02,-76.00,31.88,127.00,-18.80,8.07,0,0,0,0,0,0,5.00, 2.50, 14.71, 3.69, 4903,On
-44.38,10.25,97.73,15923.98,736.00,4880.00,4.88,37.04,-37.72,18.37,-45.00,55.97,0.00,-18.93,8.00,0,0,0,0,0,0,5.00, 2.50, 14.71, 3.69, 4909,On
-44.44,10.20,97.29,15948.43,718.00,4758.00,4.76,2.48,-35.79,21.97,-86.00,42.07,0.00,-19.01,7.89,0,0,0,0,0,0,5.00, 2.50, 14.71, 3.69, 4914,On
-44.38,10.16,96.85,15972.48,655.00,4337.00,4.34,16.83,-39.92,18.56,-67.00,47.13,72.00,-19.58,7.68,0,0,0,0,0,0,5.00, 2.50, 14.71, 3.69, 4920,On
-44.38,10.12,96.42,15996.46,601.00,3980.00,3.98,52.92,-22.27,23.14,-22.00,61.90,0.00,-20.02,7.59,0,0,0,0,0,0,5.00, 2.50, 14.71, 3.69, 4926,On
-44.50,10.08,95.98,16021.22,603.00,3993.00,3.99,20.52,-42.58,18.87,-64.00,50.90,48.00,-20.28,7.48,0,0,0,0,0,0,5.00, 2.50, 14.71, 3.69, 4931,On
-44.44,10.04,95.56,16044.99,526.00,3487.00,3.49,22.29,0.52,18.21,1.00,28.79,149.00,-19.91,7.28,0,0,0,0,0,0,5.00, 2.50, 14.71, 3.69, 4937,On
-44.50,10.00,95.13,16069.25,577.00,3822.00,3.82,17.97,-22.87,14.96,-51.00,32.71,180.00,-20.55,7.06,0,0,0,0,0,0,5.00, 2.50, 14.71, 3.69, 4943,On
-44.56,9.96,94.68,16094.61,575.00,3809.00,3.81,29.58,-39.58,18.17,-53.00,52.65,480.00,-22.06,6.82,0,0,0,0,0,0,5.00, 2.50, 14.71, 3.69, 4948,On
-44.50,9.91,94.22,16121.00,607.00,4024.00,4.02,51.00,-27.56,21.71,-28.00,61.90,0.00,-21.09,6.71,0,0,0,0,0,0,5.00, 2.50, 14.71, 3.69, 4954,On
-44.38,9.87,93.75,16147.54,603.00,3999.00,4.00,24.08,-39.58,17.14,-58.00,49.40,110.00,-20.98,6.64,0,0,0,0,0,0,5.00, 2.50, 14.71, 3.69, 4959,On
-44.31,9.83,93.30,16173.42,611.00,4048.00,4.05,30.37,-5.08,17.27,-9.00,35.31,56.00,-20.45,6.76,0,0,0,0,0,0,5.00, 2.50, 14.71, 3.69, 4965,On
-44.19,9.80,92.87,16198.41,616.00,4081.00,4.08,21.89,-33.68,15.81,-56.00,43.17,114.00,-20.15,6.95,0,0,0,0,0,0,5.00, 2.50, 14.71, 3.69, 4971,On
-44.06,9.76,92.43,16223.40,615.00,4076.00,4.08,35.75,-7.33,17.18,-11.00,40.34,92.00,-19.93,7.45,0,0,0,0,0,0,5.00, 2.50, 14.71, 3.69, 4976,On
-43.94,9.72,92.01,16247.83,687.00,4549.00,4.55,35.14,-39.18,18.83,-48.00,55.90,0.00,-19.82,7.68,0,0,0,0,0,0,5.00, 2.50, 14.71, 3.69, 4982,On
-43.88,9.68,91.60,16271.85,743.00,4920.00,4.92,24.79,-7.81,17.06,-17.00,31.09,0.00,-19.59,7.85,0,0,0,0,0,0,5.00, 2.50, 14.71, 3.69, 4987,On
-43.88,9.64,91.16,16297.38,700.00,4642.00,4.64,4.68,-10.35,18.68,-65.00,21.87,49.00,-19.83,7.93,0,0,0,0,0,0,5.00, 2.50, 14.71, 3.69, 4993,On
-43.81,9.60,90.73,16322.63,750.00,4972.00,4.97,6.60,-39.63,21.18,-80.00,45.41,235.00,-19.58,8.13,0,0,0,0,0,0,5.00, 2.50, 14.71, 3.69, 4999,On
-43.69,9.56,90.31,16347.65,752.00,4981.00,4.98,39.71,-9.79,18.17,-13.00,44.75,70.00,-19.01,8.17,0,0,0,0,0,0,5.00, 2.50, 14.71, 3.69, 5004,On
-43.56,9.52,89.88,16372.87,749.00,4965.00,4.97,9.68,-15.29,16.75,-57.00,24.66,80.00,-18.99,8.50,0,0,0,0,0,0,5.00, 2.50, 14.71, 3.69, 5010,On
-43.56,9.48,89.46,16397.60,746.00,4945.00,4.95,-7.50,-26.47,26.17,-105.00,37.97,178.00,-18.73,8.93,0,0,0,0,0,0,5.00, 2.50, 14.71, 3.69, 5016,On
-43.44,9.44,89.03,16423.69,716.00,4742.00,4.74,29.29,1.93,19.31,3.00,35.14,51.00,-18.45,9.00,0,0,0,0,0,0,5.00, 2.50, 14.71, 3.69, 5021,On
-43.38,9.40,88.59,16449.46,703.00,4661.00,4.66,21.75,-43.58,19.77,-63.00,52.57,0.00,-19.08,9.00,0,0,0,0,0,0,5.00, 2.50, 14.71, 3.69, 5027,On
-43.31,9.36,88.17,16474.80,712.00,4717.00,4.72,37.56,-23.96,16.33,-32.00,47.45,126.00,-18.94,8.88,23,12,0,0,0,0,5.00, 2.50, 14.71, 3.69, 5032,On
-43.19,9.32,87.76,16499.50,718.00,4758.00,4.76,24.92,-31.22,14.92,-51.00,42.64,218.00,-19.22,8.70,107,58,0,0,0,0,5.00, 2.50, 14.71, 3.69, 5038,On
-43.25,9.28,87.35,16524.12,707.00,4682.00,4.68,45.27,-19.64,18.96,-23.00,52.86,0.00,-19.48,8.61,208,105,0,0,0,0,5.00, 2.50, 14.71, 3.69, 5044,On
-43.13,9.24,86.95,16548.42,694.00,4596.00,4.60,-2.35,-30.96,23.67,-94.00,39.04,0.00,-19.54,8.51,223,102,0,0,0,0,5.00, 2.50, 14.71, 3.69, 5049,On
-43.00,9.20,86.56,16572.31,674.00,4463.00,4.46,8.33,-43.10,22.12,-79.00,49.16,139.00,-18.89,8.29,345,172,0,0,0,0,5.00, 2.50, 14.71, 3.69, 5055,On
-43.00,9.17,86.16,16596.64,582.00,3859.00,3.86,24.93,-37.93,16.96,-56.00,48.46,57.00,-18.68,8.12,741,388,0,0,0,0,5.00, 2.50, 14.71, 3.69, 5060,On
-42.88,9.13,85.78,16620.33,592.00,3922.00,3.92,16.60,-47.21,22.08,-70.00,54.70,70.00,-18.16,8.30,966,490,0,0,0,0,5.00, 2.50, 14.71, 3.69, 5066,On
-42.69,9.09,85.37,16645.21,600.00,3977.00,3.98,9.83,-36.43,19.27,-74.00,42.37,0.00,-18.66,8.50,818,390,0,0,0,0,5.00, 2.50, 14.71, 3.69, 5072,On
-42.69,9.05,84.97,16670.17,610.00,4045.00,4.05,-10.67,-27.22,28.60,-111.00,40.90,152.00,-18.55,8.69,544,236,0,0,0,0,5.00, 2.50, 14.71, 3.69, 5077,On
-42.50,9.02,84.55,16696.04,610.00,4043.00,4.04,27.27,-55.77,27.89,-63.00,68.05,64.00,-18.18,8.73,361,145,0,0,0,0,5.00, 2.50, 14.71, 3.69, 5083,On
-42.38,8.98,84.13,16722.49,607.00,4020.00,4.02,23.47,-39.88,18.12,-59.00,49.70,108.00,-18.21,8.76,212,75,0,0,0,0,5.00, 2.50, 14.71, 3.69, 5089,On
-42.19,8.94,83.72,16747.92,617.00,4091.00,4.09,12.81,-45.39,21.58,-74.00,51.87,62.00,-17.72,8.80,131,28,0,0,0,0,5.00, 2.50, 14.71, 3.69, 5094,On
-42.06,8.90,83.32,16773.28,632.00,4186.00,4.19,48.27,-31.83,21.10,-33.00,61.55,0.00,-17.75,9.21,65,1,0,0,0,0,5.00, 2.50, 14.71, 3.69, 5100,On
-42.00,8.86,82.92,16798.35,661.00,4377.00,4.38,3.50,-22.87,18.96,-81.00,29.92,63.00,-17.98,9.32,22,0,0,0,0,0,5.00, 2.50, 14.71, 3.69, 5105,On
-41.94,8.83,82.52,16824.04,679.00,4496.00,4.50,3.48,-14.77,19.42,-76.00,24.64,130.00,-18.07,9.07,1,0,0,0,0,0,5.00, 2.50, 14.71, 3.69, 5111,On
-41.88,8.79,82.11,16849.55,662.00,4384.00,4.38,-1.54,-36.22,23.89,-92.00,43.42,0.00,-18.21,8.83,0,0,0,0,0,0,5.00, 2.50, 14.71, 3.69, 5117,On
-41.75,8.75,81.72,16874.74,705.00,4675.00,4.68,48.39,-3.38,23.14,-3.00,53.75,19.00,-17.58,8.72,0,0,0,0,0,0,5.00, 2.50, 14.71, 3.69, 5122,On
-41.88,8.71,81.33,16899.83,742.00,4915.00,4.92,-1.17,-0.79,25.14,-145.00,25.18,0.00,-17.33,8.83,0,0,0,0,0,0,5.00, 2.50, 14.71, 3.69, 5128,On
-41.88,8.68,80.93,16925.26,702.00,4649.00,4.65,33.68,-9.83,16.87,-16.00,38.94,62.00,-17.62,8.94,0,0,0,0,0,0,5.00, 2.50, 14.71, 3.69, 5133,On
-41.94,8.64,80.55,16950.25,716.00,4742.00,4.74,9.48,-10.04,17.35,-46.00,22.17,161.00,-18.35,8.83,0,0,0,0,0,0,5.00, 2.50, 14.71, 3.69, 5139,On
-41.88,8.60,80.16,16975.27,708.00,4689.00,4.69,19.52,-3.75,17.77,-10.00,26.66,88.00,-18.12,8.54,0,0,0,0,0,0,5.00, 2.50, 14.71, 3.69, 5145,On
-41.81,8.57,79.79,16999.14,700.00,4641.00,4.64,-2.48,-12.46,22.75,-101.00,26.06,139.00,-17.98,8.32,0,0,0,0,0,0,5.00, 2.50, 14.71, 3.69, 5150,On
-41.88,8.53,79.42,17023.37,703.00,4658.00,4.66,28.81,-41.60,18.60,-55.00,53.91,120.00,-18.18,8.07,0,0,0,0,0,0,5.00, 2.50, 14.71, 3.69, 5156,On
-41.94,8.50,79.03,17049.19,721.00,4776.00,4.78,29.64,-15.77,15.06,-28.00,36.80,3.00,-17.65,8.01,0,0,0,0,0,0,5.00, 2.50, 14.71, 3.69, 5161,On
-42.06,8.46,78.62,17076.05,748.00,4953.00,4.95,23.00,-9.10,15.14,-21.00,29.00,0.00,-18.21,8.26,0,0,0,0,0,0,5.00, 2.50, 14.71, 3.69, 5167,On
-42.31,8.43,78.17,17105.58,759.00,5026.00,5.03,9.88,16.89,32.02,59.00,37.52,0.00,-18.30,8.30,0,0,0,0,0,0,5.00, 2.50, 14.71, 3.69, 5173,On
-42.56,8.39,77.67,17139.12,731.00,4841.00,4.84,31.35,30.37,45.71,44.00,63.20,249.00,-20.83,8.01,0,0,0,0,0,0,5.00, 2.50, 14.71, 3.69, 5178,On
-42.69,8.36,77.07,17179.38,689.00,4568.00,4.57,23.87,-53.06,24.60,-65.00,63.17,85.00,-21.44,7.86,0,0,0,0,0,0,5.00, 2.50, 14.71, 3.69, 5184,On
-42.69,8.32,76.46,17220.22,716.00,4745.00,4.75,20.08,-4.06,16.75,-11.00,26.46,0.00,-20.53,7.62,0,0,0,0,0,0,5.00, 2.50, 14.71, 3.69, 5190,On
-42.75,8.29,75.90,17258.28,711.00,4708.00,4.71,7.18,-53.35,29.58,-82.00,61.42,0.00,-20.12,7.64,55,25,0,0,0,0,5.00, 2.50, 14.71, 3.69, 5195,On
-42.88,8.25,75.33,17297.10,714.00,4732.00,4.73,29.14,-52.96,24.64,-61.00,65.28,0.00,-20.88,7.42,93,24,0,0,0,0,5.00, 2.50, 14.71, 3.69, 5201,On
-42.81,8.22,74.79,17333.82,717.00,4751.00,4.75,-9.00,-2.42,30.92,-164.00,32.29,180.00,-20.39,7.24,60,3,0,0,0,0,5.00, 2.50, 14.71, 3.69, 5206,On
-42.94,8.18,74.27,17369.94,713.00,4728.00,4.73,23.00,25.06,35.43,47.00,49.12,0.00,-20.84,7.13,17,0,0,0,0,0,5.00, 2.50, 14.71, 3.69, 5212,On
-43.06,8.15,73.75,17405.60,704.00,4665.00,4.67,-12.21,-48.35,41.54,-104.00,64.90,139.00,-21.01,7.01,2,0,0,0,0,0,5.00, 2.50, 14.71, 3.69, 5218,On
-43.00,8.12,73.24,17441.12,705.00,4673.00,4.67,-5.96,-35.71,26.68,-99.00,44.97,23.00,-20.59,6.79,0,0,0,0,0,0,5.00, 2.50, 14.71, 3.69, 5223,On
-42.94,8.08,72.75,17475.19,743.00,4920.00,4.92,37.47,-23.39,16.21,-31.00,47.06,186.00,-20.32,6.69,0,0,0,0,0,0,5.00, 2.50, 14.71, 3.69, 5229,On
-42.81,8.05,72.30,17507.28,782.00,5178.00,5.18,33.38,0.71,20.21,1.00,39.02,8.00,-19.89,6.61,0,0,0,0,0,0,5.00, 2.50, 14.71, 3.69, 5234,On
-42.56,8.01,71.87,17537.66,796.00,5271.00,5.27,32.33,-30.71,15.58,-43.00,47.24,91.00,-19.72,6.68,0,0,0,0,0,0,5.00, 2.50, 14.71, 3.69, 5240,On
-42.50,7.98,71.47,17566.01,799.00,5294.00,5.29,26.87,-40.64,17.31,-56.00,51.71,61.00,-19.03,6.84,0,0,0,0,0,0,5.00, 2.50, 14.71, 3.69, 5246,On
-42.38,7.95,71.09,17593.17,756.00,5014.00,5.01,-7.10,-26.27,24.87,-105.00,36.87,69.00,-18.90,7.00,0,0,0,0,0,0,5.00, 2.50, 14.71, 3.69, 5251,On
-42.19,7.91,70.73,17619.36,760.00,5039.00,5.04,12.96,-19.72,15.89,-56.00,28.45,50.00,-18.31,7.37,0,0,0,0,0,0,5.00, 2.50, 14.71, 3.69, 5257,On
-42.13,7.88,70.37,17644.86,755.00,5005.00,5.01,31.22,-3.50,18.33,-6.00,36.38,38.00,-17.96,7.60,0,0,0,0,0,0,5.00, 2.50, 14.71, 3.69, 5262,On
-41.81,7.85,70.02,17670.15,737.00,4883.00,4.88,11.77,-35.92,17.89,-71.00,41.82,46.00,-17.46,8.32,0,0,0,0,0,0,5.00, 2.50, 14.71, 3.69, 5268,On
-41.75,7.81,69.68,17694.66,730.00,4838.00,4.84,30.25,-42.58,18.60,-54.00,55.45,33.00,-17.37,8.79,0,0,0,0,0,0,5.00, 2.50, 14.71, 3.69, 5274,On
-41.56,7.78,69.35,17719.13,736.00,4877.00,4.88,13.71,-35.14,16.83,-68.00,41.31,27.00,-17.02,9.17,0,0,0,0,0,0,5.00, 2.50, 14.71, 3.69, 5279,On
-41.63,7.75,69.01,17744.13,745.00,4937.00,4.94,-1.06,-17.22,20.60,-93.00,26.87,82.00,-17.19,9.34,0,0,0,0,0,0,5.00, 2.50, 14.71, 3.69, 5285,On
-41.50,7.72,68.68,17768.22,766.00,5072.00,5.07,1.93,-39.35,23.18,-87.00,45.71,0.00,-17.36,9.53,0,0,0,0,0,0,5.00, 2.50, 14.71, 3.69, 5291,On
-41.31,7.68,68.35,17792.64,749.00,4960.00,4.96,15.10,-44.43,20.43,-71.00,51.18,65.00,-17.32,9.48,0,0,0,0,0,0,5.00, 2.50, 14.71, 3.69, 5296,On
-41.25,7.65,68.07,17813.54,724.00,4794.00,4.79,18.42,-6.46,16.43,-19.00,25.51,225.00,-17.26,9.08,0,0,0,0,0,0,5.00, 2.50, 14.71, 3.69, 5302,On
-41.25,7.62,67.85,17829.46,708.00,4692.00,4.69,14.54,-28.85,15.77,-63.00,35.95,114.00,-17.34,8.91,0,0,0,0,0,0,5.00, 2.50, 14.71, 3.69, 5307,On
-41.31,7.58,67.69,17841.64,740.00,4901.00,4.90,21.75,-30.75,14.75,-54.00,40.45,175.00,-17.48,8.94,0,0,0,0,0,0,5.00, 2.50, 14.71, 3.69, 5313,On
-41.19,7.55,67.56,17851.03,719.00,4767.00,4.77,25.68,-5.73,17.62,-12.00,31.67,0.00,-17.64,8.94,0,0,0,0,0,0,5.00, 2.50, 14.71, 3.69, 5319,On
-40.94,7.52,67.46,17858.27,734.00,4867.00,4.87,-7.81,-22.14,24.87,-109.00,34.21,0.00,-17.62,8.72,0,0,0,0,0,0,5.00, 2.50, 14.71, 3.69, 5324,On
-40.75,7.49,67.39,17863.91,708.00,4692.00,4.69,19.47,2.77,21.22,8.00,28.94,0.00,-17.95,8.29,0,0,0,0,0,0,5.00, 2.50, 14.71, 3.69, 5330,On
-40.63,7.45,67.33,17868.37,711.00,4712.00,4.71,-6.31,-10.21,25.46,-121.00,28.14,94.00,-17.50,8.03,0,0,0,0,0,0,5.00, 2.50, 14.71, 3.69, 5335,On
-40.44,7.42,67.28,17871.91,708.00,4693.00,4.69,26.85,-30.18,14.92,-48.00,43.06,53.00,-17.26,7.81,0,0,0,0,0,0,5.00, 2.50, 14.71, 3.69, 5341,On
-40.38,7.39,67.24,17874.80,706.00,4679.00,4.68,-3.83,-19.72,22.47,-100.00,30.15,0.00,-16.94,7.85,0,0,0,0,0,0,5.00, 2.50, 14.71, 3.69, 5347,On
-40.31,7.36,67.21,17877.18,699.00,4629.00,4.63,31.22,-13.14,15.67,-22.00,37.32,0.00,-17.46,8.02,0,0,0,0,0,0,5.00, 2.50, 14.71, 3.69, 5352,On
-40.31,7.32,67.18,17879.21,698.00,4622.00,4.62,37.68,-5.60,18.92,-8.00,42.54,90.00,-17.43,7.97,0,0,0,0,0,0,5.00, 2.50, 14.71, 3.69, 5358,On
-40.19,7.29,67.16,17880.89,714.00,4728.00,4.73,33.25,-35.79,16.60,-47.00,51.60,3.00,-17.72,7.86,0,0,0,0,0,0,5.00, 2.50, 14.71, 3.69, 5363,On
-40.19,7.26,67.14,17882.35,754.00,4993.00,4.99,22.89,3.98,20.02,9.00,30.67,92.00,-17.39,7.79,0,0,0,0,0,0,5.00, 2.50, 14.71, 3.69, 5369,On
-40.13,7.23,67.12,17883.66,793.00,5255.00,5.26,13.00,-43.06,20.60,-73.00,49.47,0.00,-17.26,7.76,0,0,0,0,0,0,5.00, 2.50, 14.71, 3.69, 5375,On
-40.06,7.20,67.11,17884.85,772.00,5112.00,5.11,14.81,3.58,20.25,13.00,25.34,147.00,-17.99,8.03,0,0,0,0,0,0,5.00, 2.50, 14.71, 3.69, 5380,On
-40.00,7.17,67.09,17885.94,765.00,5069.00,5.07,45.67,-7.02,22.02,-8.00,51.18,129.00,-17.55,7.95,0,0,0,0,0,0,5.00, 2.50, 14.71, 3.69, 5386,On
-39.94,7.14,67.08,17886.98,770.00,5100.00,5.10,37.08,-12.54,16.79,-18.00,42.60,0.00,-17.42,7.72,0,0,0,0,0,0,5.00, 2.50, 14.71, 3.69, 5392,On
-40.00,7.11,67.07,17887.92,755.00,5003.00,5.00,16.39,-43.02,19.04,-69.00,49.82,99.00,-17.37,7.52,0,0,0,0,0,0,5.00, 2.50, 14.71, 3.69, 5397,On
-40.00,7.08,67.06,17888.87,744.00,4927.00,4.93,20.21,-22.52,14.39,-48.00,33.50,0.00,-17.11,7.40,0,0,0,0,0,0,5.00, 2.50, 14.71, 3.69, 5403,On
-40.25,7.04,67.04,17889.79,754.00,4995.00,5.00,-3.88,-15.42,23.93,-104.00,28.73,39.00,-18.41,7.35,0,0,0,0,0,0,5.00, 2.50, 14.71, 3.69, 5408,On
-40.38,7.01,67.03,17890.67,721.00,4774.00,4.77,1.93,-16.10,19.50,-83.00,25.36,179.00,-18.09,7.32,0,0,0,0,0,0,5.00, 2.50, 14.71, 3.69, 5414,On
-40.38,6.98,67.02,17891.51,736.00,4874.00,4.87,48.71,-18.83,20.25,-21.00,56.01,0.00,-17.93,7.17,0,0,0,0,0,0,5.00, 2.50, 14.71, 3.69, 5420,On
-40.25,6.95,67.01,17892.36,778.00,5152.00,5.15,25.14,-12.67,15.27,-26.00,32.03,63.00,-17.55,7.22,0,0,0,0,0,0,5.00, 2.50, 14.71, 3.69, 5425,On
-40.31,6.92,67.00,17893.20,789.00,5225.00,5.23,44.29,-19.25,18.37,-23.00,51.67,0.00,-17.30,7.42,0,0,0,0,0,0,5.00, 2.50, 14.71, 3.69, 5431,On
-40.31,6.89,66.99,17894.00,767.00,5085.00,5.09,2.71,-3.18,22.33,-49.00,22.72,27.00,-17.72,7.62,0,0,0,0,0,0,5.00, 2.50, 14.71, 3.69, 5436,On
-40.31,6.86,66.98,17894.82,772.00,5112.00,5.11,28.46,-30.06,14.92,-46.00,44.00,0.00,-17.55,7.43,0,0,0,0,0,0,5.00, 2.50, 14.71, 3.69, 5442,On
-40.31,6.83,66.97,17895.63,756.00,5009.00,5.01,27.60,5.31,21.46,10.00,35.36,52.00,-17.57,7.31,0,0,0,0,0,0,5.00, 2.50, 14.71, 3.69, 5448,On
-40.25,6.80,66.95,17896.45,764.00,5064.00,5.06,13.17,-7.93,17.58,-31.00,23.36,232.00,-18.18,7.08,0,0,0,0,0,0,5.00, 2.50, 14.71, 3.69, 5453,On
-40.13,6.77,66.94,17897.24,774.00,5129.00,5.13,0.27,-43.54,25.97,-89.00,50.70,45.00,-18.05,7.11,0,0,0,0,0,0,5.00, 2.50, 14.71, 3.69, 5459,On
-40.25,6.74,66.93,17898.02,760.00,5033.00,5.03,32.31,-26.79,14.88,-39.00,44.53,14.00,-18.07,6.91,0,0,0,0,0,0,5.00, 2.50, 14.71, 3.69, 5464,On
-40.00,6.71,66.92,17898.83,747.00,4950.00,4.95,7.42,-6.68,18.17,-42.00,20.73,0.00,-17.71,6.75,0,0,0,0,0,0,5.00, 2.50, 14.71, 3.69, 5470,On
-40.06,6.69,66.91,17899.60,760.00,5033.00,5.03,16.92,-44.22,19.89,-69.00,51.36,0.00,-17.77,6.69,0,0,0,0,0,0,5.00, 2.50, 14.71, 3.69, 5476,On
-40.00,6.66,66.90,17900.38,768.00,5086.00,5.09,33.88,-49.18,22.87,-55.00,63.95,54.00,-17.48,6.72,0,0,0,0,0,0,5.00, 2.50, 14.71, 3.69, 5481,On
-40.00,6.63,66.89,17901.14,757.00,5013.00,5.01,24.08,-6.04,16.79,-14.00,29.97,0.00,-17.14,6.92,0,0,0,0,0,0,5.00, 2.50, 14.71, 3.69, 5487,On
-39.94,6.60,66.88,17901.92,743.00,4924.00,4.92,37.64,-12.93,16.43,-18.00,43.06,0.00,-16.95,7.20,0,0,0,0,0,0,5.00, 2.50, 14.71, 3.69, 5492,On
-40.00,6.57,66.87,17902.67,755.00,5002.00,5.00,28.54,-25.93,14.08,-42.00,41.05,81.00,-16.61,7.42,0,0,0,0,0,0,5.00, 2.50, 14.71, 3.69, 5498,On
-40.06,6.54,66.86,17903.46,766.00,5077.00,5.08,-7.75,-28.64,25.89,-105.00,39.38,116.00,-16.70,7.54,0,0,0,0,0,0,5.00, 2.50, 14.71, 3.69, 5504,On
-40.06,6.51,66.85,17904.21,736.00,4877.00,4.88,35.04,-27.52,15.67,-38.00,47.23,81.00,-16.64,7.82,0,0,0,0,0,0,5.00, 2.50, 14.71, 3.69, 5509,On
-40.19,6.48,66.84,17904.96,739.00,4896.00,4.90,12.29,-32.31,16.87,-69.00,38.47,22.00,-16.43,8.18,0,0,0,0,0,0,5.00, 2.50, 14.71, 3.69, 5515,On
-40.19,6.45,66.83,17905.76,738.00,4893.00,4.89,31.08,-29.77,15.42,-43.00,45.72,14.00,-16.15,8.43,0,0,0,0,0,0,5.00, 2.50, 14.71, 3.69, 5521,On
-40.25,6.43,66.82,17906.50,723.00,4792.00,4.79,15.42,-27.04,15.06,-60.00,34.58,0.00,-16.15,8.41,0,0,0,0,0,0,5.00, 2.50, 14.71, 3.69, 5526,On
-40.25,6.40,66.81,17907.25,731.00,4847.00,4.85,20.39,-16.42,14.48,-38.00,29.91,175.00,-16.94,8.31,0,0,0,0,0,0,5.00, 2.50, 14.71, 3.69, 5532,On
-40.31,6.37,66.80,17908.02,747.00,4947.00,4.95,30.43,-6.77,15.98,-12.00,35.03,63.00,-16.83,8.07,0,0,0,0,0,0,5.00, 2.50, 14.71, 3.69, 5537,On
-40.25,6.34,66.79,17908.78,727.00,4814.00,4.81,30.72,-34.97,16.52,-48.00,49.40,0.00,-16.70,7.94,0,0,0,0,0,0,5.00, 2.50, 14.71, 3.69, 5543,On
-40.38,6.31,66.78,17909.51,685.00,4536.00,4.54,49.10,-38.25,23.54,-37.00,66.54,60.00,-16.88,7.75,0,0,0,0,0,0,5.00, 2.50, 14.71, 3.69, 5549,On
-40.38,6.29,66.77,17910.24,641.00,4250.00,4.25,21.97,17.35,27.54,38.00,39.27,95.00,-16.64,7.37,0,0,0,0,0,0,5.00, 2.50, 14.71, 3.69, 5554,On
-40.31,6.26,66.76,17910.98,680.00,4504.00,4.50,0.00,-34.79,22.43,-90.00,41.40,19.00,-16.35,7.34,0,0,0,0,0,0,5.00, 2.50, 14.71, 3.69, 5560,On
-40.19,6.23,66.75,17911.70,720.00,4770.00,4.77,20.31,-8.71,16.79,-23.00,27.75,0.00,-16.09,7.67,253,167,0,0,0,0,5.00, 2.50, 14.71, 3.69, 5565,On
-40.13,6.21,66.75,17912.13,715.00,4735.00,4.74,-0.67,-22.67,20.25,-91.00,30.40,53.00,-16.02,7.88,2088,1473,0,0,0,0,5.00, 2.50, 14.71, 3.69, 5571,On
-40.00,6.20,66.74,17912.62,724.00,4799.00,4.80,22.29,-38.85,16.68,-60.00,47.80,39.00,-15.74,8.29,6647,4752,0,0,0,0,5.00, 2.50, 14.71, 3.69, 5577,On
-39.94,6.16,66.73,17913.49,717.00,4752.00,4.75,25.77,-35.43,15.89,-53.00,46.60,17.00,-15.67,8.53,10891,7792,0,0,0,0,5.00, 2.50, 14.71, 3.69, 5582,On
-39.88,6.13,66.72,17914.30,718.00,4757.00,4.76,15.02,-19.37,15.58,-52.00,29.05,20.00,-15.58,8.74,14744,10412,0,0,0,0,5.00, 2.50, 14.71, 3.69, 5588,On
-39.81,6.10,66.71,17915.09,719.00,4763.00,4.76,51.17,-33.29,22.92,-33.00,65.20,35.00,-15.42,9.00,15296,10651,0,0,0,0,5.00, 2.50, 14.71, 3.69, 5593,On
-39.81,6.07,66.70,17915.90,683.00,4523.00,4.52,21.18,-27.83,14.96,-52.00,38.04,38.00,-15.48,9.17,13336,9179,0,0,0,0,5.00, 2.50, 14.71, 3.69, 5599,On
-39.75,6.04,66.69,17916.68,718.00,4754.00,4.75,32.72,-31.71,15.50,-44.00,48.13,64.00,-15.36,9.05,10469,7131,0,0,0,0,5.00, 2.50, 14.71, 3.69, 5605,On
-39.56,6.01,66.68,17917.46,775.00,5132.00,5.13,27.79,0.79,18.60,1.00,33.45,63.00,-15.24,8.90,7481,4973,0,0,0,0,5.00, 2.50, 14.71, 3.69, 5610,On
-39.38,5.99,66.67,17918.20,842.00,5578.00,5.58,11.68,-1.48,19.89,-7.00,23.12,58.00,-14.96,8.97,5614,3621,0,0,0,0,5.00, 2.50, 14.71, 3.69, 5616,On
-39.44,5.96,66.66,17918.92,825.00,5465.00,5.47,-8.68,-30.87,27.10,-105.00,41.99,0.00,-15.30,8.97,3900,2434,0,0,0,0,5.00, 2.50, 14.71, 3.69, 5622,On
-39.31,5.93,66.65,17919.66,826.00,5475.00,5.48,41.13,-6.98,18.75,-9.00,45.73,48.00,-15.38,8.73,2829,1728,0,0,0,0,5.00, 2.50, 14.71, 3.69, 5627,On
-39.31,5.90,66.64,17920.38,809.00,5359.00,5.36,3.54,-33.50,20.37,-83.00,39.37,89.00,-15.24,8.28,1895,1134,0,0,0,0,5.00, 2.50, 14.71, 3.69, 5633,On
-39.13,5.88,66.63,17921.07,818.00,5423.00,5.42,12.88,-24.42,15.23,-62.00,31.52,50.00,-15.07,8.18,1338,777,0,0,0,0,5.00, 2.50, 14.71, 3.69, 5638,On
-39.06,5.85,66.62,17921.78,835.00,5530.00,5.53,22.33,-37.72,16.12,-59.00,46.71,72.00,-14.96,8.24,852,479,0,0,0,0,5.00, 2.50, 14.71, 3.69, 5644,On
-38.94,5.83,66.61,17922.50,846.00,5606.00,5.61,38.71,-14.88,17.18,-21.00,44.89,40.00,-14.89,8.34,618,341,0,0,0,0,5.00, 2.50, 14.71, 3.69, 5650,On
-38.69,5.80,66.60,17923.21,843.00,5587.00,5.59,0.89,-29.85,20.52,-88.00,36.23,21.00,-14.54,8.85,372,194,0,0,0,0,5.00, 2.50, 14.71, 3.69, 5655,On
-38.56,5.77,66.59,17923.89,831.00,5503.00,5.50,6.48,-35.27,19.14,-79.00,40.65,20.00,-14.34,9.15,236,118,0,0,0,0,5.00, 2.50, 14.71, 3.69, 5661,On
-38.50,5.75,66.58,17924.60,808.00,5350.00,5.35,12.48,-12.06,16.87,-44.00,24.20,22.00,-14.23,9.34,131,55,0,0,0,0,5.00, 2.50, 14.71, 3.69, 5666,On
-38.56,5.72,66.57,17925.28,794.00,5258.00,5.26,42.00,-20.77,17.22,-26.00,49.92,5.00,-14.34,9.17,75,15,0,0,0,0,5.00, 2.50, 14.71, 3.69, 5672,On
-38.38,5.70,66.56,17925.95,802.00,5314.00,5.31,37.08,-13.39,16.12,-19.00,42.60,67.00,-14.69,8.55,23,0,0,0,0,0,5.00, 2.50, 14.71, 3.69, 5678,On
-38.44,5.67,66.55,17926.63,804.00,5328.00,5.33,11.46,-46.00,22.21,-76.00,52.35,0.00,-14.72,8.20,3,0,0,0,0,0,5.00, 2.50, 14.71, 3.69, 5683,On
-38.25,5.65,66.54,17927.30,820.00,5431.00,5.43,19.42,-40.35,17.77,-64.00,48.17,0.00,-14.61,7.59,0,0,0,0,0,0,5.00, 2.50, 14.71, 3.69, 5689,On
-38.19,5.62,66.54,17927.99,819.00,5423.00,5.42,3.93,-40.75,22.33,-84.00,46.63,0.00,-14.71,7.48,0,0,0,0,0,0,5.00, 2.50, 14.71, 3.69, 5694,On
-38.06,5.60,66.53,17928.63,835.00,5533.00,5.53,9.39,-42.00,21.14,-77.00,47.95,5.00,-14.55,7.28,5,0,0,0,0,0,5.00, 2.50, 14.71, 3.69, 5700,On
-37.94,5.57,66.52,17929.30,845.00,5601.00,5.60,16.12,-36.88,16.87,-66.00,43.64,58.00,-14.92,7.32,8,0,0,0,0,0,5.00, 2.50, 14.71, 3.69, 5706,On
-37.81,5.55,66.51,17929.95,843.00,5583.00,5.58,18.29,-44.71,20.37,-67.00,52.43,22.00,-14.68,7.29,3,0,0,0,0,0,5.00, 2.50, 14.71, 3.69, 5711,On
-37.75,5.52,66.50,17930.62,835.00,5535.00,5.54,30.79,-29.46,15.18,-43.00,45.24,93.00,-14.65,7.43,5,0,0,0,0,0,5.00, 2.50, 14.71, 3.69, 5717,On
-37.69,5.50,66.49,17931.26,801.00,5304.00,5.30,18.29,-47.42,20.87,-68.00,54.94,0.00,-14.71,7.38,89,9,0,0,0,0,5.00, 2.50, 14.71, 3.69, 5722,On
-37.56,5.47,66.48,17931.91,783.00,5185.00,5.19,6.23,-36.04,19.54,-80.00,41.47,124.00,-14.95,7.32,199,28,0,0,0,0,5.00, 2.50, 14.71, 3.69, 5728,On
-37.44,5.45,66.48,17932.56,782.00,5178.00,5.18,10.89,-49.72,24.47,-77.00,56.48,49.00,-15.20,7.12,253,34,0,0,0,0,5.00, 2.50, 14.71, 3.69, 5734,On
-37.19,5.43,66.47,17933.20,762.00,5048.00,5.05,1.46,-26.43,20.43,-86.00,33.44,43.00,-15.08,6.93,250,26,0,0,0,0,5.00, 2.50, 14.71, 3.69, 5739,On
-37.06,5.40,66.46,17933.82,757.00,5016.00,5.02,31.79,-40.96,18.37,-52.00,55.01,0.00,-15.13,6.88,211,7,0,0,0,0,5.00, 2.50, 14.71, 3.69, 5745,On
-37.00,5.38,66.45,17934.48,739.00,4900.00,4.90,5.42,-41.17,21.93,-82.00,46.96,0.00,-14.99,6.66,168,1,0,0,0,0,5.00, 2.50, 14.71, 3.69, 5751,On
-36.75,5.35,66.44,17935.13,728.00,4826.00,4.83,20.79,-29.89,14.83,-55.00,39.32,104.00,-14.83,6.81,133,1,0,0,0,0,5.00, 2.50, 14.71, 3.69, 5756,On
-36.69,5.33,66.43,17935.75,743.00,4922.00,4.92,34.79,-49.56,23.04,-54.00,64.79,62.00,-14.68,6.76,112,0,0,0,0,0,5.00, 2.50, 14.71, 3.69, 5762,On
-36.63,5.31,66.42,17936.38,745.00,4937.00,4.94,17.52,0.06,19.46,0.00,26.18,29.00,-14.58,7.11,105,1,0,0,0,0,5.00, 2.50, 14.71, 3.69, 5767,On
-36.75,5.28,66.42,17937.00,759.00,5031.00,5.03,25.37,-18.39,14.48,-35.00,34.52,92.00,-14.64,7.69,105,1,0,0,0,0,5.00, 2.50, 14.71, 3.69, 5773,On
-36.69,5.26,66.41,17937.64,751.00,4975.00,4.98,44.21,-13.48,18.96,-16.00,49.95,51.00,-14.55,7.78,99,1,0,0,0,0,5.00, 2.50, 14.71, 3.69, 5779,On
-36.69,5.24,66.40,17938.25,749.00,4960.00,4.96,10.27,-11.81,17.10,-48.00,23.18,36.00,-14.38,7.90,94,2,0,0,0,0,5.00, 2.50, 14.71, 3.69, 5784,On
-36.63,5.21,66.39,17938.87,757.00,5013.00,5.01,40.10,-40.92,20.02,-45.00,60.69,42.00,-14.48,7.69,86,2,0,0,0,0,5.00, 2.50, 14.71, 3.69, 5790,On
-36.56,5.19,66.38,17939.51,770.00,5099.00,5.10,12.46,-32.52,16.68,-69.00,38.61,118.00,-14.54,7.38,61,1,0,0,0,0,5.00, 2.50, 14.71, 3.69, 5795,On
-36.56,5.17,66.38,17940.11,722.00,4784.00,4.78,-2.79,-22.71,20.96,-97.00,31.03,64.00,-14.41,7.17,15,0,0,0,0,0,5.00, 2.50, 14.71, 3.69, 5801,On
-36.44,5.14,66.37,17940.72,738.00,4891.00,4.89,17.87,-5.56,17.54,-17.00,25.65,25.00,-14.29,6.90,0,0,0,0,0,0,5.00, 2.50, 14.71, 3.69, 5807,On
-36.31,5.12,66.36,17941.32,729.00,4832.00,4.83,17.89,-41.72,18.47,-66.00,49.01,10.00,-14.24,7.04,0,0,0,0,0,0,5.00, 2.50, 14.71, 3.69, 5812,On
-36.19,5.10,66.35,17941.92,718.00,4759.00,4.76,-5.68,-20.97,22.79,-105.00,31.49,10.00,-14.13,7.22,0,0,0,0,0,0,5.00, 2.50, 14.71, 3.69, 5818,On
-36.00,5.08,66.34,17942.50,701.00,4643.00,4.64,33.56,-31.56,15.77,-43.00,48.69,55.00,-14.24,7.54,0,0,0,0,0,0,5.00, 2.50, 14.71, 3.69, 5823,On
-35.94,5.05,66.34,17943.12,697.00,4622.00,4.62,-10.08,-17.87,26.02,-119.00,33.14,0.00,-14.20,7.33,0,0,0,0,0,0,5.00, 2.50, 14.71, 3.69, 5829,On
-35.81,5.03,66.33,17943.69,720.00,4768.00,4.77,5.81,-4.18,19.81,-35.00,21.06,0.00,-14.14,7.26,0,0,0,0,0,0,5.00, 2.50, 14.71, 3.69, 5835,On
-35.75,5.01,66.32,17944.28,728.00,4826.00,4.83,38.04,1.39,21.67,2.00,43.80,52.00,-13.92,7.29,0,0,0,0,0,0,5.00, 2.50, 14.71, 3.69, 5840,On
-35.63,4.99,66.31,17944.88,765.00,5066.00,5.07,17.18,-31.71,15.63,-61.00,39.30,38.00,-13.86,7.36,302,203,0,0,0,0,5.00, 2.50, 14.71, 3.69, 5846,On
-35.63,4.96,66.30,17945.50,781.00,5172.00,5.19,30.60,5.08,21.85,9.00,37.94,42.00,-13.58,7.50,1927,1224,0,0,0,0,5.00, 2.50, 14.71, 3.69, 5851,On
-35.38,4.94,66.30,17946.09,801.00,5304.00,5.31,25.37,-31.39,15.27,-51.00,43.16,26.00,-13.50,7.69,4350,2718,0,0,0,0,5.00, 2.50, 14.71, 3.69, 5857,On
-35.38,4.92,66.29,17946.67,848.00,5619.00,5.62,27.25,-44.10,18.68,-58.00,55.10,61.00,-13.37,7.65,6119,3972,0,0,0,0,5.00, 2.50, 14.71, 3.69, 5863,On
-35.25,4.90,66.28,17947.22,854.00,5657.00,5.66,-0.42,-7.98,21.97,-92.00,23.38,0.00,-13.33,7.69,10126,6913,0,0,0,0,5.00, 2.50, 14.71, 3.69, 5868,On
-35.25,4.88,66.27,17947.70,845.00,5600.00,5.60,11.33,-10.13,16.79,-41.00,22.65,11.00,-13.44,7.52,12030,8263,0,0,0,0,5.00, 2.50, 14.71, 3.69, 5874,On
-35.25,4.87,66.27,17948.13,848.00,5619.00,5.62,0.14,-32.81,21.71,-89.00,39.34,77.00,-13.36,7.24,9909,6764,0,0,0,0,5.00, 2.50, 14.71, 3.69, 5879,On
-35.06,4.84,66.26,17948.73,820.00,5431.00,5.43,24.31,-29.72,14.56,-50.00,41.07,58.00,-13.16,6.77,7375,4942,0,0,0,0,5.00, 2.50, 14.71, 3.69, 5885,On
-35.13,4.82,66.25,17949.34,831.00,5504.00,5.50,12.81,-39.54,18.60,-72.00,45.54,39.00,-13.09,6.56,5691,3564,0,0,0,0,5.00, 2.50, 14.71, 3.69, 5891,On
-35.06,4.80,66.25,17949.93,821.00,5442.00,5.44,6.00,-29.89,18.56,-78.00,35.69,24.00,-13.51,6.54,4361,2615,0,0,0,0,5.00, 2.50, 14.71, 3.69, 5896,On
-34.88,4.78,66.24,17950.54,801.00,5309.00,5.31,-2.68,-18.64,21.04,-98.00,28.24,39.00,-13.54,6.33,2815,1671,0,0,0,0,5.00, 2.50, 14.71, 3.69, 5902,On
-34.75,4.75,66.23,17951.09,817.00,5410.00,5.41,28.35,-9.75,16.08,-18.00,34.02,26.00,-13.55,6.14,1942,1142,0,0,0,0,5.00, 2.50, 14.71, 3.69, 5907,On
-34.69,4.73,66.22,17951.68,784.00,5192.00,5.19,-6.35,-21.18,23.39,-106.00,32.19,29.00,-13.36,6.14,1241,716,0,0,0,0,5.00, 2.50, 14.71, 3.69, 5913,On
-34.56,4.71,66.22,17952.23,761.00,5039.00,5.04,8.46,-39.79,20.12,-77.00,45.39,27.00,-13.23,6.13,911,520,0,0,0,0,5.00, 2.50, 14.71, 3.69, 5919,On
-34.50,4.69,66.21,17952.78,746.00,4946.00,4.95,45.58,0.02,22.92,0.00,51.02,23.00,-13.16,6.20,564,312,0,0,0,0,5.00, 2.50, 14.71, 3.69, 5924,On
-34.63,4.67,66.20,17953.34,732.00,4849.00,4.85,1.37,-21.46,18.87,-86.00,28.61,28.00,-13.04,6.70,372,194,0,0,0,0,5.00, 2.50, 14.71, 3.69, 5930,On
-34.50,4.65,66.19,17953.88,735.00,4867.00,4.87,26.77,-8.67,15.73,-17.00,32.23,27.00,-12.94,6.90,214,106,0,0,0,0,5.00, 2.50, 14.71, 3.69, 5936,On
-34.38,4.63,66.19,17954.41,736.00,4880.00,4.88,14.89,-36.04,16.83,-67.00,42.47,0.00,-12.98,7.21,131,55,0,0,0,0,5.00, 2.50, 14.71, 3.69, 5941,On
-34.44,4.61,66.18,17954.95,730.00,4838.00,4.84,26.87,-37.97,17.18,-54.00,49.59,35.00,-12.89,7.08,65,10,0,0,0,0,5.00, 2.50, 14.71, 3.69, 5947,On
-34.31,4.59,66.17,17955.48,738.00,4889.00,4.89,38.18,-24.93,15.73,-33.00,48.24,45.00,-12.81,7.22,21,0,0,0,0,0,5.00, 2.50, 14.71, 3.69, 5952,On
-34.38,4.57,66.17,17955.99,743.00,4924.00,4.92,40.68,-7.21,19.22,-10.00,45.57,27.00,-12.74,7.42,1,0,0,0,0,0,5.00, 2.50, 14.71, 3.69, 5958,On
-34.25,4.55,66.16,17956.53,739.00,4897.00,4.90,15.54,-27.60,14.75,-60.00,34.94,8.00,-12.60,7.71,0,0,0,0,0,0,5.00, 2.50, 14.71, 3.69, 5964,On
-34.25,4.53,66.15,17957.06,742.00,4913.00,4.91,39.63,-11.77,17.62,-16.00,44.94,21.00,-12.76,8.06,0,0,0,0,0,0,5.00, 2.50, 14.71, 3.69, 5969,On
-34.13,4.51,66.14,17957.62,750.00,4966.00,4.97,13.39,-37.08,17.77,-70.00,43.25,0.00,-12.48,7.91,0,0,0,0,0,0,5.00, 2.50, 14.71, 3.69, 5975,On
-34.00,4.49,66.14,17958.15,757.00,5013.00,5.01,31.52,1.39,20.52,2.00,37.63,30.00,-12.39,8.02,0,0,0,0,0,0,5.00, 2.50, 14.71, 3.69, 5980,On
-33.88,4.47,66.13,17958.66,762.00,5052.00,5.05,18.14,-7.06,16.47,-21.00,25.50,23.00,-12.21,8.32,0,0,0,0,0,0,5.00, 2.50, 14.71, 3.69, 5986,On
-33.75,4.45,66.12,17959.16,756.00,5007.00,5.02,22.14,-47.79,21.27,-65.00,56.80,9.00,-12.15,8.54,0,0,0,0,0,0,5.00, 2.50, 14.71, 3.69, 5992,On
-33.56,4.43,66.12,17959.68,742.00,4914.00,4.91,29.46,-45.04,20.12,-56.00,57.46,12.00,-12.02,8.59,0,0,0,0,0,0,5.00, 2.50, 14.71, 3.69, 5997,On
-33.56,4.41,66.11,17960.21,738.00,4890.00,4.89,32.67,-6.08,16.87,-10.00,37.27,24.00,-12.12,8.61,0,0,0,0,0,0,5.00, 2.50, 14.71, 3.69, 6003,On
-33.63,4.39,66.10,17960.73,727.00,4820.00,4.82,22.54,-1.77,18.33,-4.00,29.11,18.00,-12.05,8.51,0,0,0,0,0,0,5.00, 2.50, 14.71, 3.69, 6008,On
-33.69,4.38,66.10,17961.22,732.00,4850.00,4.85,14.23,-32.47,16.47,-66.00,39.09,0.00,-11.97,8.22,0,0,0,0,0,0,5.00, 2.50, 14.71, 3.69, 6014,On
-33.56,4.36,66.09,17961.74,743.00,4924.00,4.92,10.04,-44.58,21.62,-77.00,50.56,91.00,-12.02,8.04,0,0,0,0,0,0,5.00, 2.50, 14.71, 3.69, 6020,On
-33.44,4.34,66.08,17962.25,723.00,4794.00,4.79,34.88,-29.97,15.93,-40.00,48.67,15.00,-11.98,7.64,0,0,0,0,0,0,5.00, 2.50, 14.71, 3.69, 6025,On
-33.19,4.32,66.08,17962.74,785.00,5198.00,5.20,11.18,-47.89,23.67,-76.00,54.58,46.00,-11.84,7.53,0,0,0,0,0,0,5.00, 2.50, 14.71, 3.69, 6031,On
-33.13,4.30,66.07,17963.26,800.00,5298.00,5.30,10.54,-30.50,16.29,-70.00,36.15,20.00,-11.81,7.35,0,0,0,0,0,0,5.00, 2.50, 14.71, 3.69, 6036,On
-33.00,4.28,66.06,17963.77,779.00,5158.00,5.16,23.79,-1.48,18.21,-3.00,30.00,24.00,-11.77,7.47,0,0,0,0,0,0,5.00, 2.50, 14.71, 3.69, 6042,On
-32.88,4.26,66.06,17964.27,765.00,5072.00,5.07,-4.77,-16.71,22.02,-105.00,28.05,11.00,-11.69,7.57,0,0,0,0,0,0,5.00, 2.50, 14.71, 3.69, 6048,On
-32.75,4.24,66.05,17964.75,730.00,4837.00,4.84,40.96,-19.60,17.18,-25.00,48.55,18.00,-11.62,7.55,0,0,0,0,0,0,5.00, 2.50, 14.71, 3.69, 6053,On
-32.50,4.23,66.04,17965.24,737.00,4882.00,4.88,29.14,0.35,18.43,0.00,34.48,21.00,-11.45,7.73,33,13,0,0,0,0,5.00, 2.50, 14.71, 3.69, 6059,On
-32.31,4.21,66.04,17965.73,732.00,4853.00,4.85,28.85,-9.27,16.75,-17.00,34.62,23.00,-11.41,8.04,220,81,0,0,0,0,5.00, 2.50, 14.71, 3.69, 6064,On
-32.19,4.19,66.03,17966.21,738.00,4891.00,4.89,10.75,-46.60,22.25,-77.00,52.75,20.00,-11.32,8.58,358,125,0,0,0,0,5.00, 2.50, 14.71, 3.69, 6070,On
-32.00,4.17,66.02,17966.71,736.00,4878.00,4.88,37.39,-24.50,16.08,-33.00,47.51,20.00,-11.28,8.79,397,137,0,0,0,0,5.00, 2.50, 14.71, 3.69, 6076,On
-32.00,4.15,66.02,17967.17,733.00,4858.00,4.86,8.89,-40.27,19.89,-77.00,45.78,14.00,-11.27,9.03,356,125,0,0,0,0,5.00, 2.50, 14.71, 3.69, 6081,On
-31.94,4.14,66.01,17967.62,728.00,4826.00,4.83,32.97,-23.92,14.88,-35.00,43.37,17.00,-11.27,8.95,279,95,0,0,0,0,5.00, 2.50, 14.71, 3.69, 6087,On
-31.87,4.12,66.01,17968.13,738.00,4887.00,4.89,13.83,-43.92,20.33,-72.00,50.33,20.00,-11.25,8.43,230,67,0,0,0,0,5.00, 2.50, 14.71, 3.69, 6092,On
-31.69,4.10,66.00,17968.59,726.00,4807.00,4.81,12.06,-36.68,18.12,-71.00,42.66,31.00,-11.27,8.18,167,30,0,0,0,0,5.00, 2.50, 14.71, 3.69, 6098,On
-31.50,4.08,65.99,17969.05,723.00,4788.00,4.79,25.27,-48.46,21.58,-62.00,58.76,0.00,-11.24,7.83,120,8,0,0,0,0,5.00, 2.50, 14.71, 3.69, 6104,On
-31.56,4.07,65.99,17969.53,728.00,4823.00,4.82,26.85,-3.38,17.58,-7.00,32.27,2.00,-11.34,7.82,67,0,0,0,0,0,5.00, 2.50, 14.71, 3.69, 6109,On
-31.44,4.05,65.98,17969.99,717.00,4752.00,4.75,41.04,-31.14,17.31,-37.00,54.35,60.00,-11.39,7.40,34,0,0,0,0,0,5.00, 2.50, 14.71, 3.69, 6115,On
-31.37,4.03,65.97,17970.48,712.00,4716.00,4.72,4.67,-31.87,18.79,-81.00,37.30,38.00,-11.25,7.13,12,0,0,0,0,0,5.00, 2.50, 14.71, 3.69, 6120,On
-31.19,4.01,65.97,17970.95,693.00,4589.00,4.59,30.64,-42.89,18.68,-54.00,55.93,6.00,-11.17,7.15,2,0,0,0,0,0,5.00, 2.50, 14.71, 3.69, 6126,On
-31.19,4.00,65.96,17971.41,700.00,4637.00,4.64,11.73,-36.04,18.02,-71.00,41.97,19.00,-11.15,7.46,0,0,0,0,0,0,5.00, 2.50, 14.71, 3.69, 6132,On
-31.00,3.98,65.96,17971.90,693.00,4594.00,4.59,26.60,-41.93,18.21,-57.00,52.89,22.00,-11.04,7.46,0,0,0,0,0,0,5.00, 2.50, 14.71, 3.69, 6137,On
-30.94,3.96,65.95,17972.35,695.00,4603.00,4.60,2.92,-24.46,19.77,-83.00,31.58,16.00,-11.18,7.61,0,0,0,0,0,0,5.00, 2.50, 14.71, 3.69, 6143,On
-30.81,3.94,65.94,17972.83,707.00,4684.00,4.68,37.21,-19.29,15.67,-27.00,44.74,49.00,-11.11,7.42,0,0,0,0,0,0,5.00, 2.50, 14.71, 3.69, 6148,On
-30.81,3.93,65.94,17973.27,748.00,4953.00,4.95,26.06,-13.39,15.00,-27.00,32.91,0.00,-10.91,7.41,0,0,0,0,0,0,5.00, 2.50, 14.71, 3.69, 6154,On
-30.75,3.91,65.93,17973.71,782.00,5178.00,5.18,35.43,-39.88,18.87,-48.00,56.58,0.00,-10.99,7.48,0,0,0,0,0,0,5.00, 2.50, 14.71, 3.69, 6160,On
-30.75,3.89,65.93,17974.14,748.00,4953.00,4.95,8.42,-39.88,20.33,-78.00,45.54,71.00,-11.00,7.29,0,0,0,0,0,0,5.00, 2.50, 14.71, 3.69, 6165,On
-30.56,3.88,65.92,17974.59,784.00,5198.00,5.20,49.63,-8.96,22.29,-10.00,55.13,51.00,-10.90,7.38,0,0,0,0,0,0,5.00, 2.50, 14.71, 3.69, 6171,On
-30.44,3.86,65.92,17975.00,754.00,4995.00,5.00,45.79,-21.02,18.60,-24.00,53.71,21.00,-10.79,8.37,0,0,0,0,0,0,5.00, 2.50, 14.71, 3.69, 6176,On
-30.44,3.85,65.91,17975.40,735.00,4870.00,4.87,16.83,4.35,20.12,14.00,26.60,8.00,-10.72,9.02,0,0,0,0,0,0,5.00, 2.50, 14.71, 3.69, 6182,On
-30.50,3.83,65.90,17975.83,745.00,4934.00,4.93,6.04,-25.10,17.81,-76.00,31.36,24.00,-10.63,9.33,0,0,0,0,0,0,5.00, 2.50, 14.71, 3.69, 6188,On
-30.37,3.81,65.90,17976.29,729.00,4832.00,4.83,10.04,-11.85,16.68,-49.00,22.79,33.00,-10.52,9.60,0,0,0,0,0,0,5.00, 2.50, 14.71, 3.69, 6193,On
-30.31,3.80,65.89,17976.74,718.00,4760.00,4.76,23.75,-6.64,16.68,-15.00,29.77,22.00,-10.44,10.30,0,0,0,0,0,0,5.00, 2.50, 14.71, 3.69, 6199,On
-30.37,3.78,65.89,17977.19,720.00,4773.00,4.77,29.50,-47.75,21.71,-58.00,60.18,13.00,-10.41,10.42,0,0,0,0,0,0,5.00, 2.50, 14.71, 3.69, 6204,On
-30.31,3.76,65.88,17977.60,718.00,4760.00,4.76,-2.35,-15.38,21.18,-98.00,26.28,36.00,-10.37,9.71,0,0,0,0,0,0,5.00, 2.50, 14.71, 3.69, 6210,On
-30.19,3.75,65.88,17978.03,734.00,4860.00,4.86,8.10,3.75,22.79,24.00,24.48,32.00,-10.17,9.56,0,0,0,0,0,0,5.00, 2.50, 14.71, 3.69, 6216,On
-30.06,3.73,65.87,17978.47,718.00,4754.00,4.75,9.08,-13.02,16.52,-55.00,22.91,22.00,-10.18,9.88,0,0,0,0,0,0,5.00, 2.50, 14.71, 3.69, 6221,On
-29.94,3.72,65.86,17978.89,685.00,4536.00,4.54,10.04,-36.92,18.68,-74.00,42.58,23.00,-10.00,9.70,0,0,0,0,0,0,5.00, 2.50, 14.71, 3.69, 6227,On
-29.87,3.70,65.86,17979.30,720.00,4772.00,4.77,14.27,-41.13,18.83,-70.00,47.43,20.00,-10.02,9.71,0,0,0,0,0,0,5.00, 2.50, 14.71, 3.69, 6232,On
-29.81,3.69,65.85,17979.70,773.00,5123.00,5.12,12.73,0.02,19.67,0.00,23.42,21.00,-9.94,9.56,0,0,0,0,0,0,5.00, 2.50, 14.71, 3.69, 6238,On
-29.75,3.67,65.85,17980.12,741.00,4908.00,4.91,46.06,-34.10,20.60,-36.00,60.90,15.00,-9.99,9.08,0,0,0,0,0,0,5.00, 2.50, 14.71, 3.69, 6244,On
-29.75,3.66,65.84,17980.53,740.00,4904.00,4.90,39.42,-23.96,16.60,-31.00,49.02,21.00,-9.94,8.86,0,0,0,0,0,0,5.00, 2.50, 14.71, 3.69, 6249,On
-29.69,3.64,65.84,17980.94,721.00,4779.00,4.78,3.35,-0.18,21.58,-3.00,21.84,27.00,-9.90,8.58,0,0,0,0,0,0,5.00, 2.50, 14.71, 3.69, 6255,On
-29.69,3.63,65.83,17981.31,717.00,4752.00,4.75,28.02,-10.43,16.12,-20.00,33.97,20.00,-9.85,8.70,0,0,0,0,0,0,5.00, 2.50, 14.71, 3.69, 6260,On
-29.62,3.61,65.83,17981.72,714.00,4730.00,4.73,39.18,-15.89,15.77,-22.00,45.13,19.00,-9.86,8.79,0,0,0,0,0,0,5.00, 2.50, 14.71, 3.69, 6266,On
-29.56,3.60,65.82,17982.13,708.00,4691.00,4.69,11.54,-37.68,18.64,-72.00,43.60,22.00,-9.75,8.45,0,0,0,0,0,0,5.00, 2.50, 14.71, 3.69, 6272,On
-29.50,3.58,65.82,17982.53,691.00,4576.00,4.58,23.52,-47.50,20.68,-63.00,56.90,21.00,-9.72,8.42,0,0,0,0,0,0,5.00, 2.50, 14.71, 3.69, 6277,On
-29.50,3.57,65.81,17982.92,690.00,4569.00,4.57,7.31,-4.35,19.81,-30.00,21.56,21.00,-9.68,8.50,0,0,0,0,0,0,5.00, 2.50, 14.71, 3.69, 6283,On
-29.31,3.55,65.81,17983.33,716.00,4741.00,4.74,38.35,-13.92,16.87,-19.00,44.15,21.00,-9.52,8.20,0,0,0,0,0,0,5.00, 2.50, 14.71, 3.69, 6288,On
-29.37,3.54,65.80,17983.71,728.00,4825.00,4.83,36.68,-28.68,15.58,-38.00,49.10,13.00,-9.44,8.52,0,0,0,0,0,0,5.00, 2.50, 14.71, 3.69, 6294,On
-29.19,3.52,65.80,17984.08,739.00,4896.00,4.90,26.85,-3.75,17.46,-7.00,32.25,32.00,-9.49,8.35,0,0,0,0,0,0,5.00, 2.50, 14.71, 3.69, 6300,On
-29.19,3.51,65.79,17984.50,726.00,4813.00,4.81,34.60,-36.08,16.96,-46.00,52.79,41.00,-9.45,8.11,0,0,0,0,0,0,5.00, 2.50, 14.71, 3.69, 6305,On
-29.06,3.49,65.79,17984.86,720.00,4772.00,4.77,24.12,-36.60,15.58,-56.00,46.52,27.00,-9.34,8.45,0,0,0,0,0,0,5.00, 2.50, 14.71, 3.69, 6311,On
-29.00,3.48,65.78,17985.23,700.00,4637.00,4.64,16.43,-46.08,20.68,-70.00,53.12,26.00,-9.25,9.26,0,0,0,0,0,0,5.00, 2.50, 14.71, 3.69, 6316,On
-29.00,3.46,65.78,17985.62,699.00,4633.00,4.63,28.75,-10.64,14.92,-20.00,34.09,21.00,-9.28,9.72,0,0,0,0,0,0,5.00, 2.50, 14.71, 3.69, 6322,On
-29.12,3.45,65.77,17986.01,710.00,4702.00,4.70,40.96,-1.48,20.02,-2.00,45.61,16.00,-9.16,9.67,0,0,0,0,0,0,5.00, 2.50, 14.71, 3.69, 6328,On
-29.12,3.44,65.77,17986.39,710.00,4702.00,4.70,33.64,-17.46,15.42,-27.00,40.92,15.00,-9.23,9.53,0,0,0,0,0,0,5.00, 2.50, 14.71, 3.69, 6333,On
-29.06,3.42,65.76,17986.80,677.00,4483.00,4.48,3.31,-0.43,21.85,-7.00,22.10,29.00,-9.09,8.83,0,0,0,0,0,0,5.00, 2.50, 14.71, 3.69, 6339,On
-29.06,3.41,65.76,17987.16,675.00,4470.00,4.47,16.00,-1.68,19.81,-6.00,25.52,15.00,-9.07,8.94,0,0,0,0,0,0,5.00, 2.50, 14.71, 3.69, 6344,On
-28.94,3.39,65.75,17987.54,714.00,4728.00,4.73,-11.38,-2.68,31.00,-166.00,33.13,18.00,-8.93,8.89,0,0,0,0,0,0,5.00, 2.50, 14.71, 3.69, 6350,On
-28.81,3.38,65.75,17987.89,699.00,4630.00,4.63,14.39,-31.83,15.77,-65.00,38.33,12.00,-8.79,8.65,0,0,0,0,0,0,5.00, 2.50, 14.71, 3.69, 6356,On
-28.94,3.37,65.74,17988.29,711.00,4711.00,4.71,38.97,-42.21,20.37,-47.00,60.96,15.00,-8.81,9.11,0,0,0,0,0,0,5.00, 2.50, 14.71, 3.69, 6361,On
-28.87,3.35,65.74,17988.66,700.00,4636.00,4.64,23.21,-10.35,14.83,-24.00,29.42,20.00,-8.81,8.80,0,0,0,0,0,0,5.00, 2.50, 14.71, 3.69, 6367,On
-28.94,3.34,65.73,17989.04,676.00,4481.00,4.48,8.89,-44.71,21.67,-78.00,50.47,33.00,-8.81,8.36,0,0,0,0,0,0,5.00, 2.50, 14.71, 3.69, 6372,On
-28.87,3.32,65.73,17989.38,676.00,4478.00,4.48,34.25,-21.75,15.50,-32.00,43.43,25.00,-8.86,8.90,0,0,0,0,0,0,5.00, 2.50, 14.71, 3.69, 6378,On
-28.87,3.31,65.72,17989.76,681.00,4515.00,4.52,9.00,-40.18,19.46,-77.00,45.54,27.00,-8.86,8.96,0,0,0,0,0,0,5.00, 2.50, 14.71, 3.69, 6384,On
-28.75,3.30,65.72,17990.10,705.00,4674.00,4.67,24.92,-12.38,15.18,-26.00,31.69,21.00,-8.76,9.07,0,0,0,0,0,0,5.00, 2.50, 14.71, 3.69, 6389,On
-28.69,3.28,65.71,17990.46,695.00,4605.00,4.61,47.42,-26.71,19.62,-29.00,57.85,16.00,-8.81,9.09,0,0,0,0,0,0,5.00, 2.50, 14.71, 3.69, 6395,On
-28.56,3.27,65.71,17990.82,728.00,4821.00,4.82,19.29,-39.92,17.97,-64.00,47.84,24.00,-8.79,8.62,0,0,0,0,0,0,5.00, 2.50, 14.71, 3.69, 6400,On
-28.50,3.26,65.70,17991.18,724.00,4794.00,4.79,36.54,-16.79,15.89,-24.00,43.24,24.00,-8.78,8.75,0,0,0,0,0,0,5.00, 2.50, 14.71, 3.69, 6406,On
-28.44,3.25,65.70,17991.47,710.00,4701.00,4.70,27.35,-9.10,15.06,-18.00,32.52,20.00,-8.73,9.71,0,0,0,0,0,0,5.00, 2.50, 14.71, 3.69, 6412,On
-28.37,3.23,65.69,17991.81,688.00,4561.00,4.56,32.77,-15.50,14.64,-25.00,39.09,21.00,-8.81,10.10,0,0,0,0,0,0,5.00, 2.50, 14.71, 3.69, 6417,On
-28.25,3.22,65.69,17992.16,675.00,4470.00,4.47,0.14,-14.08,20.21,-89.00,24.63,24.00,-8.78,9.59,0,0,0,0,0,0,5.00, 2.50, 14.71, 3.69, 6423,On
-28.12,3.21,65.69,17992.53,692.00,4589.00,4.59,7.67,-39.22,19.89,-78.00,44.64,24.00,-8.65,9.52,0,0,0,0,0,0,5.00, 2.50, 14.71, 3.69, 6428,On
-27.94,3.20,65.68,17992.83,696.00,4613.00,4.61,42.18,-21.31,16.87,-26.00,50.18,22.00,-8.48,10.10,0,0,0,0,0,0,5.00, 2.50, 14.71, 3.69, 6434,On
-27.87,3.18,65.68,17993.19,709.00,4699.00,4.70,17.71,-1.39,18.12,-4.00,25.38,24.00,-8.47,10.44,0,0,0,0,0,0,5.00, 2.50, 14.71, 3.69, 6440,On
-27.87,3.17,65.67,17993.52,709.00,4696.00,4.70,37.17,-40.14,19.31,-47.00,58.01,21.00,-8.47,10.29,2,0,0,0,0,0,5.00, 2.50, 14.71, 3.69, 6445,On
-27.87,3.16,65.67,17993.85,694.00,4596.00,4.60,-9.35,-26.06,26.52,-109.00,38.34,27.00,-8.48,10.03,6,0,0,0,0,0,5.00, 2.50, 14.71, 3.69, 6451,On
-27.69,3.15,65.66,17994.17,678.00,4495.00,4.50,34.27,-34.97,16.52,-45.00,51.67,16.00,-8.40,9.92,14,0,0,0,0,0,5.00, 2.50, 14.71, 3.69, 6456,On
-27.94,3.13,65.66,17994.49,676.00,4476.00,4.48,-4.02,-20.33,22.68,-101.00,30.73,19.00,-8.38,9.93,12,0,0,0,0,0,5.00, 2.50, 14.71, 3.69, 6462,On
-27.69,3.12,65.66,17994.82,681.00,4509.00,4.51,34.25,-24.54,15.27,-35.00,44.82,12.00,-8.27,9.42,3,0,0,0,0,0,5.00, 2.50, 14.71, 3.69, 6468,On
-27.81,3.11,65.65,17995.12,687.00,4549.00,4.55,37.33,-24.42,15.89,-33.00,47.36,10.00,-8.30,9.20,0,0,0,0,0,0,5.00, 2.50, 14.71, 3.69, 6473,On
-27.69,3.10,65.65,17995.44,683.00,4525.00,4.53,1.81,-28.77,19.50,-86.00,34.80,23.00,-8.17,8.52,0,0,0,0,0,0,5.00, 2.50, 14.71, 3.69, 6479,On
-27.62,3.09,65.64,17995.76,694.00,4598.00,4.60,13.43,-43.46,19.97,-72.00,49.68,26.00,-8.19,8.65,0,0,0,0,0,0,5.00, 2.50, 14.71, 3.69, 6484,On
-27.50,3.07,65.64,17996.09,682.00,4518.00,4.52,22.85,6.48,20.37,15.00,31.29,24.00,-8.09,8.83,0,0,0,0,0,0,5.00, 2.50, 14.71, 3.69, 6490,On
-27.50,3.06,65.63,17996.41,690.00,4572.00,4.57,-2.64,-16.81,22.83,-98.00,28.48,26.00,-8.09,8.98,0,0,0,0,0,0,5.00, 2.50, 14.71, 3.69, 6496,On
-27.37,3.05,65.63,17996.73,693.00,4593.00,4.59,42.35,-32.85,18.25,-37.00,56.62,26.00,-8.05,9.05,0,0,0,0,0,0,5.00, 2.50, 14.71, 3.69, 6501,On
-27.37,3.04,65.63,17997.05,693.00,4594.00,4.59,34.67,-7.81,18.37,-12.00,40.00,26.00,-7.98,9.10,0,0,0,0,0,0,5.00, 2.50, 14.71, 3.69, 6507,On
-27.31,3.03,65.62,17997.36,689.00,4567.00,4.57,19.56,-43.79,19.18,-65.00,51.65,24.00,-8.05,9.37,0,0,0,0,0,0,5.00, 2.50, 14.71, 3.69, 6512,On
-27.44,3.02,65.62,17997.68,687.00,4553.00,4.55,33.38,-11.42,17.00,-18.00,39.16,31.00,-8.02,8.81,0,0,0,0,0,0,5.00, 2.50, 14.71, 3.69, 6518,On
-27.31,3.00,65.61,17997.99,632.00,4185.00,4.19,39.72,-31.00,17.18,-37.00,53.24,31.00,-8.03,8.71,0,0,0,0,0,0,5.00, 2.50, 14.71, 3.69, 6524,On
-27.25,2.99,65.61,17998.28,617.00,4086.00,4.09,3.75,-11.17,18.60,-71.00,22.02,29.00,-7.89,9.32,0,0,0,0,0,0,5.00, 2.50, 14.71, 3.69, 6529,On
-27.06,2.98,65.61,17998.57,662.00,4384.00,4.38,-2.52,-31.35,22.64,-94.00,38.75,26.00,-7.81,9.60,0,0,0,0,0,0,5.00, 2.50, 14.71, 3.69, 6535,On
-26.87,2.97,65.60,17998.83,672.00,4454.00,4.45,15.56,-39.71,18.08,-68.00,46.32,27.00,-7.79,9.36,128,71,0,0,0,0,5.00, 2.50, 14.71, 3.69, 6540,On
-26.81,2.96,65.60,17999.10,668.00,4429.00,4.43,13.21,-3.89,17.42,-16.00,22.20,28.00,-7.75,9.05,1573,876,0,0,0,0,5.00, 2.50, 14.71, 3.69, 6546,On
-26.75,2.95,65.60,17999.39,678.00,4494.00,4.49,0.00,-5.18,22.68,-90.00,23.27,27.00,-7.74,9.38,3032,1619,0,0,0,0,5.00, 2.50, 14.71, 3.69, 6552,On
-26.69,2.94,65.59,17999.69,688.00,4562.00,4.56,28.10,-30.27,14.83,-47.00,43.88,25.00,-7.68,9.36,3802,1946,0,0,0,0,5.00, 2.50, 14.71, 3.69, 6557,On
-26.69,2.93,65.59,17999.97,682.00,4522.00,4.52,22.06,6.89,21.22,17.00,31.38,25.00,-7.64,9.31,3812,1902,0,0,0,0,5.00, 2.50, 14.71, 3.69, 6563,On
-26.69,2.92,65.58,18000.27,668.00,4429.00,4.43,23.87,-31.14,15.06,-52.00,42.03,24.00,-7.60,9.51,2916,1429,0,0,0,0,5.00, 2.50, 14.71, 3.69, 6568,On
-26.62,2.91,65.58,18000.54,657.00,4354.00,4.35,5.21,-42.38,22.21,-82.00,48.12,24.00,-7.57,9.39,2250,1122,0,0,0,0,5.00, 2.50, 14.71, 3.69, 6574,On
-26.69,2.90,65.58,18000.84,659.00,4366.00,4.37,7.58,-17.71,17.00,-66.00,25.69,23.00,-7.55,9.21,1673,858,0,0,0,0,5.00, 2.50, 14.71, 3.69, 6580,On
-26.62,2.89,65.57,18001.15,697.00,4615.00,4.62,46.14,-31.96,20.17,-34.00,59.64,22.00,-7.51,9.02,1301,664,0,0,0,0,5.00, 2.50, 14.71, 3.69, 6585,On
-26.69,2.88,65.57,18001.42,701.00,4642.00,4.64,-0.89,-12.38,21.14,-94.00,24.51,24.00,-7.52,8.90,935,471,0,0,0,0,5.00, 2.50, 14.71, 3.69, 6591,On
-26.62,2.87,65.57,18001.68,669.00,4430.00,4.43,46.14,-30.67,20.25,-33.00,58.99,23.00,-7.50,9.18,687,341,0,0,0,0,5.00, 2.50, 14.71, 3.69, 6596,On
-26.50,2.86,65.56,18001.91,670.00,4437.00,4.44,36.50,-12.29,16.17,-18.00,41.77,22.00,-7.39,9.09,449,212,0,0,0,0,5.00, 2.50, 14.71, 3.69, 6602,On
-26.50,2.85,65.56,18002.17,632.00,4188.00,4.19,21.81,-0.60,19.00,-1.00,28.93,22.00,-7.46,9.04,322,145,0,0,0,0,5.00, 2.50, 14.71, 3.69, 6608,On
-26.44,2.84,65.56,18002.44,628.00,4163.00,4.16,26.02,-9.04,16.56,-19.00,32.14,20.00,-7.44,8.65,189,75,0,0,0,0,5.00, 2.50, 14.71, 3.69, 6613,On
-26.44,2.83,65.55,18002.73,618.00,4096.00,4.10,16.08,-41.72,18.43,-68.00,48.37,18.00,-7.43,9.07,118,29,0,0,0,0,5.00, 2.50, 14.71, 3.69, 6619,On
-26.37,2.82,65.55,18002.99,614.00,4070.00,4.07,26.25,-12.98,15.23,-26.00,33.00,21.00,-7.37,8.90,55,2,0,0,0,0,5.00, 2.50, 14.71, 3.69, 6624,On
-26.37,2.81,65.54,18003.26,621.00,4117.00,4.12,31.92,-38.89,16.75,-50.00,53.03,20.00,-7.32,8.95,15,0,0,0,0,0,5.00, 2.50, 14.71, 3.69, 6630,On
-26.31,2.80,65.54,18003.54,639.00,4234.00,4.23,23.83,-0.06,17.97,0.00,29.85,23.00,-7.30,8.73,0,0,0,0,0,0,5.00, 2.50, 14.71, 3.69, 6636,On
-26.25,2.79,65.54,18003.81,632.00,4186.00,4.19,30.60,-41.04,18.08,-53.00,54.29,21.00,-7.32,8.68,0,0,0,0,0,0,5.00, 2.50, 14.71, 3.69, 6641,On
-26.25,2.78,65.53,18004.07,659.00,4364.00,4.36,26.64,2.60,18.60,5.00,32.60,24.00,-7.36,8.10,0,0,0,0,0,0,5.00, 2.50, 14.71, 3.69, 6647,On
-26.25,2.77,65.53,18004.34,666.00,4410.00,4.41,0.02,-28.56,21.00,-89.00,35.45,26.00,-7.36,7.85,0,0,0,0,0,0,5.00, 2.50, 14.71, 3.69, 6652,On
-26.25,2.76,65.53,18004.61,651.00,4311.00,4.31,8.33,-3.14,19.81,-20.00,21.72,35.00,-7.33,7.58,0,0,0,0,0,0,5.00, 2.50, 14.71, 3.69, 6658,On
-26.19,2.75,65.52,18004.89,672.00,4454.00,4.45,17.31,-38.38,16.29,-65.00,45.14,25.00,-7.26,7.59,0,0,0,0,0,0,5.00, 2.50, 14.71, 3.69, 6664,On
-26.25,2.74,65.52,18005.15,686.00,4543.00,4.54,1.68,-13.75,19.00,-83.00,23.51,56.00,-7.32,7.22,0,0,0,0,0,0,5.00, 2.50, 14.71, 3.69, 6669,On
-26.25,2.73,65.52,18005.40,664.00,4402.00,4.40,18.54,-36.64,16.47,-63.00,44.25,34.00,-7.27,7.01,0,0,0,0,0,0,5.00, 2.50, 14.71, 3.69, 6675,On
-26.19,2.72,65.51,18005.67,665.00,4410.00,4.41,24.62,-38.85,17.22,-57.00,49.12,23.00,-7.30,7.22,0,0,0,0,0,0,5.00, 2.50, 14.71, 3.69, 6680,On
-26.12,2.71,65.51,18005.94,683.00,4525.00,4.53,14.02,-8.71,17.85,-31.00,24.31,21.00,-7.20,7.27,0,0,0,0,0,0,5.00, 2.50, 14.71, 3.69, 6686,On
-26.06,2.70,65.51,18006.20,675.00,4472.00,4.47,3.71,-33.93,19.50,-83.00,39.31,19.00,-7.17,7.88,0,0,0,0,0,0,5.00, 2.50, 14.71, 3.69, 6692,On
-26.12,2.69,65.50,18006.48,674.00,4465.00,4.47,4.14,-24.77,18.87,-80.00,31.41,18.00,-7.15,9.20,0,0,0,0,0,0,5.00, 2.50, 14.71, 3.69, 6697,On
-26.06,2.68,65.50,18006.71,664.00,4399.00,4.40,17.97,-48.06,21.62,-69.00,55.68,15.00,-7.12,9.59,0,0,0,0,0,0,5.00, 2.50, 14.71, 3.69, 6703,On
-26.06,2.67,65.50,18006.97,669.00,4430.00,4.43,6.71,1.04,22.56,8.00,23.56,15.00,-7.04,9.42,0,0,0,0,0,0,5.00, 2.50, 14.71, 3.69, 6708,On
-26.06,2.66,65.49,18007.20,687.00,4549.00,4.55,11.98,-34.67,16.96,-70.00,40.41,4.00,-6.96,9.57,0,0,0,0,0,0,5.00, 2.50, 14.71, 3.69, 6714,On
-26.12,2.65,65.49,18007.44,678.00,4490.00,4.49,39.14,-33.46,17.67,-40.00,54.44,15.00,-6.95,9.32,0,0,0,0,0,0,5.00, 2.50, 14.71, 3.69, 6720,On
-26.00,2.64,65.49,18007.68,686.00,4545.00,4.54,31.43,-9.48,14.96,-16.00,36.08,17.00,-6.88,8.96,0,0,0,0,0,0,5.00, 2.50, 14.71, 3.69, 6725,On
-26.06,2.63,65.48,18007.93,722.00,4784.00,4.78,21.79,0.79,19.54,2.00,29.28,23.00,-6.96,9.45,0,0,0,0,0,0,5.00, 2.50, 14.71, 3.69, 6731,On
-25.94,2.63,65.48,18008.17,716.00,4745.00,4.75,33.08,-1.48,17.62,-2.00,37.51,21.00,-6.88,9.66,0,0,0,0,0,0,5.00, 2.50, 14.71, 3.69, 6736,On
-26.00,2.62,65.48,18008.39,702.00,4653.00,4.65,17.18,-33.17,16.02,-62.00,40.64,18.00,-6.82,9.92,0,0,0,0,0,0,5.00, 2.50, 14.71, 3.69, 6742,On
-25.94,2.61,65.47,18008.61,687.00,4552.00,4.55,-10.00,-21.22,26.29,-115.00,35.24,20.00,-6.82,10.32,0,0,0,0,0,0,5.00, 2.50, 14.71, 3.69, 6748,On
-25.94,2.60,65.47,18008.85,680.00,4503.00,4.50,22.54,-6.17,17.06,-15.00,28.93,21.00,-6.77,10.68,0,0,0,0,0,0,5.00, 2.50, 14.71, 3.69, 6753,On
-25.87,2.59,65.47,18009.10,670.00,4437.00,4.44,41.25,-9.31,18.29,-12.00,46.07,21.00,-6.80,10.68,0,0,0,0,0,0,5.00, 2.50, 14.71, 3.69, 6759,On
-25.75,2.58,65.47,18009.34,671.00,4444.00,4.44,26.06,-16.10,14.17,-31.00,33.75,19.00,-6.68,10.37,2,0,0,0,0,0,5.00, 2.50, 14.71, 3.69, 6764,On
-25.87,2.57,65.46,18009.58,646.00,4278.00,4.28,34.67,-33.85,16.79,-44.00,51.28,20.00,-6.76,10.56,80,15,0,0,0,0,5.00, 2.50, 14.71, 3.69, 6770,On
-25.75,2.56,65.46,18009.83,638.00,4225.00,4.23,8.42,5.04,23.10,30.00,25.10,21.00,-6.74,10.15,253,58,0,0,0,0,5.00, 2.50, 14.71, 3.69, 6776,On
-25.62,2.56,65.46,18010.01,664.00,4397.00,4.40,8.93,-17.92,16.12,-63.00,25.71,21.00,-6.66,10.31,329,70,0,0,0,0,5.00, 2.50, 14.71, 3.69, 6781,On
-25.56,2.55,65.45,18010.23,686.00,4543.00,4.54,8.33,3.10,21.89,20.00,23.63,23.00,-6.60,10.41,336,56,0,0,0,0,5.00, 2.50, 14.71, 3.69, 6787,On
-25.37,2.54,65.45,18010.44,673.00,4458.00,4.46,28.81,-28.37,14.56,-44.00,42.98,20.00,-6.59,10.58,299,43,0,0,0,0,5.00, 2.50, 14.71, 3.69, 6792,On
-25.44,2.53,65.45,18010.67,675.00,4473.00,4.47,23.52,-47.58,21.54,-63.00,57.28,20.00,-6.56,10.50,268,41,0,0,0,0,5.00, 2.50, 14.71, 3.69, 6798,On
-25.44,2.52,65.44,18010.91,675.00,4471.00,4.47,19.29,-37.46,16.92,-62.00,45.40,20.00,-6.59,10.14,270,54,0,0,0,0,5.00, 2.50, 14.71, 3.69, 6804,On
-25.37,2.51,65.44,18011.15,687.00,4552.00,4.55,37.52,-4.35,18.02,-6.00,41.85,19.00,-6.57,10.07,260,64,0,0,0,0,5.00, 2.50, 14.71, 3.69, 6809,On
-25.25,2.51,65.44,18011.35,688.00,4558.00,4.56,8.50,-33.77,17.77,-75.00,39.09,17.00,-6.49,10.43,240,65,0,0,0,0,5.00, 2.50, 14.71, 3.69, 6815,On
-25.25,2.50,65.44,18011.59,683.00,4529.00,4.53,6.13,2.58,22.79,22.00,23.74,15.00,-6.50,10.57,221,70,0,0,0,0,5.00, 2.50, 14.71, 3.69, 6820,On
-25.19,2.49,65.43,18011.81,685.00,4541.00,4.54,7.31,-30.31,16.60,-76.00,35.32,13.00,-6.46,10.58,200,75,0,0,0,0,5.00, 2.50, 14.71, 3.69, 6826,On
-25.25,2.48,65.43,18012.01,625.00,4139.00,4.14,-4.85,-37.13,25.77,-97.00,45.45,14.00,-6.47,10.34,156,51,0,0,0,0,5.00, 2.50, 14.71, 3.69, 6832,On
-25.19,2.47,65.43,18012.25,622.00,4119.00,4.12,7.00,-42.64,21.58,-80.00,48.30,12.00,-6.37,10.30,105,15,0,0,0,0,5.00, 2.50, 14.71, 3.69, 6837,On
-25.06,2.46,65.42,18012.46,646.00,4278.00,4.28,17.27,-29.89,14.92,-59.00,37.61,11.00,-6.39,10.33,56,0,0,0,0,0,5.00, 2.50, 14.71, 3.69, 6843,On
-25.12,2.46,65.42,18012.69,635.00,4207.00,4.21,40.38,-14.64,17.00,-19.00,46.19,12.00,-6.40,10.28,12,0,0,0,0,0,5.00, 2.50, 14.71, 3.69, 6848,On
-25.19,2.45,65.42,18012.93,638.00,4231.00,4.23,34.25,-25.62,14.92,-36.00,45.30,11.00,-6.39,10.50,0,0,0,0,0,0,5.00, 2.50, 14.71, 3.69, 6854,On
-25.19,2.44,65.42,18013.15,634.00,4201.00,4.20,-6.31,-6.46,25.39,-134.00,26.95,13.00,-6.44,9.99,0,0,0,0,0,0,5.00, 2.50, 14.71, 3.69, 6859,On
-25.19,2.43,65.41,18013.38,603.00,3994.00,3.99,28.50,-35.06,16.12,-50.00,47.97,12.00,-6.33,9.75,0,0,0,0,0,0,5.00, 2.50, 14.71, 3.69, 6865,On
-25.31,2.42,65.41,18013.58,600.00,3975.00,3.98,43.38,-29.97,18.60,-34.00,55.91,13.00,-6.39,9.38,0,0,0,0,0,0,5.00, 2.50, 14.71, 3.69, 6871,On
-25.06,2.42,65.41,18013.76,594.00,3935.00,3.94,26.96,-36.68,16.33,-53.00,48.37,12.00,-6.33,9.39,0,0,0,0,0,0,5.00, 2.50, 14.71, 3.69, 6876,On
-25.12,2.41,65.40,18013.99,600.00,3975.00,3.98,5.73,-21.67,17.35,-75.00,28.34,12.00,-6.30,9.80,0,0,0,0,0,0,5.00, 2.50, 14.71, 3.69, 6882,On
-25.12,2.40,65.40,18014.19,614.00,4070.00,4.07,0.89,-33.68,21.54,-88.00,39.99,14.00,-6.30,10.26,0,0,0,0,0,0,5.00, 2.50, 14.71, 3.69, 6887,On
-25.06,2.39,65.40,18014.40,637.00,4218.00,4.22,25.67,-24.00,14.56,-43.00,38.04,14.00,-6.25,10.64,0,0,0,0,0,0,5.00, 2.50, 14.71, 3.69, 6893,On
