Time (s),Pressure (,Temperat,Altitude (,Red,Green,Blue,
1,95931,21.3,459.09,3575,4355,3089,
4,95935,21.4,458.13,4308,5203,4446,
7,95937,21.3,458.65,5153,6265,5311,
10,95931,21.3,459.18,4318,5281,4646,
13,95926,21.3,459,4127,5084,4454,
16,95933,21.3,459,4320,5244,4544,
19,95937,21.3,458.57,4267,5333,4557,
23,95939,21.3,458.74,4669,5657,4787,
26,95932,21.3,458.65,4894,5948,4860,
29,95943,21.3,458.39,2770,3165,2720,
32,95932,21.3,458.74,1604,2180,1229,
35,95943,21.3,457.78,777,713,643,
38,95932,21.3,459.18,681,811,583,
41,95937,21.3,458.57,563,697,693,
44,95942,21.3,457.78,698,1322,943,
48,95948,21.3,457.96,1516,1583,1139,
51,95937,21.3,458.65,949,1124,614,
54,95941,21.3,458.13,304,343,216,
57,95942,21.4,458.22,2126,2392,2268,
60,95941,21.4,458.57,55,64,35,
63,95925,21.4,459.53,120,146,102,
66,95934,21.4,458.74,887,1060,582,
69,95933,21.3,458.57,268,440,246,
73,95935,21.4,458.57,1107,1275,1155,
76,95931,21.4,458.57,325,296,231,
79,95935,21.4,458.83,1011,1322,1071,
82,95935,21.4,458.48,96,107,52,
85,95944,21.3,457.26,366,391,224,
88,95952,21.4,458.48,84,119,79,
91,95935,21.4,457.96,60,60,22,
95,95935,21.4,458.74,485,350,418,
98,95933,21.4,459.18,372,344,587,
101,95924,21.4,459.7,171,187,110,
104,95917,21.4,460.05,175,232,144,
107,95912,21.4,460.13,3317,3344,4082,
110,95897,21.4,461.96,304,403,240,
113,95885,21.4,462.57,190,226,138,
116,95885,21.4,463.18,219,290,153,
120,95876,21.4,463.79,325,234,135,
123,95871,21.4,464.31,63,66,42,
126,95856,21.4,465.71,95,91,58,
129,95848,21.4,466.14,107,144,90,
132,95842,21.4,467.19,172,184,98,
135,95833,21.4,467.19,161,146,100,
138,95823,21.4,468.06,434,397,236,
141,95825,21.4,468.32,3457,2593,3285,
145,95829,21.4,468.23,44244,65120,46419,
148,95832,21.4,467.45,65535,65535,65535,
151,95838,21.4,467.19,65535,65535,65535,
154,95832,21.4,467.45,65535,65535,65535,
157,95828,21.4,467.97,65535,65535,65535,
160,95837,21.4,468.14,65535,65535,65535,
163,95836,21.4,466.75,65535,65535,65535,
167,95845,21.4,466.75,65535,65535,65535,
170,95837,21.4,467.27,65535,65535,65535,
173,95834,21.4,467.62,65535,65535,65535,
176,95828,21.4,467.88,65535,65535,65535,
179,95827,21.4,468.14,65535,65535,65535,
182,95833,21.4,467.88,65535,65535,65535,
185,95831,21.4,467.62,65535,65535,65535,
188,95829,21.4,467.8,65535,65535,65535,
192,95834,21.4,467.62,65535,65535,65535,
195,95831,21.4,467.19,65535,65535,65535,
198,95825,21.4,468.06,65535,65535,65535,
201,95828,21.4,467.71,65535,65535,65535,
204,95832,21.4,467.27,65535,65535,65535,
207,95835,21.4,466.93,65535,65535,65535,
210,95841,21.4,467.62,65535,65535,65535,
214,95841,21.4,467.01,65535,65535,65535,
217,95828,21.5,468.14,65535,65535,65535,
220,95821,21.5,467.71,65535,65535,65535,
223,95825,21.5,468.14,65535,65535,65535,
226,95830,21.5,467.27,65535,65535,65535,
229,95839,21.5,467.36,65535,65535,65535,
232,95832,21.5,467.45,65535,65535,65535,
235,95834,21.5,468.06,65535,65535,65535,
239,95834,21.5,467.62,65535,65535,65535,
242,95832,21.5,467.71,65535,65535,65535,
245,95832,21.5,467.62,65535,65535,65535,
248,95835,21.5,467.19,65535,65535,65535,
251,95831,21.5,467.8,65535,65535,65535,
254,95831,21.5,467.45,65535,65535,65535,
257,95837,21.5,467.53,65535,65535,65535,
260,95840,21.5,467.36,65535,65535,65535,
264,95836,21.5,467.53,65535,65535,65535,
267,95842,21.5,466.93,65535,65535,65535,
270,95842,21.5,467.1,65535,65535,65535,
273,95833,21.5,466.49,65535,65535,65535,
276,95836,21.5,467.19,65535,65535,65535,
279,95832,21.5,467.45,65535,65535,65535,
282,95829,21.5,467.45,65535,65535,65535,
286,95828,21.5,467.8,65535,65535,65535,
289,95837,21.5,467.71,65535,65535,65535,
292,95831,21.5,467.71,65535,65535,65535,
295,95843,21.5,467.27,65535,65535,65535,
298,95836,21.5,467.27,65535,65535,65535,
301,95837,21.5,467.27,65535,65535,65535,
304,95834,21.5,467.62,65535,65535,65535,
307,95824,21.6,468.58,65535,65535,65535,
311,95824,21.6,467.97,65535,65535,65535,
314,95820,21.6,468.93,65535,65534,65534,
317,95825,21.6,467.88,65535,65535,65534,
320,95842,21.7,466.84,65535,65534,65535,
323,95839,21.7,467.62,65534,65535,65534,
326,95833,21.8,467.36,65534,65535,65534,
329,95823,21.8,467.88,65534,65535,65534,
332,95819,21.8,468.93,65534,65535,65534,
336,95825,21.8,468.41,65535,65534,65534,
339,95823,21.8,468.06,65535,65535,65535,
342,95829,21.8,467.27,65535,65535,65535,
345,95828,21.9,467.1,65535,65534,65534,
348,95824,21.8,467.97,65534,65535,65535,
351,95829,21.9,467.01,65534,65535,65535,
354,95821,21.9,468.67,65534,65534,65534,
358,95820,21.9,468.58,65535,65535,65535,
361,95831,21.9,467.97,64965,65535,47669,
364,95829,21.9,468.06,48011,47332,39896,
367,95820,21.9,468.41,56510,56788,47053,
370,95821,22,468.84,65535,65535,65535,
373,95831,22,468.14,50475,53098,44192,
376,95835,22,467.62,48135,55922,51622,
379,95816,22,468.49,65535,65534,65535,
383,95824,22,468.76,65534,65534,63600,
386,95811,22,469.89,37730,45579,34340,
389,95821,22.1,468.49,34522,43604,35094,
392,95812,22.1,469.37,41564,47792,35884,
395,95811,22.1,469.1,54148,62598,49896,
398,95812,22.1,469.1,51131,54024,39377,
401,95811,22.1,469.37,65535,65535,65535,
404,95812,22.2,469.28,65535,65535,65535,
408,95824,22.2,468.67,65535,65535,65535,
411,95810,22.2,469.89,65535,65535,65535,
414,95803,22.2,470.23,65503,65535,65534,
417,95634,21.7,485.15,65534,65535,65534,
420,95658,22.1,483.14,65535,65534,65534,
423,95640,22.4,484.19,65534,65535,65534,
426,95677,22.9,481.57,65534,65535,65534,
430,95817,23.6,468.67,65534,65534,65534,
433,95707,23.3,478.43,65534,65534,65176,
436,95732,23.5,476.42,63060,65534,62906,
439,95724,23.6,477.56,63899,65534,58822,
442,95664,23.6,482.35,65534,65534,62434,
445,95653,23.8,483.05,65534,65534,65534,
448,95738,24.3,475.29,65534,65534,62522,
451,95741,24.3,475.38,59716,64492,56439,
455,95727,24.2,479.3,63771,65534,59697,
458,95620,24.1,486.45,65534,65534,65534,
461,95626,24.4,485.49,65534,65534,65534,
464,95630,24.7,485.58,65534,65534,65534,
467,95621,25,486.1,65534,65534,65534,
470,95620,25.3,486.45,65534,65535,65534,
473,95806,26.2,470.23,65534,65534,65534,
477,95706,25.6,477.99,65534,65534,65534,
480,95817,25.9,468.49,64339,65506,56477,
483,95819,25.7,469.37,65534,65534,62287,
486,95823,25.6,468.49,65534,65534,64625,
489,95821,25.5,468.58,65534,65534,59468,
492,95820,25.3,468.76,65534,65534,64806,
495,95814,25.2,469.1,58410,52391,46854,
498,95817,25.1,468.14,34398,34167,26413,
502,95823,25,468.23,56161,61593,50449,
505,95822,24.9,468.41,65534,65535,65534,
508,95825,24.9,468.14,65534,65535,65534,
511,95827,24.8,467.71,65534,65534,65534,
514,95828,24.7,467.97,65534,59789,51801,
517,95823,24.7,468.49,65534,65534,65459,
520,95835,24.6,467.88,62086,63613,54286,
523,95823,24.6,467.71,64898,65534,61996,
527,95822,24.6,468.67,62056,65534,59081,
530,95819,24.5,469.1,65534,65534,65534,
533,95830,24.5,468.32,65534,65534,65534,
536,95825,24.5,468.23,60449,55101,65073,
539,95826,24.4,468.06,65534,65534,65534,
542,95828,24.4,468.67,56338,61472,49404,
546,95822,24.4,468.93,65534,65535,65534,
549,95824,24.4,468.67,65534,65534,60940,
552,95822,24.4,467.71,65534,65535,65534,
555,95827,24.3,467.71,65534,65534,65534,
558,95830,24.3,468.23,65534,65534,65534,
561,95820,24.3,468.58,65534,65534,65534,
564,95826,24.3,468.14,65534,65534,65534,
568,95831,24.3,467.97,65534,65534,58071,
571,95823,24.3,468.41,65534,65534,53272,
574,95821,24.3,468.32,65534,65534,49670,
577,95827,24.3,469.02,54983,52112,38951,
580,95832,24.3,467.97,40689,39409,30142,
583,95824,24.3,468.41,35402,33852,28104,
586,95818,24.2,468.32,30974,31322,23968,
589,95820,24.3,467.88,55567,52985,40625,
593,95817,24.3,468.49,54888,54754,41917,
596,95822,24.3,467.97,41342,43349,34116,
599,95829,24.2,467.8,54083,54982,41531,
602,95818,24.3,468.41,53479,54352,44239,
605,95833,24.3,467.01,65534,65523,52849,
608,95825,24.3,468.32,63603,63677,50224,
611,95825,24.3,468.14,50743,50433,39812,
614,95811,24.3,468.49,62952,60263,53599,
618,95820,24.3,468.14,61143,65534,58116,
621,95822,24.2,468.84,65400,65534,61366,
624,95822,24.3,468.14,65534,65534,65534,
627,95830,24.3,467.97,65534,65534,65534,
630,95835,24.3,467.97,47312,49369,38663,
633,95826,24.3,468.41,40144,41101,33551,
636,95828,24.3,467.45,26121,28099,24416,
640,95828,24.3,467.62,28775,28062,20820,
643,95834,24.3,467.45,37568,38337,33180,
646,95827,24.3,467.88,29039,26239,20558,
649,95826,24.3,467.8,34255,29858,27095,
652,95833,24.3,468.14,48201,32754,14784,
655,95829,24.4,467.62,53260,56119,45565,
658,95836,24.4,467.53,59846,65398,58151,
661,95820,24.4,468.23,54659,60175,51405,
665,95825,24.4,468.58,52679,54412,47157,
668,95831,24.4,468.32,51262,56130,49109,
671,95827,24.4,468.32,59501,64798,54921,
674,95832,24.4,467.8,65534,65534,63088,
677,95832,24.4,467.19,60342,65534,58952,
680,95823,24.4,468.41,65534,65534,65534,
683,95825,24.4,468.32,65534,65534,65534,
686,95831,24.4,467.97,62102,65534,58075,
690,95826,24.4,468.32,65534,65534,64048,
693,95829,24.4,467.97,65534,65534,65534,
696,95822,24.4,468.41,62036,65534,57170,
699,95823,24.4,467.53,60132,65089,53518,
702,95829,24.4,468.06,59814,64241,54350,
705,95821,24.5,468.23,60705,65534,55724,
708,95833,24.5,467.8,56572,61318,53105,
712,95818,24.5,468.67,61298,65534,58110,
715,95822,24.5,468.41,49338,51633,40121,
718,95822,24.5,468.32,59486,63099,58721,
721,95823,24.5,468.32,53598,58174,47703,
724,95828,24.5,468.14,62226,65534,61658,
727,95824,24.5,467.97,65534,65535,65534,
730,95827,24.5,467.88,65534,65535,65534,
733,95819,24.5,467.97,53770,60003,45872,
737,95826,24.5,467.97,18889,28121,33512,
740,95820,24.5,468.49,64066,65534,64781,
743,95829,24.5,468.06,65534,65534,65534,
746,95825,24.5,468.23,65534,65534,65534,
749,95821,24.5,468.14,65534,65534,65534,
752,95818,24.5,468.76,52939,60041,43349,
755,95819,24.5,468.93,41331,52105,38955,
759,95819,24.6,469.02,25603,34173,25822,
762,95823,24.6,467.88,38041,45429,32845,
765,95815,24.6,468.41,57449,65534,48190,
768,95823,24.6,467.97,51869,64757,52666,
771,95826,24.6,468.67,59844,53245,41931,
774,95827,24.6,468.14,51765,47964,37526,
777,95821,24.6,468.84,28108,27351,23690,
780,95829,24.7,467.97,39273,32130,26848,
784,95822,24.7,468.14,55818,34298,31907,
787,95825,24.7,467.8,28276,26543,20413,
790,95818,24.7,468.32,32291,29672,22602,
793,95821,24.7,468.93,44651,50477,40409,
796,95824,24.7,468.32,56174,43815,35674,
799,95822,24.7,468.58,65535,65535,65535,
802,95821,24.7,468.67,57745,62316,51093,
805,95823,24.7,468.14,45583,41751,43310,
809,95824,24.8,468.23,32559,44413,30919,
812,95826,24.8,468.23,38016,43976,37050,
815,95825,24.8,468.58,17245,14793,13180,
818,95824,24.8,468.76,20664,25070,15277,
821,95821,24.8,468.49,63825,65534,65444,
824,95822,24.8,468.06,37825,32587,32243,
827,95823,24.8,468.32,65535,65534,65534,
831,95817,24.8,468.41,65534,65535,65535,
834,95818,24.8,468.41,65534,65535,65535,
837,95821,24.8,468.76,65535,65535,65535,
840,95825,24.9,468.41,65535,65535,65535,
843,95823,24.9,468.49,65534,65535,65534,
846,95825,24.9,468.58,65535,65534,65535,
849,95825,24.9,468.76,65535,65534,65534,
852,95823,24.9,468.58,65534,65535,65534,
856,95823,24.9,468.76,63814,65534,55704,
859,95824,24.9,467.97,53897,59396,46930,
862,95818,24.9,468.41,65535,65535,65534,
865,95804,24.9,470.23,65535,65535,65535,
868,95805,24.9,469.45,65534,65535,65534,
871,95809,24.9,469.89,65535,65535,65535,
874,95806,25,469.89,65534,65535,65534,
877,95810,25,469.54,65535,65535,65534,
881,95822,25,468.49,65488,65535,58810,
884,95827,25,467.97,64560,39952,46808,
887,95831,25,468.14,65535,65535,65534,
890,95819,25,468.84,65535,65535,65535,
893,95837,25.1,466.93,65535,65535,65534,
896,95826,25.1,468.23,65535,65535,65535,
899,95832,25.1,468.14,65535,65535,65535,
903,95834,25.1,467.19,65535,65535,65535,
906,95834,25.1,467.97,65534,65535,65534,
909,95828,25.1,467.8,65535,65535,65535,
912,95816,25.1,468.76,65534,65535,65535,
915,95825,25.1,468.23,65534,65535,65534,
918,95816,25.1,468.93,65535,65535,65535,
921,95828,25.2,467.53,65535,65535,65535,
924,95828,25.2,468.23,65535,65535,65535,
928,95825,25.2,468.58,65535,65535,65535,
931,95826,25.2,468.58,65535,65535,65535,
934,95822,25.2,468.41,65535,65535,65535,
937,95818,25.3,468.32,65535,65535,65535,
940,95820,25.3,468.93,65535,65535,65535,
943,95815,25.3,468.58,65535,65535,65535,
946,95824,25.3,468.67,65535,65535,65535,
949,95825,25.3,468.14,65535,65535,65535,
953,95822,25.3,468.49,65535,65535,65535,
956,95818,25.3,469.19,65535,65535,65535,
959,95828,25.4,468.67,65535,65535,65535,
962,95822,25.4,467.62,65535,65535,65535,
965,95814,25.4,469.45,65535,65535,65535,
968,95823,25.4,468.49,65535,65535,65535,
971,95820,25.4,469.1,65535,65535,65535,
975,95823,25.4,468.58,65535,65535,65535,
978,95821,25.4,468.58,65535,65535,65535,
981,95830,25.5,468.32,65535,65535,65534,
984,95831,25.5,468.32,65535,65535,65534,
987,95831,25.5,467.8,65535,65535,65535,
990,95827,25.5,467.88,65534,65535,65534,
993,95832,25.5,467.97,65535,65535,65534,
996,95819,25.5,468.23,56798,65534,65534,
1000,95821,25.5,468.06,21572,24790,19847,
1003,95819,25.5,468.32,27670,29091,24635,
1006,95824,25.5,468.58,4152,366,13083,
1009,95820,25.6,468.14,20897,15915,13089,
1012,95826,25.6,468.14,18792,20691,18168,
1015,95821,25.6,468.67,17684,15220,11833,
1018,95820,25.6,468.76,6930,10960,5443,
1022,95820,25.6,468.76,65534,65534,65534,
1025,95814,25.6,468.67,65534,65534,65534,
1028,95820,25.6,468.84,65534,65535,65534,
1031,95813,25.6,468.76,65534,65534,58319,
1034,95813,25.6,469.19,32792,39620,30560,
1037,95818,25.6,468.41,5321,4823,4548,
1040,95819,25.7,468.41,6595,4641,3984,
1043,95816,25.7,468.58,13056,8550,7276,
1047,95820,25.7,468.76,6608,4894,3385,
1050,95820,25.7,467.71,22501,22262,12897,
1053,95819,25.7,468.41,36336,37643,28407,
1056,95822,25.8,468.67,28626,25650,25638,
1059,95819,25.8,468.58,6726,5219,4241,
1062,95820,25.8,468.84,56525,65534,64860,
1065,95814,25.8,468.76,27673,39479,12504,
1068,95816,25.8,468.67,59674,63059,54423,
1072,95812,25.8,468.93,23373,27954,29822,
1075,95816,25.8,468.41,32853,34133,36327,
1078,95823,25.8,468.49,25187,31908,24748,
1081,95832,25.9,468.14,63354,65173,58992,
1084,95821,25.9,468.76,56799,55376,52969,
1087,95826,25.9,468.14,20729,26352,23095,
1090,95826,26,468.49,22176,27602,16799,
1094,95820,26,468.84,20831,22029,17078,
1097,95826,26,468.84,22197,23314,15834,
1100,95824,26,468.06,19749,23025,12136,
1103,95825,26,468.14,7883,8921,6291,
1106,95823,26,468.14,14179,16530,12359,
1109,95828,26,468.41,12443,14436,9505,
1112,95824,26,468.32,17499,18247,13079,
1115,95820,26,468.41,24149,27437,24332,
1119,95818,26,468.93,65534,61925,52787,
1122,95819,26.1,469.19,44831,39795,28438,
1125,95821,26.1,469.02,18610,12367,14711,
1128,95818,26.1,469.02,17947,17200,13462,
1131,95817,26.1,469.28,18977,17197,10941,
1134,95818,26.1,469.02,7648,3750,3263,
1137,95812,26.1,468.67,1416,1241,1163,
1140,95821,26.1,468.58,2089,1948,1487,
1144,95812,26.2,468.41,7407,5316,4671,
1147,95816,26.2,469.63,6481,6715,5869,
1150,95813,26.2,469.8,15792,16371,10316,
1153,95824,26.2,468.93,15729,11059,8575,
1156,95814,26.2,468.84,19936,17287,10426,
1159,95809,26.2,469.37,9088,10143,6811,
1162,95823,26.2,469.19,10594,10429,8025,
1166,95822,26.2,468.49,3939,3360,2822,
1169,95821,26.3,469.28,4191,5146,3397,
1172,95812,26.3,469.71,2536,1904,1328,
1175,95818,26.3,469.28,2777,2451,2013,
1178,95820,26.3,468.84,3677,3561,2632,
1181,95814,26.3,468.76,8230,8133,5824,
1184,95817,26.3,468.76,5660,5126,3665,
1187,95817,26.3,468.76,34772,39081,28993,
1191,95821,26.3,469.1,19741,18764,12919,
1194,95810,26.3,469.19,12044,6031,6820,
1197,95815,26.4,469.02,12567,9689,7193,
1200,95814,26.4,469.02,9300,7705,5768,
1203,95818,26.4,468.93,65535,65535,65535,
1206,95805,26.4,469.54,65535,65534,65534,
1209,95818,26.5,468.67,65535,65535,65534,
1212,95807,26.5,469.54,65535,65535,65534,
1216,95815,26.5,468.93,65535,65535,65534,
1219,95821,26.5,468.49,65534,65535,65534,
1222,95817,26.5,468.14,65535,65535,65534,
1225,95818,26.5,468.58,65534,65534,65535,
1228,95830,26.5,468.58,65535,65535,65534,
1231,95823,26.6,467.97,65535,65535,65535,
1234,95817,26.6,468.84,65535,65535,65535,
1238,95824,26.6,468.06,65535,65535,65535,
1241,95825,26.6,468.14,65535,65535,65535,
1244,95825,26.6,468.41,65535,65535,65534,
1247,95825,26.6,468.06,65534,65535,65534,
1250,95823,26.6,467.88,65535,65535,65535,
1253,95828,26.6,468.06,65535,65534,65534,
1256,95827,26.7,467.97,65535,65534,65535,
1259,95826,26.7,468.06,65535,65534,65535,
1263,95831,26.7,468.14,65534,65535,65535,
1266,95833,26.7,467.97,65535,65535,65534,
1269,95830,26.7,467.8,65534,65534,65535,
1272,95826,26.7,467.8,65535,65534,65535,
1275,95831,26.8,468.23,65534,65534,65535,
1278,95825,26.8,468.58,65535,65535,65534,
1281,95822,26.8,468.32,65535,65535,65535,
1285,95824,26.8,468.23,65534,65535,65535,
1288,95823,26.8,468.49,65534,65535,65534,
1291,95828,26.8,468.06,65534,65534,65534,
1294,95823,26.8,468.41,64406,65534,65534,
1297,95823,26.8,468.14,64000,65534,65130,
1300,95823,26.9,468.67,65534,65534,65534,
1303,95826,26.9,468.32,65534,65534,65534,
1306,95822,26.9,467.88,65534,65535,65534,
1310,95824,26.9,469.02,65535,65534,65534,
1313,95825,26.9,468.49,65535,65534,65535,
1316,95821,26.9,468.49,65535,65534,65535,
1319,95823,27,468.49,65535,65535,65535,
1322,95825,27,468.41,65534,65535,65534,
1325,95826,27,468.41,65534,65535,65534,
1328,95823,27,468.14,65534,65534,65534,
1331,95826,27,468.49,65534,65535,65534,
1335,95824,27,468.23,65534,65534,65534,
1338,95825,27,468.06,63441,65534,62681,
1341,95825,27,468.06,65534,65534,65534,
1344,95824,27.1,468.49,65534,65535,65534,
1347,95827,27.1,467.97,65535,65535,65535,
1350,95823,27.1,468.32,65535,65535,65535,
1353,95822,27.1,469.19,65535,65534,65535,
1357,95821,27.1,468.49,65535,65534,65535,
1360,95815,27.1,468.49,65535,65535,65534,
1363,95813,27.1,469.02,65534,65535,65534,
1366,95822,27.2,468.84,65535,65535,65535,
1369,95818,27.2,468.49,65535,65535,65535,
1372,95818,27.2,468.84,65535,65535,65535,
1375,95822,27.2,468.76,65534,65535,65534,
1378,95821,27.2,468.32,65534,65535,65534,
1382,95814,27.2,469.54,65534,65535,65535,
1385,95816,27.2,469.02,65534,65535,65535,
1388,95816,27.3,469.19,65535,65535,65535,
1391,95815,27.3,468.49,65535,65535,65535,
1394,95817,27.3,469.37,65535,65535,65535,
1397,95805,27.3,469.54,65535,65535,65535,
1400,95811,27.3,469.02,65534,65535,65534,
1403,95815,27.3,469.28,65534,65535,65535,
1407,95816,27.3,468.84,65535,65534,65535,
1410,95816,27.4,468.58,65535,65534,65535,
1413,95824,27.4,468.49,65535,65534,65535,
1416,95828,27.4,467.97,65534,65534,65535,
1419,95826,27.4,467.97,65535,65535,65534,
1422,95825,27.4,468.32,65535,65535,65535,
1425,95824,27.4,468.67,65535,65535,65534,
1429,95821,27.4,467.97,65535,65535,65535,
1432,95823,27.4,468.06,65535,65534,65535,
1435,95827,27.4,468.23,65535,65534,65535,
1438,95820,27.5,468.49,65535,65535,65534,
1441,95829,27.5,468.49,65534,65535,65535,
1444,95827,27.5,467.71,65534,65535,65534,
1447,95831,27.5,468.14,65534,65535,65535,
1450,95829,27.5,467.8,65535,65535,65535,
1454,95824,27.5,467.71,65535,65535,65535,
1457,95826,27.5,468.49,65535,65535,65535,
1460,95824,27.6,468.14,65535,65535,65535,
1463,95829,27.6,467.88,65534,65535,65535,
1466,95831,27.6,468.14,65535,65535,65534,
1469,95832,27.6,467.8,65534,65535,65534,
1472,95828,27.6,468.06,65535,65534,65535,
1475,95818,27.6,468.67,65534,65534,65534,
1479,95827,27.7,467.62,65535,65534,65534,
1482,95830,27.7,467.71,65535,65535,65535,
1485,95824,27.7,468.06,65535,65535,65535,
1488,95821,27.7,468.49,65535,65534,65535,
1491,95828,27.7,467.71,65534,65535,65534,
1494,95826,27.7,468.67,65535,65535,65535,
1497,95830,27.7,468.41,65534,65535,65535,
1501,95827,27.7,468.49,65535,65535,65534,
1504,95816,27.7,469.45,65535,65535,65535,
1507,95825,27.8,468.41,65535,65535,65535,
1510,95824,27.8,469.02,65150,65534,51034,
1513,95827,27.8,468.32,65534,65535,65535,
1516,95827,27.8,467.53,65534,65535,65535,
1519,95830,27.8,468.23,65535,65534,65535,
1522,95828,27.9,468.67,51517,65534,65534,
1526,95822,27.9,468.14,65535,65535,65535,
1529,95820,27.9,468.67,58399,65534,65450,
1532,95823,27.9,468.58,65535,65535,65535,
1535,95829,27.9,468.14,65535,65535,65535,
1538,95825,27.9,468.58,65535,65535,65535,
1541,95826,27.9,468.23,65535,65535,65535,
1544,95827,27.9,468.23,65535,65535,65535,
1548,95819,28,468.49,65535,65535,65535,
1551,95829,28,468.14,65535,65535,65535,
1554,95825,28,467.88,65535,65535,65535,
1557,95826,28,468.32,65535,65535,65535,
1560,95833,28,468.32,65535,65535,65535,
1563,95828,28,467.62,65535,65535,65535,
1566,95822,28,468.32,65535,65535,65535,
1569,95825,28,468.58,65535,65535,65535,
1573,95827,28,468.23,65535,65535,65535,
1576,95834,28,467.8,51384,63462,50793,
1579,95829,28.1,467.8,65534,65535,65534,
1582,95829,28.1,467.53,59814,65352,55051,
1585,95833,28.1,467.19,65535,65534,65535,
1588,95825,28.1,467.8,65535,65535,65535,
1591,95833,28.1,467.36,65535,65535,65534,
1594,95832,28.1,467.62,65534,65535,65534,
1598,95835,28.1,467.53,65535,65535,65535,
1601,95830,28.1,467.88,65535,65534,65535,
1604,95825,28.1,467.53,65535,65535,65535,
1607,95832,28.1,467.53,65534,65535,65534,
1610,95837,28.2,467.36,65534,65535,65534,
1613,95836,28.2,468.23,65534,65535,65534,
1616,95828,28.2,468.06,65534,65535,65534,
1620,95835,28.2,467.45,65534,65535,65535,
1623,95826,28.2,468.23,65535,65535,65535,
1626,95833,28.2,467.8,65535,65534,65535,
1629,95832,28.2,468.14,65534,65535,65534,
1632,95831,28.2,467.62,65535,65535,65535,
1635,95836,28.2,467.53,65535,65535,65535,
1638,95829,28.2,467.88,65535,65534,65535,
1641,95821,28.3,467.88,65535,65534,65535,
1645,95830,28.3,467.88,65535,65534,65534,
1648,95831,28.3,467.8,65534,65534,65534,
1651,95834,28.3,468.14,65534,65535,65534,
1654,95829,28.3,467.45,65535,65534,65534,
1657,95829,28.3,467.97,65535,65534,65535,
1660,95828,28.3,467.45,65535,65535,65535,
1663,95832,28.3,467.97,65535,65534,65535,
1666,95836,28.3,467.45,65535,65535,65535,
1670,95828,28.3,468.32,65535,65534,65535,
1673,95833,28.4,467.45,65534,65535,65534,
1676,95832,28.4,467.88,65534,65535,65534,
1679,95824,28.4,468.41,65534,65535,65534,
1682,95828,28.4,468.06,65534,65535,65534,
1685,95835,28.4,467.27,65535,65534,65535,
1688,95831,28.4,467.71,65535,65534,65534,
1692,95827,28.4,468.23,65535,65535,65535,
1695,95827,28.5,467.88,65534,65535,65534,
1698,95828,28.5,467.88,65535,65534,65534,
1701,95830,28.5,467.71,65535,65534,65534,
1704,95828,28.5,467.97,65535,65535,65535,
1707,95834,28.5,467.53,65534,65535,65534,
1710,95839,28.5,467.27,65534,65535,65534,
1713,95828,28.6,468.06,65535,65535,65535,
1717,95829,28.6,467.45,65535,65535,65535,
1720,95838,28.6,467.62,65535,65535,65534,
1723,95829,28.6,468.23,65535,65535,65534,
1726,95822,28.6,467.97,65535,65535,65535,
1729,95829,28.6,468.32,65535,65535,65535,
1732,95836,28.6,467.62,65535,65535,65535,
1735,95829,28.6,467.97,65535,65535,65534,
1739,95830,28.6,467.88,65534,65535,65535,
1742,95827,28.6,467.88,65534,65535,65535,
1745,95834,28.7,467.62,65535,65535,65535,
1748,95834,28.7,467.45,65535,65535,65535,
1751,95827,28.7,467.71,65535,65535,65534,
1754,95829,28.7,467.8,65534,65535,65534,
1757,95833,28.7,468.23,65535,65535,65535,
1760,95833,28.7,467.62,65535,65534,65534,
1764,95838,28.7,467.62,65534,65534,65535,
1767,95831,28.7,468.23,65535,65534,65535,
1770,95832,28.7,467.27,65535,65535,65534,
1773,95832,28.8,467.97,65534,65535,65534,
1776,95832,28.8,468.06,65534,65535,65534,
1779,95829,28.8,467.8,65535,65534,65534,
1782,95832,28.8,467.36,65535,65535,65534,
1785,95829,28.8,467.62,65535,65535,65535,
1789,95829,28.8,467.71,65535,65534,65534,
1792,95837,28.8,467.53,65534,65535,65534,
1795,95834,28.8,467.53,65534,65535,65534,
1798,95832,28.8,467.8,65534,65535,65534,
1801,95830,28.9,467.71,65534,65535,65534,
1804,95826,28.8,467.71,65534,65535,65534,
1807,95834,28.9,467.36,65534,65535,65534,
1811,95829,28.9,468.06,65534,65535,65534,
1814,95833,28.9,467.53,65535,65535,65534,
1817,95833,28.9,467.88,65534,65534,65534,
1820,95827,28.9,467.88,65534,65535,65534,
1823,95835,28.9,467.71,65534,65535,65534,
1826,95830,29,467.97,65534,65535,65534,
1829,95827,29,468.14,65535,65534,65534,
1832,95832,29,467.36,65534,65535,65535,
1836,95832,29,467.62,65534,65535,65534,
1839,95830,29,468.32,65534,65535,65535,
1842,95826,29,467.97,65535,65535,65535,
1845,95822,29,467.88,65534,65535,65535,
1848,95831,29,468.06,65535,65535,65534,
1851,95830,29,467.53,65535,65535,65535,
1854,95828,29,468.23,65534,65535,65535,
1857,95830,29,467.8,65534,65535,65534,
1861,95830,29.1,468.23,65534,65535,65535,
1864,95821,29.1,467.97,65535,65534,65535,
1867,95823,29.1,467.8,65535,65534,65534,
1870,95828,29.1,467.45,65534,65535,65534,
1873,95829,29.1,467.88,65535,65534,65534,
1876,95831,29.1,467.8,65535,65534,65535,
1879,95830,29.1,467.62,65535,65534,65535,
1883,95827,29.1,467.97,65534,65534,65534,
1886,95828,29.2,467.97,65535,65534,65535,
1889,95826,29.2,468.06,65535,65534,65535,
1892,95830,29.2,467.62,65534,65535,65534,
1895,95831,29.2,467.71,65534,65535,65535,
1898,95824,29.2,468.23,65535,65535,65535,
1901,95822,29.3,468.06,65535,65534,65534,
1904,95828,29.3,468.49,65534,65535,65534,
1908,95830,29.3,467.97,65534,65534,65534,
1911,95830,29.3,467.71,65534,65535,65534,
1914,95826,29.3,467.8,65535,65534,65534,
1917,95828,29.3,467.8,65534,65535,65535,
1920,95826,29.4,467.88,65535,65535,65534,
1923,95831,29.4,467.8,65535,65535,65534,
1926,95830,29.4,468.06,65535,65535,65535,
1930,95832,29.4,467.62,65535,65535,65535,
1933,95823,29.4,468.14,65535,65535,65535,
1936,95821,29.4,468.06,65535,65535,65535,
1939,95821,29.4,468.23,65535,65535,65535,
1942,95832,29.4,467.8,65535,65535,65535,
1945,95822,29.4,468.58,65535,65535,65535,
1948,95825,29.4,468.49,65535,65535,65535,
1951,95826,29.5,468.06,65535,65535,65535,
1955,95832,29.5,467.62,65535,65535,65535,
1958,95832,29.5,467.8,65535,65535,65535,
1961,95824,29.5,468.14,65535,65535,65534,
1964,95827,29.5,468.23,65534,65534,65535,
1967,95826,29.5,468.32,65535,65534,65534,
1970,95827,29.5,467.45,65534,65535,65534,
1973,95826,29.6,468.32,65534,65535,65535,
1976,95827,29.6,468.32,17666,18483,15126,
1980,95814,29.6,469.1,65534,65535,65534,
1983,95830,29.6,468.32,65534,65535,65535,
1986,95824,29.6,468.67,65535,65535,65534,
1989,95820,29.7,468.67,65535,65535,65534,
1992,95820,29.7,468.76,65535,65535,65535,
1995,95825,29.7,467.88,65535,65535,65535,
1998,95824,29.7,468.06,65535,65535,65535,
2002,95829,29.7,467.62,65534,65535,65534,
2005,95828,29.7,468.14,65535,65535,65534,
2008,95832,29.7,468.14,65535,65535,65535,
2011,95831,29.7,467.27,65534,65535,65535,
2014,95825,29.7,468.67,65535,65534,65534,
2017,95824,29.7,468.32,65534,65535,65534,
2020,95827,29.7,468.14,65534,65535,65535,
2023,95826,29.8,467.88,65534,65535,65534,
2027,95827,29.8,468.14,65534,65535,65534,
2030,95830,29.8,467.8,65535,65535,65535,
2033,95819,29.8,468.84,65534,65535,65534,
2036,95822,29.8,468.23,65534,65535,65534,
2039,95827,29.8,468.41,65534,65535,65534,
2042,95826,29.9,468.23,65534,65535,65534,
2045,95822,29.9,468.23,65534,65534,65534,
2048,95822,29.9,467.97,65534,65535,65534,
2052,95827,29.9,468.06,65534,65535,65534,
2055,95826,29.9,468.58,65534,65535,65534,
2058,95829,30,468.41,65534,65535,65534,
2061,95826,30,468.41,65534,65534,65534,
2064,95823,30.1,468.14,65535,65535,65534,
2067,95819,30.1,468.49,65534,65535,65534,
2071,95821,30.2,468.58,65534,65535,65534,
2074,95825,30.2,467.62,65534,65535,65534,
2077,95831,30.2,467.97,65534,65534,65534,
2080,95824,30.2,468.32,65534,65535,65534,
2083,95824,30.2,468.23,65534,65535,65534,
2086,95824,30.2,468.58,65534,65535,65534,
2089,95828,30.2,468.06,65534,65534,65534,
2092,95824,30.2,467.88,65534,65535,65534,
2096,95785,30.1,471.89,65534,65535,65534,
2099,95828,30.2,468.14,65534,65534,65534,
2102,95789,30.1,471.8,65534,65534,65534,
2105,95826,30.2,468.23,65534,65535,65534,
2108,95829,30.2,467.8,65534,65535,65534,
2111,95823,30.2,468.06,65535,65534,65534,
2114,95817,30.2,468.67,65534,65535,65535,
2118,95825,30.3,468.14,65534,65534,65534,
2121,95832,30.3,467.62,65534,65535,65534,
2124,95830,30.3,468.06,65534,65535,65534,
2127,95839,30.3,467.36,65534,65535,65534,
2130,95838,30.3,467.36,65534,65535,65534,
2133,95831,30.3,467.71,65534,65535,65534,
2136,95833,30.3,467.45,65534,65535,65534,
2139,95826,30.3,467.88,65534,65534,65534,
2143,95835,30.3,467.53,65534,65535,65534,
2146,95833,30.4,467.36,65534,65535,65534,
2149,95828,30.4,467.71,65534,65535,65534,
2152,95834,30.4,468.14,65534,65534,65534,
2155,95828,30.4,468.41,65535,65534,65535,
2158,95830,30.4,468.06,65535,65535,65534,
2161,95829,30.4,468.14,65534,65534,65534,
2165,95827,30.4,468.23,65535,65535,65535,
2168,95835,30.4,467.53,58718,65534,59864,
2171,95835,30.4,467.62,65474,65534,65534,
2174,95834,30.4,467.62,65534,65535,65534,
2177,95835,30.4,467.53,65534,65535,65534,
2180,95827,30.4,468.14,65534,65535,65534,
2183,95825,30.4,468.14,65534,65535,65534,
2186,95827,30.4,468.58,65534,65535,65534,
2190,95829,30.4,467.71,65534,65535,65534,
2193,95832,30.4,467.97,65534,65535,65534,
2196,95832,30.4,467.97,65534,65535,65534,
2199,95824,30.4,467.88,65534,65534,65534,
2202,95830,30.4,467.53,60831,65534,65121,
2205,95826,30.4,467.88,65162,65534,65534,
2208,95829,30.5,468.23,63792,65534,65534,
2212,95826,30.5,467.97,65532,65534,65534,
2215,95833,30.5,468.32,65534,65534,65534,
2218,95829,30.5,468.32,65480,65534,65534,
2221,95824,30.5,467.88,62917,65534,65534,
2224,95829,30.5,467.97,65534,65535,65534,
2227,95830,30.6,467.88,65534,65535,65534,
2230,95831,30.6,467.45,65534,65534,65534,
2233,95830,30.6,468.06,65534,65534,65534,
2237,95828,30.6,467.27,65534,65535,65534,
2240,95824,30.6,468.32,65534,65535,65534,
2243,95827,30.6,467.62,65534,65535,65534,
2246,95828,30.6,468.06,65534,65535,65534,
2249,95832,30.6,467.62,65534,65535,65534,
2252,95824,30.6,468.14,65534,65535,65534,
2255,95824,30.6,468.06,65534,65535,65534,
2259,95829,30.7,468.41,65534,65534,65534,
2262,95817,30.7,468.93,65534,65534,65535,
2265,95827,30.7,468.14,65534,65534,65535,
2268,95824,30.7,468.93,65534,65534,65534,
2271,95821,30.7,468.32,65534,65534,65535,
2274,95829,30.7,468.14,65534,65534,65535,
2277,95827,30.7,468.49,65534,65534,65535,
2280,95823,30.8,468.23,65535,65535,65535,
2284,95829,30.7,467.62,65534,65534,65535,
2287,95829,30.7,467.62,65535,65534,65535,
2290,95830,30.7,468.14,65534,65534,65535,
2293,95833,30.7,467.62,65534,65534,65535,
2296,95827,30.7,468.23,65534,65534,65535,
2299,95826,30.7,468.14,65534,65534,65535,
2302,95823,30.7,468.58,65534,65534,65534,
2306,95823,30.8,468.58,65534,65534,65534,
2309,95817,30.7,468.49,65534,65534,65534,
2312,95820,30.8,468.23,65534,65534,65535,
2315,95827,30.8,468.49,65534,65534,65535,
2318,95831,30.8,468.14,65534,65534,65535,
2321,95832,30.8,467.97,65534,65534,65534,
2324,95829,30.8,468.14,65534,65534,65534,
2327,95823,30.8,468.32,65534,65534,65534,
2331,95831,30.8,467.88,65534,65534,65535,
2334,95828,30.8,468.23,65534,65534,65535,
2337,95828,30.8,468.49,65534,65534,65534,
2340,95823,30.8,468.49,65534,65534,65535,
2343,95828,30.8,467.97,65534,65534,65534,
2346,95826,30.9,468.76,65534,65534,65534,
2349,95819,30.9,468.58,65534,65534,65535,
2353,95823,30.9,468.32,65534,65534,65534,
2356,95827,30.9,469.02,65534,65534,65534,
2359,95820,30.9,468.23,65534,65534,65535,
2362,95821,30.9,468.76,65535,65535,65535,
2365,95828,30.9,468.41,65535,65535,65535,
2368,95828,30.9,468.41,65535,65535,65535,
2371,95830,30.9,468.06,65534,65534,65535,
2374,95826,30.9,467.8,65534,65534,65535,
2378,95824,30.9,468.84,65534,65534,65535,
2381,95826,30.9,468.14,65534,65534,65535,
2384,95827,30.9,468.32,65534,65534,65535,
2387,95828,30.9,468.06,65535,65535,65535,
2390,95820,31,468.32,65535,65535,65535,
2393,95785,30.9,471.8,65535,65535,65535,
2396,95821,31,468.67,65534,65534,65535,
2400,95784,30.9,471.63,65534,65534,65534,
2403,95821,31,468.76,65534,65534,65534,
2406,95818,31,468.58,65534,65535,65534,
2409,95821,31.1,468.67,65534,65535,65534,
2412,95824,31.1,467.97,65534,65535,65534,
2415,95820,31.1,468.93,65534,65535,65534,
2418,95824,31.1,467.88,65534,65535,65534,
2421,95825,31.1,468.67,65534,65535,65534,
2425,95822,31.1,468.14,65534,65535,65534,
2428,95829,31.1,468.06,65534,65535,65534,
2431,95828,31.1,467.88,65534,65535,65534,
2434,95832,31.1,467.19,65534,65535,65534,
2437,95831,31.1,467.97,65534,65535,65534,
2440,95837,31.1,467.01,65534,65535,65534,
2443,95830,31.1,467.36,65534,65535,65534,
2447,95834,31.1,467.88,65534,65535,65534,
2450,95838,31.1,467.71,65534,65535,65534,
2453,95832,31.1,468.14,65534,65535,65534,
2456,95835,31.1,467.62,65534,65535,65534,
2459,95837,31.1,467.53,65534,65535,65534,
2462,95830,31.1,467.19,65534,65535,65534,
2465,95832,31.1,468.06,65534,65535,65534,
2468,95833,31.1,467.45,65534,65535,65534,
2472,95835,31.1,467.8,65534,65535,65534,
2475,95835,31.2,467.19,65534,65535,65534,
2478,95833,31.2,467.71,65534,65535,65534,
2481,95830,31.2,467.71,65534,65535,65534,
2484,95834,31.2,467.71,65534,65535,65534,
2487,95841,31.2,466.75,65534,65535,65534,
2490,95838,31.2,467.53,65534,65535,65534,
2494,95836,31.2,467.53,65534,65535,65534,
2497,95836,31.2,467.27,65534,65535,65534,
2500,95825,31.2,467.88,65534,65535,65534,
2503,95833,31.2,467.62,65534,65535,65534,
2506,95827,31.2,468.14,50796,65449,55876,
2509,95830,31.2,467.97,65534,65535,65534,
2512,95834,31.2,467.8,65534,65535,65534,
2515,95831,31.2,467.8,65534,65535,65534,
2519,95834,31.2,467.53,65534,65535,65534,
2522,95838,31.2,467.88,65534,65535,65534,
2525,95833,31.2,467.71,65534,65535,65534,
2528,95837,31.2,467.01,65534,65535,65534,
2531,95830,31.2,467.97,65534,65535,65534,
2534,95837,31.2,467.88,65534,65535,65534,
2537,95824,31.2,468.32,65534,65535,65534,
2541,95828,31.2,468.14,65534,65535,65534,
2544,95842,31.2,467.53,65534,65535,65534,
2547,95840,31.2,466.67,65534,65535,65534,
2550,95829,31.2,468.06,65534,65535,65534,
2553,95830,31.2,468.23,65534,65535,65534,
2556,95826,31.2,467.88,65534,65535,65534,
2559,95829,31.2,468.41,65534,65535,65534,
2562,95821,31.2,468.84,65534,65535,65534,
2566,95831,31.2,467.19,65534,65535,65534,
2569,95824,31.2,468.41,65534,65535,65534,
2572,95824,31.3,468.67,65534,65535,65534,
2575,95820,31.3,468.41,65534,65535,65534,
2578,95820,31.3,468.41,65534,65535,65534,
2581,95824,31.3,467.71,65534,65535,65534,
2584,95821,31.3,468.23,65534,65535,65534,
2588,95834,31.3,467.53,65534,65535,65534,
2591,95829,31.3,467.88,65534,65535,65534,
2594,95830,31.3,467.8,65534,65535,65534,
2597,95833,31.3,467.8,65534,65535,65534,
2600,95830,31.3,468.06,65534,65535,65534,
2603,95833,31.3,467.36,65534,65535,65534,
2606,95829,31.3,467.71,65534,65535,65534,
2609,95823,31.3,468.06,65534,65535,65534,
2613,95824,31.3,468.32,65534,65535,65534,
2616,95829,31.3,467.97,65534,65535,65534,
2619,95832,31.3,467.53,65534,65535,65534,
2622,95817,31.3,468.14,65534,65535,65534,
2625,95828,31.3,467.8,65534,65535,65534,
2628,95833,31.3,467.97,65534,65535,65534,
2631,95825,31.3,468.32,65534,65535,65534,
2635,95829,31.3,467.8,65534,65534,65534,
2638,95826,31.3,468.14,65534,65535,65534,
2641,95836,31.3,467.19,65534,65535,65534,
2644,95827,31.3,468.06,65534,65535,65534,
2647,95828,31.3,467.62,65534,65535,65534,
2650,95826,31.3,468.06,65534,65535,65534,
2653,95831,31.3,467.71,65534,65535,65534,
2656,95829,31.3,467.71,65534,65535,65534,
2660,95839,31.3,467.53,65534,65535,65534,
2663,95839,31.3,467.8,65534,65535,65534,
2666,95829,31.3,468.49,65534,65535,65534,
2669,95826,31.3,468.06,65534,65535,65534,
2672,95836,31.3,466.67,65534,65535,65534,
2675,95833,31.3,467.71,65534,65535,65534,
2678,95832,31.3,467.97,65534,65535,65534,
2682,95825,31.3,468.14,65534,65535,65534,
2685,95831,31.3,467.88,65534,65535,65534,
2688,95841,31.3,467.36,65534,65535,65534,
2691,95835,31.3,467.27,65534,65535,65534,
2694,95838,31.3,467.27,65534,65535,65534,
2697,95835,31.3,467.19,65534,65535,65534,
2700,95834,31.3,467.53,65534,65535,65534,
2703,95833,31.3,467.36,65534,65535,65534,
2707,95837,31.3,467.27,65534,65535,65534,
2710,95828,31.3,467.97,65534,65535,65534,
2713,95837,31.3,467.71,65534,65535,65534,
2716,95836,31.3,467.36,65534,65535,65534,
2719,95832,31.3,467.97,65534,65535,65534,
2722,95840,31.3,467.27,65534,65535,65534,
2725,95840,31.3,467.19,65534,65535,65534,
2729,95836,31.3,467.19,65534,65535,65534,
2732,95838,31.3,467.45,65534,65535,65534,
2735,95834,31.3,467.19,65534,65535,65534,
2738,95840,31.3,467.19,65534,65535,65534,
2741,95840,31.3,467.27,65534,65535,65534,
2744,95839,31.3,467.01,65534,65535,65534,
2747,95842,31.3,466.84,65534,65535,65534,
2750,95840,31.3,466.84,65534,65535,65534,
2754,95837,31.3,466.84,65534,65535,65534,
2757,95840,31.3,466.84,65534,65535,65534,
2760,95839,31.3,467.19,65534,65535,65534,
2763,95839,31.3,467.62,65534,65535,65534,
2766,95837,31.3,467.19,65534,65535,65534,
2769,95838,31.3,467.36,65534,65535,65534,
2772,95838,31.3,467.53,65534,65535,65534,
2776,95837,31.3,467.62,65534,65535,65534,
2779,95835,31.3,467.53,65534,65535,65534,
2782,95836,31.4,467.71,65534,65535,65534,
2785,95837,31.4,467.36,65534,65535,65534,
2788,95826,31.4,467.8,65534,65534,65534,
2791,95834,31.4,467.97,65534,65535,65534,
2794,95837,31.4,467.36,65534,65534,65534,
2797,95841,31.4,467.1,65534,65534,65534,
2801,95834,31.4,467.53,65534,65534,65534,
2804,95833,31.4,467.1,65534,65534,65534,
2807,95832,31.4,467.36,65534,65534,65534,
2810,95832,31.4,467.53,65534,65534,65534,
2813,95837,31.4,467.1,65534,65534,65534,
2816,95833,31.4,467.53,65534,65534,65534,
2819,95830,31.4,467.19,65534,65534,65534,
2823,95837,31.4,467.1,65534,65534,65534,
2826,95838,31.4,467.45,65534,65534,65534,
2829,95832,31.4,467.45,65534,65534,65534,
2832,95831,31.4,467.88,65534,65534,65534,
2835,95834,31.4,467.36,65534,65534,65534,
2838,95836,31.4,467.53,65534,65534,65534,
2841,95840,31.4,467.8,65534,65534,65534,
2844,95835,31.4,468.06,65534,65534,65534,
2848,95835,31.4,467.45,65534,65534,65534,
2851,95837,31.4,467.62,65534,65534,65534,
2854,95843,31.4,466.75,65534,65534,65534,
2857,95832,31.4,467.88,65534,65534,65534,
2860,95833,31.4,467.62,65534,65534,65534,
2863,95829,31.4,467.45,65534,65534,65534,
2866,95836,31.4,467.27,65534,65534,65534,
2870,95832,31.4,467.45,65534,65534,65534,
2873,95834,31.4,467.62,65534,65535,65534,
2876,95836,31.4,467.45,65534,65535,65534,
2879,95830,31.4,467.71,65534,65535,65534,
2882,95825,31.4,467.88,65534,65535,65534,
2885,95830,31.5,467.8,65534,65535,65534,
2888,95830,31.4,467.01,65534,65535,65534,
2891,95833,31.5,466.93,65534,65535,65534,
2895,95835,31.4,467.45,65534,65534,65534,
2898,95839,31.5,467.36,65534,65535,65534,
2901,95836,31.5,467.62,65534,65535,65534,
2904,95836,31.4,467.1,65534,65535,65534,
2907,95831,31.5,468.06,65534,65534,65534,
2910,95830,31.5,467.45,65534,65535,65534,
2913,95832,31.5,468.06,65534,65534,65534,
2917,95828,31.5,468.32,65534,65535,65534,
2920,95828,31.5,467.53,65534,65535,65534,
2923,95828,31.5,467.53,65534,65535,65534,
2926,95830,31.5,467.27,65534,65535,65534,
2929,95829,31.5,467.71,65534,65534,65534,
2932,95836,31.5,467.62,65534,65534,65534,
2935,95834,31.5,467.8,65534,65535,65534,
2938,95825,31.5,468.06,65534,65534,65534,
2942,95835,31.5,468.06,65534,65534,65534,
2945,95827,31.5,467.62,65534,65534,65534,
2948,95833,31.5,467.8,65534,65534,65534,
2951,95829,31.5,467.62,65534,65534,65534,
2954,95837,31.5,467.53,65534,65534,65534,
2957,95829,31.5,467.97,65534,65534,65534,
2960,95828,31.5,467.97,65534,65534,65534,
2964,95831,31.5,468.14,65534,65534,65534,
2967,95831,31.5,467.8,65534,65534,65534,
2970,95823,31.5,467.88,65534,65535,65534,
2973,95828,31.5,468.06,65534,65534,65534,
2976,95833,31.5,467.36,65534,65534,65534,
2979,95832,31.5,467.88,65534,65535,65534,
2982,95831,31.5,468.14,65534,65535,65534,
2985,95828,31.5,467.62,65534,65535,65534,
2989,95830,31.5,467.8,65534,65535,65534,
2992,95827,31.5,467.62,65534,65535,65534,
2995,95829,31.5,467.97,65534,65534,65534,
2998,95830,31.5,468.23,65534,65535,65534,
3001,95832,31.5,467.53,65534,65535,65534,
3004,95837,31.5,467.53,65534,65535,65534,
3007,95832,31.5,467.97,65534,65535,65534,
3011,95833,31.5,467.97,65534,65535,65534,
3014,95836,31.5,467.8,65534,65535,65534,
3017,95834,31.5,467.88,65534,65535,65534,
3020,95833,31.5,467.88,65534,65535,65534,
3023,95836,31.5,467.71,65534,65535,65534,
3026,95829,31.5,467.88,65534,65535,65534,
3029,95833,31.5,467.97,65534,65535,65534,
3032,95833,31.5,468.06,65534,65535,65534,
3036,95832,31.5,467.88,65534,65535,65534,
3039,95832,31.5,467.71,65534,65535,65534,
3042,95834,31.5,467.1,65534,65535,65534,
3045,95830,31.5,468.41,65534,65535,65534,
3048,95836,31.5,467.27,65534,65535,65534,
3051,95828,31.5,468.06,65534,65535,65534,
3054,95825,31.5,467.97,65534,65535,65534,
3058,95828,31.5,467.8,65534,65535,65534,
3061,95827,31.5,467.53,65534,65535,65534,
3064,95838,31.5,467.36,65534,65535,65534,
3067,95833,31.5,467.53,65534,65535,65534,
3070,95828,31.5,467.27,65534,65535,65534,
3073,95827,31.5,467.62,65534,65535,65534,
3076,95828,31.5,468.14,65534,65535,65534,
3079,95826,31.6,468.32,65534,65535,65534,
3083,95834,31.6,468.14,65534,65535,65534,
3086,95830,31.6,467.36,65534,65535,65534,
3089,95827,31.6,467.97,65534,65535,65534,
3092,95830,31.6,468.41,65534,65535,65534,
3095,95836,31.6,467.62,65534,65535,65534,
3098,95830,31.6,467.97,65534,65535,65534,
3101,95825,31.6,468.58,65534,65535,65534,
3105,95824,31.6,468.41,65534,65535,65534,
3108,95833,31.6,467.71,65534,65535,65534,
3111,95824,31.6,468.41,65534,65535,65534,
3114,95826,31.6,468.23,65534,65535,65534,
3117,95824,31.6,467.62,65534,65535,65534,
3120,95824,31.6,468.49,65534,65535,65534,
3123,95831,31.6,468.14,65534,65535,65534,
3126,95828,31.6,467.97,65534,65535,65534,
3130,95825,31.6,468.67,65534,65535,65534,
3133,95828,31.6,468.06,65534,65535,65534,
3136,95826,31.6,468.58,65534,65535,65534,
3139,95827,31.6,468.14,65534,65535,65534,
3142,95825,31.6,468.23,65534,65535,65534,
3145,95824,31.6,468.32,65534,65535,65534,
3148,95824,31.6,468.49,65534,65535,65534,
3152,95829,31.6,468.06,65534,65535,65534,
3155,95827,31.6,467.8,65534,65535,65534,
3158,95827,31.6,468.14,65534,65535,65534,
3161,95828,31.6,467.53,65534,65535,65534,
3164,95825,31.6,468.14,65534,65535,65534,
3167,95825,31.6,467.71,65534,65535,65534,
3170,95825,31.6,468.06,65534,65535,65534,
3173,95828,31.6,467.71,65534,65535,65534,
3177,95832,31.6,467.8,65534,65535,65534,
3180,95831,31.6,468.14,65534,65535,65534,
3183,95830,31.6,467.62,65534,65535,65534,
3186,95827,31.6,468.32,65534,65535,65534,
3189,95825,31.6,467.71,65534,65535,65534,
3192,95827,31.6,468.14,65534,65535,65534,
3195,95837,31.6,467.53,65534,65535,65534,
3199,95827,31.6,468.32,65534,65535,65534,
3202,95832,31.6,468.14,65534,65535,65534,
3205,95825,31.6,468.14,65534,65535,65534,
3208,95823,31.6,467.53,65534,65535,65534,
3211,95829,31.6,468.58,65534,65535,65534,
3214,95826,31.7,468.67,65534,65535,65534,
3217,95826,31.7,467.97,65534,65535,65534,
3220,95827,31.7,468.23,65534,65535,65534,
3224,95826,31.7,468.14,65534,65535,65534,
3227,95830,31.6,467.71,65534,65535,65534,
3230,95824,31.7,467.88,65534,65535,65534,
3233,95828,31.7,467.97,65534,65535,65534,
3236,95827,31.7,468.58,65534,65535,65534,
3239,95824,31.7,468.06,65534,65535,65534,
3242,95825,31.7,468.49,65534,65535,65534,
3246,95828,31.7,468.23,65534,65535,65534,
3249,95828,31.7,467.88,65534,65535,65534,
3252,95830,31.7,468.32,65534,65535,65534,
3255,95822,31.7,467.8,65534,65535,65534,
3258,95833,31.7,467.62,65534,65535,65534,
3261,95828,31.7,467.71,65534,65535,65534,
3264,95830,31.7,468.32,65534,65535,65534,
3267,95825,31.7,467.88,65534,65535,65534,
3271,95833,31.7,467.71,65534,65535,65534,
3274,95822,31.7,468.32,65534,65535,65534,
3277,95825,31.7,468.14,65534,65535,65534,
3280,95829,31.7,468.23,65534,65535,65534,
3283,95823,31.7,468.41,65534,65535,65534,
3286,95822,31.7,468.14,65534,65535,65534,
3289,95819,31.7,468.32,65534,65535,65534,
3293,95829,31.7,468.06,65534,65535,65534,
3296,95826,31.7,468.41,65534,65535,65534,
3299,95828,31.7,468.49,65534,65535,65534,
3302,95830,31.7,468.23,65534,65535,65534,
3305,95824,31.7,468.67,65534,65535,65534,
3308,95824,31.7,468.41,65534,65535,65534,
3311,95824,31.7,468.49,65534,65535,65534,
3314,95823,31.7,468.23,65534,65535,65534,
3318,95825,31.7,468.76,65534,65535,65534,
3321,95821,31.7,468.58,65534,65535,65534,
3324,95824,31.7,468.14,65534,65535,65534,
3327,95823,31.7,468.41,65534,65535,65534,
3330,95824,31.7,468.58,65534,65535,65534,
3333,95821,31.7,468.41,65534,65535,65534,
3336,95824,31.7,468.23,65534,65535,65534,
3340,95826,31.8,468.14,65534,65535,65534,
3343,95821,31.8,468.41,65534,65535,65534,
3346,95820,31.8,468.76,65534,65535,65534,
3349,95821,31.8,468.41,65534,65535,65534,
3352,95823,31.8,468.14,65534,65535,65534,
3355,95822,31.8,469.02,65534,65535,65534,
3358,95825,31.8,468.06,65534,65535,65534,
3361,95827,31.8,468.93,65534,65535,65534,
3365,95824,31.8,467.88,65534,65535,65534,
3368,95826,31.8,468.32,65534,65535,65534,
3371,95824,31.8,468.67,65534,65535,65534,
3374,95819,31.8,468.32,65534,65535,65534,
3377,95826,31.8,468.58,65534,65535,65534,
3380,95822,31.8,468.23,65534,65535,65534,
3383,95825,31.8,468.32,65534,65535,65534,
3387,95820,31.8,469.02,65534,65535,65534,
3390,95819,31.8,468.93,65534,65535,65534,
3393,95817,31.8,468.67,65534,65535,65534,
3396,95822,31.8,468.93,65534,65535,65534,
3399,95816,31.8,469.1,65534,65535,65534,
3402,95829,31.8,468.49,65534,65535,65534,
3405,95819,31.8,468.49,65534,65535,65534,
3408,95823,31.8,468.41,65534,65535,65534,
3412,95822,31.8,468.32,65534,65535,65534,
3415,95827,31.8,468.32,65534,65535,65534,
3418,95821,31.8,468.41,65534,65535,65534,
3421,95825,31.8,468.67,65534,65535,65534,
3424,95822,31.8,468.32,65534,65535,65534,
3427,95825,31.8,468.32,65534,65535,65534,
3430,95826,31.8,468.49,65534,65535,65534,
3434,95820,31.8,467.88,65534,65535,65534,
3437,95822,31.8,468.58,65534,65535,65534,
3440,95821,31.8,468.41,65534,65535,65534,
3443,95823,31.8,468.58,65534,65535,65534,
3446,95819,31.8,468.32,65534,65535,65534,
3449,95822,31.8,468.49,65534,65535,65534,
3452,95824,31.9,468.76,65534,65535,65534,
3455,95820,31.8,468.67,65534,65535,65534,
3459,95820,31.9,468.49,65534,65535,65534,
3462,95824,31.9,468.58,65534,65535,65534,
3465,95820,31.9,468.76,65534,65535,65534,
3468,95823,31.9,468.49,65534,65535,65534,
3471,95827,31.9,468.32,65534,65535,65534,
3474,95819,31.9,467.97,65534,65535,65534,
3477,95820,31.9,468.67,65534,65535,65534,
3481,95825,31.9,467.71,65534,65535,65534,
3484,95823,31.9,468.84,65534,65535,65534,
3487,95824,31.9,468.14,65534,65535,65534,
3490,95822,31.9,468.14,65534,65535,65534,
3493,95827,31.9,468.41,65534,65535,65534,
3496,95821,31.9,468.14,65534,65535,65534,
3499,95827,31.9,468.84,65534,65535,65534,
3502,95824,31.9,468.76,65534,65535,65534,
3506,95823,31.9,468.32,65534,65535,65534,
3509,95826,31.9,468.49,65534,65535,65534,
3512,95818,31.9,469.19,65534,65535,65534,
3515,95824,31.9,468.41,65534,65535,65534,
3518,95824,31.9,467.88,65534,65535,65534,
3521,95827,31.9,468.41,65534,65535,65534,
3524,95827,31.9,468.41,65534,65535,65534,
3527,95827,31.9,468.32,65534,65535,65534,
3531,95821,31.9,468.49,65534,65535,65534,
3534,95824,31.9,468.23,65534,65535,65534,
3537,95823,31.9,468.06,65534,65535,65534,
3540,95825,31.9,468.49,65534,65535,65534,
3543,95815,31.9,468.41,65534,65535,65534,
3546,95828,31.9,468.14,65534,65535,65534,
3549,95826,31.9,467.97,65534,65535,65534,
3553,95826,31.9,467.97,65534,65535,65534,
3556,95830,31.9,468.32,65534,65535,65534,
3559,95830,31.9,468.41,65534,65535,65534,
3562,95823,31.9,468.32,65534,65535,65534,
3565,95826,31.9,468.58,65534,65535,65534,
3568,95819,31.9,468.41,65534,65535,65534,
3571,95827,31.9,467.97,65534,65535,65534,
3575,95822,31.9,468.49,65534,65535,65534,
3578,95819,31.9,468.06,65534,65535,65534,
3581,95817,31.9,468.14,65534,65535,65534,
3584,95827,31.9,468.14,65534,65535,65534,
3587,95821,31.9,468.06,65534,65535,65534,
3590,95828,31.9,468.58,65534,65535,65534,
3593,95824,31.9,468.67,65534,65535,65534,
3596,95822,31.9,468.32,65534,65535,65534,
3600,95821,31.9,468.67,65534,65535,65534,
3603,95822,31.9,468.58,65534,65535,65534,
3606,95825,32,467.71,65534,65535,65534,
3609,95824,32,468.41,65534,65535,65534,
3612,95827,31.9,467.71,65534,65535,65534,
3615,95825,32,468.06,65534,65535,65534,
3619,95827,32,468.32,65534,65535,65534,
3622,95824,32,468.14,65534,65535,65534,
3625,95824,32,468.58,65534,65535,65534,
3628,95820,32,468.67,65534,65535,65534,
3631,95826,32,468.67,65534,65535,65534,
3634,95821,32,468.49,65534,65535,65534,
3637,95821,32,468.76,65534,65535,65534,
3640,95826,32,468.23,65534,65535,65534,
3644,95823,32,468.67,65534,65535,65534,
3647,95820,32,468.67,65534,65535,65534,
3650,95826,32,468.49,65534,65535,65534,
3653,95822,32,468.84,65534,65535,65534,
3656,95822,32,468.32,65534,65535,65534,
3659,95828,32,468.14,64127,65534,65534,
3662,95819,32,468.84,61144,65534,65534,
3666,95819,32,467.88,65534,65535,65534,
3669,95823,32,468.67,65534,65535,65534,
3672,95828,32,468.41,65534,65535,65534,
3675,95822,32,468.23,65534,65535,65534,
3678,95829,32,468.14,65534,65535,65534,
3681,95826,32,468.49,65534,65535,65534,
3684,95828,32,468.06,65534,65535,65534,
3687,95822,32,468.32,65534,65535,65534,
3691,95825,32.1,468.76,65534,65535,65534,
3694,95823,32,468.67,65534,65535,65534,
3697,95823,32,468.58,65534,65534,65534,
3700,95821,32.1,468.49,65534,65534,65534,
3703,95824,32,468.84,65534,65534,65534,
3706,95821,32.1,468.76,65534,65535,65534,
3709,95822,32.1,468.67,65534,65535,65534,
3713,95824,32.1,468.93,65534,65535,65534,
3716,95819,32.1,468.76,65534,65535,65534,
3719,95817,32.1,468.41,65534,65535,65534,
3722,95816,32.1,468.67,65534,65535,65534,
3725,95826,32.1,468.32,65534,65535,65534,
3728,95824,32.1,468.67,65534,65535,65534,
3731,95822,32.1,468.32,65534,65535,65534,
3734,95815,32.1,468.76,65534,65535,65534,
3738,95821,32.1,469.02,65534,65535,65534,
3741,95822,32.1,469.1,65534,65535,65534,
3744,95819,32.1,468.76,65534,65535,65534,
3747,95820,32.1,469.02,65534,65535,65534,
3750,95822,32.1,468.67,65534,65535,65534,
3753,95819,32.1,468.58,65534,65535,65534,
3756,95826,32.2,468.14,65534,65535,65534,
3760,95821,32.1,468.23,65534,65535,65534,
3763,95824,32.2,468.06,65534,65535,65534,
3766,95819,32.1,467.88,65534,65535,65534,
3769,95822,32.2,467.88,65534,65535,65534,
3772,95817,32.2,468.49,65534,65535,65534,
3775,95829,32.2,468.14,65534,65535,65534,
3778,95823,32.2,468.58,65534,65535,65534,
3782,95820,32.2,468.84,65534,65535,65534,
3785,95823,32.2,468.14,65534,65535,65534,
3788,95822,32.2,468.49,65534,65535,65534,
3791,95830,32.2,468.06,65534,65535,65534,
3794,95825,32.2,468.32,65534,65535,65534,
3797,95828,32.2,468.49,65534,65535,65534,
3800,95822,32.2,468.41,65534,65535,65534,
3803,95828,32.2,468.58,65534,65535,65534,
3807,95825,32.2,468.14,65534,65535,65534,
3810,95824,32.2,468.14,65534,65535,65534,
3813,95824,32.2,468.32,65534,65535,65534,
3816,95820,32.2,468.41,65534,65535,65534,
3819,95818,32.2,468.84,65534,65535,65534,
3822,95818,32.2,468.84,65534,65535,65534,
3825,95820,32.2,468.06,65534,65535,65534,
3829,95817,32.2,468.76,65534,65535,65534,
3832,95825,32.2,468.93,65534,65535,65534,
3835,95828,32.2,468.67,65534,65535,65534,
3838,95821,32.2,468.49,65534,65535,65534,
3841,95817,32.2,468.06,65534,65535,65534,
3844,95818,32.2,468.14,65534,65535,65534,
3847,95816,32.2,468.84,65534,65535,65534,
3850,95820,32.2,468.76,37929,46717,39923,
3854,95819,32.2,468.49,19891,25535,19869,
3857,95813,32.2,468.41,52123,65495,51760,
3860,95809,32.2,469.28,65535,65535,65535,
3863,95814,32.2,469.54,65535,65535,65535,
3866,95816,32.3,469.63,44690,52158,45211,
3869,95808,32.2,469.1,65535,65535,65535,
3872,95810,32.2,469.37,65534,65535,65535,
3876,95814,32.3,469.37,375,420,301,
3879,95814,32.3,469.8,65534,65535,65534,
3882,95812,32.3,468.93,44778,63092,52947,
3885,95809,32.3,469.45,36033,36356,38972,
3888,95813,32.3,469.37,21379,32197,33179,
3891,95804,32.3,469.71,39316,43950,44069,
3894,95813,32.3,469.71,62189,65110,57316,
3897,95813,32.3,469.71,54740,63119,54392,
3901,95812,32.3,469.45,47141,52398,45395,
3904,95809,32.3,469.89,59640,62153,55859,
3907,95810,32.4,469.89,65534,65534,63529,
3910,95805,32.4,469.19,2988,4758,4734,
3913,95809,32.4,469.54,48,160,124,
3916,95817,32.4,470.15,13261,19134,12128,
3919,95811,32.4,469.63,41620,47500,40457,
3923,95810,32.4,469.54,26786,29978,26567,
3926,95806,32.4,469.89,6264,9835,5914,
3929,95807,32.4,469.8,2571,6959,6356,
3932,95807,32.4,469.8,22506,25767,23937,
3935,95792,32.4,471.63,65534,65535,65534,
3938,95803,32.5,469.45,51583,56495,51305,
3941,95785,32.4,471.89,65534,65534,65534,
3944,95806,32.5,470.06,65535,65535,65534,
3948,95807,32.5,469.63,65535,65535,65534,
3951,95806,32.5,469.8,65535,65535,65535,
3954,95786,32.5,471.72,65535,65535,65535,
3957,95657,32.5,483.49,65535,65535,65535,
3960,95492,32.6,497.63,65534,65534,65534,
3963,95315,32.6,512.49,63206,65534,65534,
3966,95161,32.6,526.58,65535,65535,65535,
3970,95006,32.6,540.7,60311,65534,65534,
3973,94815,32.6,556.94,65535,65535,65535,
3976,94619,32.6,573.64,65534,65535,65534,
3979,94468,32.6,587.03,57254,65534,65534,
3982,94361,32.6,596.37,65535,65535,65535,
3985,94221,32.6,608.82,56853,65534,65534,
3988,94051,32.6,624.81,58747,65534,65435,
3992,93858,32.6,641.27,65535,65534,65535,
3995,93671,32.6,658.3,65535,65535,65534,
3998,93465,32.6,675.52,65358,65534,65534,
4001,93305,32.6,690.65,65534,65535,65534,
4004,93126,32.6,706.23,65535,65535,65535,
4007,92963,32.6,720.95,64764,65534,65534,
4010,92798,32.6,735.51,65033,65534,65534,
4013,92629,32.6,750.81,57441,65534,65534,
4017,92464,32.6,765.69,65535,65535,65534,
4020,92268,32.5,782.38,65534,65534,65534,
4023,92116,32.6,796.67,63253,65534,65534,
4026,91950,32.6,811.52,56941,65533,62758,
4029,91806,32.6,825.13,63587,65534,65534,
4032,91632,32.6,839.93,65535,65535,65535,
4035,91459,32.6,856.02,65535,65535,65535,
4039,91267,32.7,872.95,65535,65535,65535,
4042,91092,32.7,889,65535,65535,65534,
4045,90910,32.6,905.62,62871,65534,65534,
4048,90740,32.6,920.9,61381,65534,65534,
4051,90572,32.6,936.39,65535,65535,65535,
4054,90403,32.6,952.08,63409,65534,65468,
4057,90218,32.6,968.72,64828,65534,65534,
4060,90034,32.6,985.19,60490,65534,65485,
4064,89873,32.6,1000.41,65534,65534,65535,
4067,89679,32.6,1018.23,63467,65534,65534,
4070,89513,32.6,1033.86,60836,65534,65534,
4073,89322,32.6,1051.64,65535,65535,65535,
4076,89162,32.7,1065.95,65535,65534,65535,
4079,88983,32.6,1082.3,61656,65534,65534,
4082,88801,32.6,1098.97,59008,65534,65299,
4086,88636,32.6,1113.71,65535,65535,65535,
4089,88476,32.7,1129.4,64559,65534,65534,
4092,88298,32.7,1146.14,65535,65535,65534,
4095,88149,32.7,1160.11,65535,65535,65535,
4098,88027,32.7,1171.02,63610,65534,65534,
4101,87935,32.7,1179.42,65534,65534,65534,
4104,87811,32.6,1190.91,65535,65535,65535,
4107,87649,32.6,1206.82,65535,65534,65535,
4111,87478,32.6,1222.46,65535,65535,65535,
4114,87326,32.6,1236.54,65534,65534,65534,
4117,87160,32.7,1252.05,62624,65534,65534,
4120,87001,32.7,1267.58,65535,65535,65535,
4123,86848,32.7,1282,63162,65534,65534,
4126,86674,32.7,1298.14,65534,65535,65535,
4129,86526,32.7,1311.76,65535,65535,65535,
4133,86378,32.7,1326.43,65535,65534,65535,
4136,86266,32.6,1336.86,65535,65535,65535,
4139,86134,32.6,1349.67,65534,65535,65534,
4142,85957,32.6,1366.11,65534,65534,65534,
4145,85789,32.6,1381.82,65534,65535,65534,
4148,85646,32.6,1396.02,65535,65535,65535,
4151,85495,32.6,1410.44,65534,65534,65535,
4154,85348,32.6,1424.88,65535,65535,65535,
4158,85175,32.6,1440.48,65534,65534,65534,
4161,85017,32.6,1456.11,65535,65535,65535,
4164,84855,32.6,1471.58,65534,65534,65534,
4167,84698,32.6,1487.64,65534,65534,65534,
4170,84505,32.6,1505.37,65535,65535,65534,
4173,84341,32.6,1520.91,65535,65535,65535,
4176,84239,32.6,1530.77,65534,65534,65534,
4180,84111,32.6,1544.31,65535,65535,65535,
4183,83943,32.6,1559.91,65535,65535,65535,
4186,83774,32.6,1575.92,65534,65534,65534,
4189,83586,32.6,1594.1,65534,65534,65534,
4192,83401,32.6,1612.02,65534,65535,65534,
4195,83228,32.6,1628.5,65534,65535,65534,
4198,83060,32.6,1646,65534,65534,65534,
4202,82922,32.6,1658.62,64700,65534,65534,
4205,82787,32.6,1672.24,65535,65535,65534,
4208,82650,32.6,1685.29,65534,65534,65534,
4211,82481,32.6,1702.39,65535,65535,65535,
4214,82328,32.6,1717.94,65535,65535,65534,
4217,82158,32.6,1735.09,65535,65535,65535,
4220,81982,32.5,1751.98,65534,65535,65534,
4223,81838,32.5,1765.93,65534,65534,65534,
4227,81696,32.5,1779.5,65534,65535,65535,
4230,81553,32.5,1793.88,65535,65535,65534,
4233,81414,32.5,1808.58,65534,65534,65534,
4236,81276,32.5,1821.71,65535,65535,65535,
4239,81143,32.5,1835.15,65534,65535,65535,
4242,81005,32.5,1848.72,65534,65534,65534,
4245,80872,32.5,1862.1,65534,65535,65534,
4249,80729,32.5,1876.3,65534,65534,65534,
4252,80557,32.5,1893.63,65535,65535,65535,
4255,80419,32.5,1906.87,65534,65534,65534,
4258,80301,32.5,1919.03,65534,65534,65534,
4261,80155,32.4,1934.11,65535,65535,65535,
4264,79991,32.4,1950.03,65535,65535,65535,
4267,79834,32.4,1966.38,65534,65534,65534,
4270,79706,32.4,1979.11,65534,65534,65534,
4274,79547,32.4,1995.71,65535,65535,65535,
4277,79396,32.4,2010.3,65534,65535,65535,
4280,79265,32.4,2024.01,65535,65535,65535,
4283,79142,32.4,2036.61,65535,65535,65535,
4286,78999,32.4,2050.75,65534,65534,65534,
4289,78849,32.4,2066.25,65534,65534,65534,
4292,78682,32.3,2083.5,65534,65534,65534,
4296,78516,32.3,2100.07,65534,65535,65534,
4299,78384,32.3,2113.18,65535,65535,65535,
4302,78257,32.3,2126.72,65535,65535,65535,
4305,78105,32.3,2142.74,65534,65535,65534,
4308,77940,32.3,2159.3,65535,65535,65535,
4311,77800,32.4,2173.83,65534,65534,65534,
4314,77643,32.3,2190.86,65535,65535,65535,
4317,77477,32.3,2207.19,65534,65535,65534,
4321,77311,32.3,2224.28,65534,65535,65534,
4324,77155,32.3,2240.88,65535,65535,65535,
4327,76991,32.3,2258.33,65535,65535,65535,
4330,76841,32.2,2272.8,65534,65535,65535,
4333,76691,32.3,2289.06,65534,65534,65534,
4336,76547,32.3,2303.05,65534,65534,65534,
4339,76421,32.2,2316.75,65534,65534,65534,
4343,76270,32.2,2333.08,65534,65535,65534,
4346,76112,32.2,2349.44,65534,65534,65534,
4349,75949,32.2,2366.67,65535,65535,65535,
4352,75823,32.2,2379.61,65534,65535,65534,
4355,75698,32.2,2393.1,65535,65535,65535,
4358,75532,32.2,2410.09,65534,65535,65534,
4361,75368,32.2,2427.64,65535,65535,65535,
4365,75219,32.2,2443.94,65535,65535,65535,
4368,75051,32.2,2461.02,65534,65535,65534,
4371,74923,32.2,2475.47,65534,65534,65535,
4374,74796,32.2,2488.66,65535,65535,65535,
4377,74639,32.2,2504.64,65534,65535,65534,
4380,74496,32.1,2520.65,65535,65535,65534,
4383,74351,32.1,2536.04,65535,65535,65535,
4386,74199,32.1,2552.42,65534,65535,65534,
4390,74038,32.1,2569.47,65534,65535,65534,
4393,73886,32.1,2586.23,65535,65535,65535,
4396,73755,32.1,2600.33,65534,65535,65534,
4399,73604,32.1,2615.85,65534,65535,65534,
4402,73453,32.1,2632.58,65534,65535,65535,
4405,73295,32,2649.66,65534,65535,65534,
4408,73163,32,2663.85,65535,65535,65535,
4412,73027,32,2678.82,65535,65535,65535,
4415,72886,32,2694.02,65535,65535,65535,
4418,72717,32,2712.63,65535,65535,65535,
4421,72559,31.9,2730.29,65535,65534,65535,
4424,72437,31.9,2742.63,65534,65535,65535,
4427,72304,31.9,2757.5,65534,65535,65535,
4430,72136,31.9,2775.35,65535,65535,65535,
4433,71967,31.9,2794.44,65534,65535,65535,
4437,71819,31.9,2810.49,65534,65535,65535,
4440,71702,31.9,2823.48,65535,65535,65535,
4443,71589,31.9,2835.94,65534,65535,65535,
4446,71447,31.9,2851.28,65534,65535,65535,
4449,71303,31.9,2866.87,65534,65535,65535,
4452,71143,31.8,2884.59,65534,65535,65535,
4455,71020,31.8,2898.79,65534,65535,65535,
4459,70883,31.8,2914.68,65534,65535,65535,
4462,70730,31.8,2931.49,65535,65535,65535,
4465,70575,31.8,2948.43,65535,65535,65535,
4468,70424,31.7,2965.41,65535,65535,65534,
4471,70270,31.7,2983.08,65534,65535,65535,
4474,70135,31.7,2997.09,65534,65535,65535,
4477,70041,31.7,3008.43,65535,65535,65535,
4480,69936,31.7,3019.77,65535,65535,65535,
4484,69788,31.7,3036.87,65535,65535,65535,
4487,69648,31.7,3052.2,65534,65535,65535,
4490,69512,31.7,3068.45,65535,65535,65535,
4493,69374,31.7,3084.06,65534,65534,65535,
4496,69228,31.7,3100.7,65534,65535,65535,
4499,69084,31.6,3116.13,65535,65534,65535,
4502,68962,31.6,3129.88,65534,65535,65535,
4506,68831,31.6,3145.12,65535,65535,65535,
4509,68720,31.6,3158.11,65534,65535,65535,
4512,68610,31.6,3170.21,65535,65535,65535,
4515,68476,31.6,3185.29,65535,65535,65535,
4518,68330,31.5,3202.23,65534,65535,65535,
4521,68181,31.5,3220,65535,65535,65535,
4524,68024,31.5,3237.69,65534,65535,65535,
4527,67887,31.5,3253.1,65535,65535,65535,
4531,67744,31.5,3269.81,65534,65534,65535,
4534,67605,31.5,3285.17,65535,65535,65535,
4537,67456,31.5,3302.98,65534,65535,65535,
4540,67318,31.4,3319.43,65534,65535,65535,
4543,67162,31.4,3337.07,65535,65535,65535,
4546,67061,31.4,3348.92,65535,65534,65535,
4549,66955,31.4,3360.79,65535,65535,65535,
4553,66815,31.4,3377.57,65535,65535,65535,
4556,66664,31.4,3394.15,65534,65535,65535,
4559,66558,31.4,3407.13,65535,65535,65535,
4562,66452,31.3,3419.77,65535,65535,65535,
4565,66324,31.3,3435.01,65535,65535,65535,
4568,66177,31.3,3452.28,65535,65534,65535,
4571,66052,31.3,3466.63,65535,65535,65535,
4575,65917,31.2,3482.66,65535,65534,65535,
4578,65785,31.2,3498.24,65534,65534,65535,
4581,65689,31.2,3509.46,65535,65534,65535,
4584,65600,31.2,3520.82,65534,65535,65535,
4587,65498,31.2,3532.2,65535,65535,65535,
4590,65409,31.2,3542.63,65535,65535,65535,
4593,65295,31.2,3556.41,65534,65535,65535,
4596,65164,31.1,3571.39,65535,65534,65534,
4600,65023,31.1,3588.55,65535,65534,65534,
4603,64882,31.1,3604.18,65535,65535,65534,
4606,64767,31.1,3619.24,65534,65535,65535,
4609,64638,31.1,3634.92,65535,65534,65535,
4612,64508,31,3649.91,65535,65535,65535,
4615,64393,31,3664.45,65534,65535,65535,
4618,64252,31,3680.56,65534,65535,65535,
4622,64109,31,3698.28,65534,65535,65535,
4625,63963,31,3714.93,65534,65535,65535,
4628,63827,31,3731.5,65535,65535,65535,
4631,63702,31,3747.49,65535,65535,65535,
4634,63587,31,3761.81,65534,65534,65535,
4637,63464,30.9,3776.39,65535,65535,65535,
4640,63336,30.9,3792.09,65535,65534,65535,
4643,63205,30.9,3808.79,65534,65534,65535,
4647,63059,30.9,3826.01,65534,65535,65535,
4650,62936,30.9,3840.81,65534,65535,65535,
4653,62799,30.8,3857.72,65534,65535,65535,
4656,62649,30.8,3876.02,65535,65535,65535,
4659,62510,30.8,3893.23,65535,65534,65535,
4662,62379,30.8,3909.5,65535,65535,65535,
4665,62272,30.8,3922.21,65535,65535,65535,
4669,62165,30.8,3935.8,65535,65534,65535,
4672,62025,30.8,3952.26,65534,65535,65535,
4675,61890,30.8,3970.24,65535,65535,65535,
4678,61760,30.8,3986.14,65534,65535,65535,
4681,61635,30.8,4000.95,65534,65534,65535,
4684,61520,30.7,4016.15,65534,65534,65535,
4687,61377,30.7,4033.87,65535,65535,65535,
4690,61250,30.7,4049.51,65535,65534,65535,
4694,61122,30.7,4065.66,65534,65534,65535,
4697,60974,30.7,4083.99,65535,65535,65535,
4700,60843,30.7,4100.45,65535,65535,65535,
4703,60724,30.7,4115.69,65534,65534,65535,
4706,60602,30.7,4131.08,65534,65535,65535,
4709,60469,30.7,4148.26,65535,65535,65535,
4712,60327,30.6,4165.73,65534,65534,65535,
4716,60202,30.6,4182.09,65534,65535,65535,
4719,60072,30.6,4198.35,65535,65535,65535,
4722,59940,30.6,4215.15,65535,65535,65535,
4725,59818,30.6,4229.93,65534,65535,65535,
4728,59687,30.6,4247.04,65534,65535,65535,
4731,59576,30.5,4261.49,65535,65535,65535,
4734,59442,30.6,4277.89,65535,65534,65535,
4738,59319,30.5,4294.83,65535,65535,65535,
4741,59186,30.5,4310.77,65535,65535,65535,
4744,59051,30.5,4330.22,65534,65535,65535,
4747,58923,30.5,4345.45,65534,65534,65535,
4750,58803,30.5,4360.96,65534,65535,65535,
4753,58692,30.5,4375.2,65535,65535,65535,
4756,58596,30.5,4388.68,65534,65534,65535,
4759,58474,30.5,4402.83,65535,65534,65535,
4763,58340,30.4,4421.56,65534,65535,65535,
4766,58207,30.4,4437.33,65535,65535,65535,
4769,58092,30.4,4453.77,65535,65535,65535,
4772,57973,30.4,4468.94,65534,65534,65535,
4775,57845,30.4,4485.57,65534,65534,65535,
4778,57719,30.3,4502.37,65535,65535,65534,
4781,57603,30.3,4517.35,65535,65535,65535,
4785,57498,30.3,4531.17,65534,65534,65535,
4788,57393,30.3,4544.88,65535,65535,65535,
4791,57261,30.3,4562.31,65535,65535,65534,
4794,57134,30.3,4579.24,65534,65534,65535,
4797,57018,30.2,4594.08,65535,65534,65534,
4800,56911,30.2,4609.61,65535,65535,65535,
4803,56781,30.2,4625.83,65535,65535,65535,
4806,56668,30.2,4641.14,65535,65535,65535,
4810,56546,30.2,4656.88,65534,65535,65535,
4813,56423,30.2,4673.72,65535,65535,65535,
4816,56312,30.2,4688.45,65534,65535,65535,
4819,56207,30.2,4703.33,65534,65535,65535,
4822,56096,30.2,4718.1,65534,65535,65535,
4825,55977,30.1,4733.7,65535,65535,65535,
4828,55870,30.1,4747.85,65534,65534,65535,
4832,55769,30.1,4762.01,65534,65535,65535,
4835,55651,30.1,4777.28,65534,65534,65535,
4838,55528,30.1,4793.66,65535,65535,65535,
4841,55435,30,4806.81,65534,65535,65535,
4844,55336,30,4820.39,65534,65535,65535,
4847,55216,30,4836.03,65534,65535,65535,
4850,55096,30,4853.19,65534,65535,65535,
4853,54972,30,4870.25,65534,65535,65535,
4857,54852,29.9,4886.53,65534,65535,65535,
4860,54748,30,4901.18,65535,65535,65535,
4863,54632,29.9,4916.27,65535,65535,65535,
4866,54506,29.9,4932.76,65535,65535,65535,
4869,54424,29.9,4945.14,65535,65535,65535,
4872,54314,29.9,4959.89,65534,65535,65535,
4875,54185,29.9,4977.7,65534,65535,65535,
4879,54064,29.9,4995.82,65535,65535,65535,
4882,53937,29.9,5012.46,65534,65535,65535,
4885,53819,29.8,5028.7,65534,65535,65535,
4888,53693,29.8,5046.23,65534,65535,65535,
4891,53587,29.8,5060.72,65534,65534,65535,
4894,53479,29.8,5074.67,65534,65535,65535,
4897,53372,29.8,5091.03,65534,65535,65535,
4900,53254,29.7,5107.55,65534,65534,65535,
4904,53142,29.7,5123.83,65534,65535,65535,
4907,53014,29.7,5141.53,65535,65535,65534,
4910,52885,29.7,5159.56,65534,65535,65535,
4913,52758,29.7,5176.77,65535,65535,65535,
4916,52651,29.7,5192.46,65534,65535,65535,
4919,52551,29.6,5207.04,65534,65535,65535,
4922,52464,29.7,5218.95,65534,65535,65535,
4926,52351,29.6,5235.56,65535,65534,65534,
4929,52220,29.6,5253.63,65535,65535,65535,
4932,52099,29.6,5271.31,65535,65535,65535,
4935,51973,29.6,5289.01,65534,65535,65535,
4938,51842,29.5,5307.9,65535,65535,65535,
4941,51729,29.5,5323.96,65534,65535,65535,
4944,51637,29.5,5337.46,65535,65535,65535,
4948,51549,29.5,5349.54,65534,65535,65535,
4951,51449,29.5,5364.81,65534,65535,65535,
4954,51325,29.5,5381.97,65535,65535,65535,
4957,51239,29.4,5394.55,65534,65535,65535,
4960,51132,29.4,5410.03,65534,65535,65535,
4963,50999,29.4,5429.9,65535,65535,65535,
4966,50898,29.4,5444.14,65534,65535,65535,
4969,50796,29.4,5458.98,65534,65535,65535,
4973,50676,29.4,5476.62,65534,65535,65535,
4976,50563,29.4,5492.39,65534,65535,65535,
4979,50456,29.3,5507.75,65534,65535,65535,
4982,50344,29.3,5524.31,65534,65534,65535,
4985,50222,29.3,5543.4,65535,65535,65535,
4988,50122,29.3,5556.93,65535,65535,65535,
4991,49999,29.3,5574.9,65534,65535,65535,
4995,49885,29.3,5592.33,65534,65534,65535,
4998,49750,29.2,5612.3,65535,65534,65535,
5001,49650,29.2,5627.42,65534,65535,65535,
5004,49551,29.2,5642.12,65535,65535,65535,
5007,49442,29.2,5658.03,65534,65535,65535,
5010,49321,29.2,5676.2,65534,65535,65535,
5013,49227,29.1,5690.68,65534,65535,65535,
5016,49145,29.1,5702.19,65534,65534,65535,
5020,49059,29.1,5715.66,65534,65535,65535,
5023,48952,29.1,5730.36,65534,65535,65535,
5026,48837,29.1,5748.83,65534,65535,65534,
5029,48714,29.1,5767.04,65534,65535,65535,
5032,48613,29,5782.57,65534,65534,65535,
5035,48518,29,5797.07,65534,65535,65535,
5038,48393,29,5815.22,65534,65534,65535,
5042,48274,29,5833.87,65534,65535,65535,
5045,48174,29,5849.36,65534,65534,65535,
5048,48068,29,5865.49,65534,65534,65534,
5051,47951,29,5882.57,65534,65535,65535,
5054,47842,29,5898.45,65534,65535,65535,
5057,47751,29,5913.28,65534,65534,65535,
5060,47639,28.9,5930.3,65534,65534,65535,
5063,47524,28.9,5948.26,65534,65534,65535,
5067,47424,28.9,5963.95,65535,65534,65534,
5070,47326,28.9,5978.44,65535,65534,65534,
5073,47234,28.9,5993.87,65534,65535,65535,
5076,47132,28.8,6008.87,65535,65535,65535,
5079,47016,28.8,6026.37,65535,65535,65535,
5082,46923,28.8,6040.8,65534,65535,65535,
5085,46856,28.8,6051.83,65534,65534,65534,
5089,46769,28.7,6064.43,65534,65534,65534,
5092,46666,28.7,6082.04,65535,65535,65535,
5095,46570,28.7,6095.47,65534,65534,65535,
5098,46475,28.7,6110.48,65534,65535,65535,
5101,46362,28.7,6128.65,65534,65534,65535,
5104,46254,28.7,6146.54,65535,65535,65535,
5107,46150,28.6,6161.95,65534,65535,65535,
5111,46089,28.6,6172.19,65534,65534,65535,
5114,46031,28.6,6181.49,65534,65535,65535,
5117,45951,28.6,6194.27,65535,65535,65535,
5120,45840,28.6,6210.88,65535,65535,65534,
5123,45740,28.6,6226.56,65534,65534,65534,
5126,45645,28.5,6241.15,65535,65535,65535,
5129,45548,28.5,6257.37,65534,65535,65534,
5133,45467,28.5,6270.74,65535,65535,65535,
5136,45372,28.5,6285.41,65534,65534,65535,
5139,45271,28.5,6300.58,65534,65534,65535,
5142,45197,28.4,6312.57,65534,65535,65535,
5145,45095,28.4,6328.91,65534,65534,65534,
5148,44997,28.4,6344.32,65534,65535,65535,
5151,44923,28.4,6356.38,65535,65534,65535,
5155,44831,28.4,6371.83,65534,65534,65534,
5158,44726,28.4,6388.93,65535,65535,65535,
5161,44659,28.4,6400.08,65535,65535,65534,
5164,44600,28.4,6409.46,65534,65535,65535,
5167,44532,28.3,6419.98,65534,65534,65535,
5170,44437,28.3,6435.06,65534,65534,65535,
5173,44348,28.3,6449.84,65534,65534,65534,
5176,44266,28.2,6463.5,65534,65534,65535,
5180,44171,28.2,6479.63,65535,65535,65534,
5183,44072,28.2,6493.67,65534,65534,65535,
5186,43986,28.2,6508.87,65534,65534,65534,
5189,43880,28.1,6526.23,65534,65534,65534,
5192,43785,28.1,6541.66,65534,65534,65535,
5195,43726,28.1,6552.18,65534,65534,65534,
5198,43656,28.1,6563.36,65535,65535,65534,
5202,43571,28.1,6577.37,65534,65534,65535,
5205,43480,28,6593.05,65534,65535,65535,
5208,43393,28,6607.1,65534,65535,65535,
5211,43328,28,6616.2,65534,65535,65535,
5214,43259,27.9,6627.47,65534,65534,65534,
5217,43173,27.9,6643.24,65535,65535,65534,
5220,43069,27.9,6660.53,65535,65535,65534,
5224,42967,27.9,6677.36,65534,65534,65534,
5227,42868,27.9,6693.88,65534,65535,65534,
5230,42795,27.8,6705.92,65534,65534,65534,
5233,42714,27.8,6719.99,65534,65534,65535,
5236,42624,27.8,6734.41,65535,65535,65535,
5239,42541,27.8,6748.69,65534,65535,65535,
5242,42459,27.7,6761.98,65535,65535,65535,
5245,42363,27.7,6777.31,65535,65535,65535,
5249,42295,27.7,6789.63,65534,65534,65534,
5252,42238,27.6,6798.76,65535,65535,65534,
5255,42188,27.6,6807.55,65535,65535,65535,
5258,42119,27.6,6820.26,65534,65534,65534,
5261,42031,27.6,6834.84,65535,65535,65534,
5264,41967,27.5,6845.54,65535,65535,65535,
5267,41919,27.5,6853.54,65534,65534,65534,
5271,41872,27.5,6862.56,65534,65535,65534,
5274,41790,27.5,6875.34,65534,65534,65535,
5277,41708,27.5,6889.85,65535,65535,65535,
5280,41651,27.4,6900.27,65534,65535,65535,
5283,41578,27.4,6911.74,65535,65535,65535,
5286,41502,27.4,6924.42,65534,65535,65535,
5289,41410,27.4,6940.73,65534,65534,65534,
5292,41336,27.4,6953.63,65534,65534,65534,
5296,41282,27.3,6962.41,65534,65535,65535,
5299,41222,27.3,6974.3,65534,65534,65534,
5302,41136,27.3,6988.45,65535,65535,65535,
5305,41046,27.3,7003.5,65535,65535,65535,
5308,40986,27.2,7014.4,65535,65535,65535,
5311,40918,27.2,7026.02,65534,65534,65535,
5314,40836,27.2,7039.39,65535,65535,65535,
5318,40748,27.2,7056.09,65535,65535,65535,
5321,40650,27.2,7071.95,65535,65535,65535,
5324,40564,27.1,7087.31,65535,65535,65535,
5327,40482,27.1,7102.17,65534,65535,65535,
5330,40401,27.1,7116.01,65534,65534,65534,
5333,40333,27.1,7127.76,65534,65535,65535,
5336,40250,27.1,7142.69,65535,65535,65534,
5339,40172,27,7156.94,65535,65535,65535,
5343,40104,27,7168.05,65535,65535,65535,
5346,40033,27,7181.46,65535,65535,65534,
5349,39943,26.9,7196.13,65534,65535,65535,
5352,39874,26.9,7209.58,65534,65535,65535,
5355,39792,26.9,7223.59,65534,65534,65534,
5358,39703,26.9,7238.33,65535,65535,65534,
5361,39630,26.9,7252.03,65534,65535,65535,
5365,39561,26.9,7264.5,65534,65534,65534,
5368,39473,26.8,7280.39,65534,65535,65535,
5371,39392,26.8,7295.41,65534,65535,65535,
5374,39302,26.8,7310.81,65534,65534,65534,
5377,39223,26.8,7325.34,65535,65535,65534,
5380,39149,26.8,7338.45,65534,65535,65535,
5383,39069,26.7,7352.13,65535,65535,65534,
5386,38987,26.7,7367.99,65535,65535,65535,
5390,38898,26.7,7382.98,65535,65535,65535,
5393,38811,26.7,7398.72,65535,65535,65535,
5396,38726,26.7,7413.76,65535,65535,65535,
5399,38668,26.6,7425.93,65534,65534,65534,
5402,38614,26.6,7435.74,65535,65535,65534,
5405,38543,26.6,7449.02,65535,65535,65535,
5408,38453,26.6,7463.97,65535,65535,65535,
5412,38377,26.5,7478.39,65534,65534,65534,
5415,38306,26.5,7491.01,65534,65535,65535,
5418,38257,26.5,7500.17,65534,65534,65534,
5421,38179,26.5,7515.2,65535,65535,65535,
5424,38091,26.4,7531.55,65534,65535,65535,
5427,37996,26.4,7547.75,65535,65535,65534,
5430,37901,26.4,7566,65534,65535,65535,
5434,37817,26.4,7581.34,65534,65535,65535,
5437,37743,26.3,7594.66,65534,65535,65535,
5440,37663,26.3,7609.68,65535,65535,65534,
5443,37578,26.3,7625.28,65534,65535,65535,
5446,37494,26.3,7640.53,65535,65535,65535,
5449,37425,26.3,7654.51,65535,65535,65535,
5452,37349,26.2,7668.32,65535,65535,65534,
5455,37262,26.2,7684.03,65534,65535,65535,
5459,37187,26.2,7697.7,65535,65535,65535,
5462,37097,26.2,7714.96,65535,65535,65535,
5465,37020,26.1,7728.87,65535,65535,65535,
5468,36954,26.1,7742.24,65535,65535,65535,
5471,36884,26.1,7755.63,65535,65535,65535,
5474,36809,26.1,7768.85,65535,65535,65535,
5477,36730,26.1,7784.36,65535,65535,65535,
5481,36659,26,7798.38,65535,65535,65535,
5484,36612,26,7807.3,65534,65534,65534,
5487,36556,26,7817.18,65535,65535,65535,
5490,36482,26,7831.44,65535,65535,65535,
5493,36400,25.9,7846.5,65534,65535,65535,
5496,36331,25.9,7860.81,65534,65535,65535,
5499,36254,25.9,7875.73,65535,65535,65535,
5502,36174,25.9,7891.05,65535,65535,65535,
5506,36092,25.9,7906.21,65534,65534,65534,
5509,36008,25.8,7922.74,65535,65535,65535,
5512,35923,25.8,7938.34,65534,65535,65535,
5515,35855,25.8,7952.81,65534,65535,65535,
5518,35771,25.8,7968.66,65534,65535,65535,
5521,35696,25.8,7981.63,65535,65535,65535,
5524,35643,25.7,7992.88,65535,65534,65534,
5528,35594,25.7,8002.78,65535,65535,65535,
5531,35536,25.7,8013.46,65534,65535,65535,
5534,35464,25.7,8026.89,65535,65535,65535,
5537,35401,25.6,8040.74,65535,65535,65535,
5540,35344,25.6,8052.06,65535,65535,65535,
5543,35265,25.6,8067.12,65534,65535,65534,
5546,35176,25.6,8084.16,65535,65535,65535,
5549,35119,25.6,8095.54,65534,65535,65534,
5553,35072,25.5,8103.59,65534,65535,65535,
5556,35015,25.5,8115,65535,65535,65535,
5559,34964,25.5,8125.24,65535,65535,65534,
5562,34890,25.5,8140.23,65535,65535,65535,
5565,34791,25.5,8160.39,65534,65535,65535,
5568,34685,25.4,8180.99,65535,65535,65535,
5571,34600,25.4,8197.07,65535,65535,65535,
5575,34527,25.4,8211.98,65535,65535,65535,
5578,34448,25.4,8226.53,65535,65535,65535,
5581,34378,25.4,8240.3,65535,65535,65535,
5584,34308,25.4,8255.29,65534,65535,65535,
5587,34224,25.3,8272.92,65534,65535,65535,
5590,34160,25.3,8285.56,65534,65535,65535,
5593,34114,25.3,8294.6,65535,65535,65535,
5596,34059,25.3,8307.27,65535,65535,65535,
5600,34000,25.2,8317.75,65534,65535,65534,
5603,33940,25.2,8329.45,65535,65535,65535,
5606,33889,25.2,8340.75,65535,65535,65535,
5609,33823,25.2,8352.89,65534,65535,65535,
5612,33763,25.1,8364.23,65535,65535,65535,
5615,33704,25.1,8377.22,65535,65535,65535,
5618,33645,25.1,8389.61,65534,65535,65535,
5622,33581,25.1,8402.22,65535,65535,65535,
5625,33500,25,8419.75,65535,65535,65535,
5628,33421,25,8435.67,65534,65535,65535,
5631,33379,25,8444.26,65534,65535,65535,
5634,33316,25,8455.52,65535,65535,65535,
5637,33248,24.9,8469.67,65535,65535,65535,
5640,33184,24.9,8483.43,65534,65535,65535,
5644,33105,24.9,8500.1,65535,65535,65535,
5647,33052,24.9,8510.41,65535,65535,65535,
5650,32981,24.9,8525.47,65534,65535,65535,
5653,32882,24.8,8546.36,65534,65535,65535,
5656,32797,24.8,8565.64,65535,65535,65535,
5659,32730,24.8,8577.9,65534,65535,65535,
5662,32662,24.8,8592.47,65535,65535,65535,
5665,32574,24.7,8609.76,65534,65535,65535,
5669,32481,24.7,8628.98,65535,65535,65535,
5672,32403,24.7,8646.57,65534,65534,65534,
5675,32347,24.7,8658.74,65535,65535,65535,
5678,32268,24.6,8674.07,65535,65535,65535,
5681,32229,24.7,8683.12,65535,65535,65535,
5684,32164,24.6,8696.18,65534,65535,65534,
5687,32084,24.6,8711.8,65534,65535,65535,
5691,31996,24.6,8731.04,65534,65535,65535,
5694,31920,24.6,8748.42,65534,65535,65535,
5697,31838,24.5,8764.98,65535,65535,65535,
5700,31772,24.5,8779.02,65534,65535,65535,
5703,31718,24.5,8790.96,65534,65535,65535,
5706,31635,24.5,8808.03,65535,65535,65535,
5709,31558,24.4,8826,65535,65535,65535,
5712,31476,24.4,8842.08,65535,65535,65535,
5716,31400,24.4,8859.04,65534,65535,65535,
5719,31322,24.4,8874.96,65534,65535,65535,
5722,31245,24.3,8892,65534,65535,65535,
5725,31168,24.3,8908.42,65535,65535,65535,
5728,31073,24.3,8928.55,65535,65535,65535,
5731,30993,24.3,8945.48,65535,65535,65535,
5734,30917,24.3,8963.31,65535,65535,65535,
5738,30841,24.2,8979.43,65535,65535,65535,
5741,30763,24.2,8996.68,65534,65535,65535,
5744,30689,24.2,9012.44,65535,65535,65535,
5747,30626,24.1,9026.9,65534,65535,65535,
5750,30556,24.1,9041.83,65535,65535,65535,
5753,30469,24.1,9061.19,65534,65535,65535,
5756,30381,24.1,9080.16,65534,65535,65535,
5759,30290,24.1,9099.39,65535,65535,65535,
5763,30218,24.1,9116,65535,65535,65535,
5766,30137,24,9135.98,65534,65535,65535,
5769,30060,24,9152,65534,65535,65535,
5772,30007,24,9162.7,65535,65535,65535,
5775,29964,24,9172.96,65534,65535,65535,
5778,29900,23.9,9187.26,65534,65535,65534,
5781,29846,23.9,9200.92,65535,65535,65535,
5785,29782,23.9,9214.82,65534,65535,65535,
5788,29683,23.9,9234.59,65535,65535,65534,
5791,29628,23.8,9248.99,65534,65535,65535,
5794,29566,23.8,9262.08,65534,65535,65535,
5797,29506,23.8,9274.95,65535,65535,65535,
5800,29443,23.8,9291.47,65535,65535,65535,
5803,29350,23.8,9311.2,65535,65535,65535,
5806,29255,23.7,9331.2,65535,65535,65535,
5810,29192,23.7,9346.01,65535,65535,65535,
5813,29142,23.7,9358.56,65535,65535,65535,
5816,29062,23.7,9377.76,65535,65535,65535,
5819,28979,23.6,9396.55,65535,65535,65535,
5822,28913,23.6,9410.33,65534,65535,65535,
5825,28859,23.6,9423.9,65534,65535,65535,
5828,28805,23.5,9436.33,65534,65535,65535,
5832,28738,23.5,9452.49,65534,65535,65534,
5835,28666,23.5,9468.21,65535,65535,65535,
5838,28616,23.5,9479.56,65534,65535,65534,
5841,28563,23.5,9492.08,65535,65535,65535,
5844,28497,23.4,9506.72,65535,65535,65535,
5847,28423,23.4,9525.34,65535,65535,65535,
5850,28354,23.4,9541.43,65535,65535,65535,
5854,28294,23.4,9553.82,65534,65534,65534,
5857,28227,23.4,9569.97,65535,65535,65535,
5860,28158,23.3,9585.22,65535,65535,65535,
5863,28090,23.3,9601.19,65534,65535,65535,
5866,28036,23.3,9614.85,65535,65535,65535,
5869,27967,23.3,9630.65,65534,65535,65535,
5872,27889,23.2,9650.74,65535,65535,65535,
5875,27799,23.2,9671.83,65535,65535,65535,
5879,27720,23.2,9690.12,65535,65535,65535,
5882,27638,23.2,9709.41,65535,65535,65535,
5885,27555,23.2,9730.17,65535,65535,65535,
5888,27462,23.1,9750.74,65534,65535,65535,
5891,27378,23.1,9772.1,65535,65535,65535,
5894,27290,23.1,9793.26,65534,65535,65535,
5897,27220,23.1,9810.62,65534,65535,65535,
5901,27164,23,9822.7,65535,65535,65535,
5904,27112,23,9836,65535,65535,65535,
5907,27062,23,9848.6,65535,65535,65535,
5910,27001,23,9862.43,65535,65535,65535,
5913,26948,23,9876.29,65534,65535,65535,
5916,26899,22.9,9888.95,65535,65535,65535,
5919,26851,22.9,9899.93,65534,65535,65535,
5922,26798,22.9,9914.09,65535,65535,65535,
5926,26749,22.9,9924.12,65535,65535,65535,
5929,26680,22.8,9940.78,65535,65535,65535,
5932,26605,22.8,9959.93,65535,65535,65535,
5935,26533,22.8,9976.91,65534,65535,65534,
5938,26473,22.8,9990.97,65535,65535,65535,
5941,26409,22.8,10008.02,65534,65535,65535,
5944,26342,22.7,10024.36,65534,65535,65535,
5948,26272,22.7,10041.97,65534,65535,65535,
5951,26216,22.7,10055.39,65535,65535,65535,
5954,26146,22.7,10072.08,65534,65535,65535,
5957,26091,22.7,10088.8,65534,65535,65535,
5960,26016,22.6,10105.05,65535,65535,65535,
5963,25944,22.6,10124.85,65535,65535,65535,
5966,25851,22.6,10147.46,65535,65535,65535,
5969,25765,22.6,10171.4,65535,65535,65535,
5973,25688,22.5,10188.58,65534,65535,65535,
5976,25630,22.5,10203.77,65535,65535,65535,
5979,25558,22.5,10221.28,65534,65535,65535,
5982,25480,22.5,10240.09,65534,65535,65535,
5985,25401,22.5,10261.25,65534,65535,65535,
5988,25310,22.4,10284,65535,65535,65535,
5991,25249,22.4,10300.39,65534,65535,65535,
5995,25172,22.4,10319.91,65534,65535,65535,
5998,25113,22.4,10334.32,65534,65535,65535,
6001,25067,22.3,10346.95,65535,65535,65535,
6004,25018,22.3,10358.57,65535,65535,65535,
6007,24973,22.3,10371.5,65535,65535,65535,
6010,24918,22.3,10385.22,65534,65535,65535,
6013,24879,22.3,10395.34,65535,65535,65535,
6017,24829,22.2,10409.89,65535,65535,65535,
6020,24784,22.2,10420.82,65535,65535,65535,
6023,24739,22.2,10433.06,65535,65535,65535,
6026,24697,22.2,10441.67,65534,65535,65535,
6029,24660,22.1,10453.69,65535,65535,65535,
6032,24613,22.1,10465.47,65535,65535,65535,
6035,24563,22.1,10476.21,65534,65535,65535,
6038,24533,22,10486.44,65534,65535,65535,
6042,24492,22,10497.21,65535,65535,65535,
6045,24442,22,10509.31,65535,65535,65535,
6048,24396,22,10523.28,65534,65534,65534,
6051,24350,22,10534.89,65535,65535,65535,
6054,24309,21.9,10544.67,65535,65535,65535,
6057,24256,21.9,10560.56,65534,65534,65534,
6060,24208,21.9,10571.96,65535,65535,65535,
6064,24174,21.9,10579.92,65534,65535,65535,
6067,24131,21.8,10591.09,65535,65535,65535,
6070,24082,21.8,10604.13,65535,65535,65534,
6073,24051,21.8,10612.67,65535,65535,65534,
6076,24009,21.8,10623.61,65535,65535,65535,
6079,23975,21.7,10633.77,65535,65535,65535,
6082,23944,21.7,10642.87,65535,65535,65535,
6085,23909,21.7,10650.37,65535,65535,65535,
6089,23878,21.7,10660.56,65535,65535,65535,
6092,23830,21.7,10671.57,65535,65535,65535,
6095,23783,21.6,10685.28,65534,65535,65535,
6098,23737,21.6,10697.41,65535,65535,65535,
6101,23701,21.6,10707.39,65535,65535,65535,
6104,23675,21.6,10715.49,65534,65535,65534,
6107,23630,21.5,10728.47,65535,65535,65535,
6111,23588,21.5,10737.41,65534,65535,65535,
6114,23546,21.5,10749.89,65535,65535,65535,
6117,23496,21.5,10762.65,65535,65535,65535,
6120,23449,21.5,10777.34,65535,65535,65535,
6123,23415,21.4,10784.7,65535,65535,65535,
6126,23369,21.4,10797.25,65534,65535,65534,
6129,23331,21.4,10808.73,65535,65535,65535,
6132,23283,21.4,10820.77,65534,65535,65535,
6136,23253,21.3,10830.63,65535,65535,65535,
6139,23205,21.3,10842.98,65535,65535,65535,
6142,23163,21.3,10853.15,65534,65534,65535,
6145,23125,21.3,10865.81,65535,65535,65534,
6148,23096,21.3,10872.7,65535,65535,65535,
6151,23048,21.2,10886.22,65535,65535,65535,
6154,23007,21.2,10898.1,65535,65535,65535,
6158,22965,21.2,10909.45,65534,65535,65535,
6161,22925,21.1,10919.98,65534,65535,65535,
6164,22893,21.1,10930.53,65534,65534,65534,
6167,22836,21.1,10945.54,65534,65534,65535,
6170,22777,21.1,10961.13,56338,65534,65534,
6173,22723,21.1,10976.76,65535,65535,65535,
6176,22681,21,10986.27,65535,65535,65535,
6179,22630,21,11002.22,65534,65535,65535,
6183,22585,21,11014,65535,65535,65535,
6186,22546,21,11026.64,65535,65535,65535,
6189,22492,21,11041.84,65535,65535,65535,
6192,22424,20.9,11061.3,65535,65535,65535,
6195,22356,20.9,11079.68,65535,65535,65535,
6198,22299,20.9,11094.98,65535,65535,65535,
6201,22240,20.9,11112.3,65535,65535,65535,
6205,22181,20.8,11129.37,65535,65535,65535,
6208,22137,20.8,11141.91,65534,65535,65535,
6211,22112,20.8,11148.76,65535,65535,65535,
6214,22076,20.8,11159.62,65534,65534,65535,
6217,22034,20.7,11171.93,65535,65535,65535,
6220,21983,20.7,11187.7,65535,65535,65535,
6223,21952,20.7,11195.74,65534,65535,65535,
6227,21903,20.7,11209.54,65535,65535,65535,
6230,21862,20.6,11221.35,65535,65535,65535,
6233,21816,20.6,11234.04,65534,65534,65535,
6236,21773,20.6,11248.49,65535,65535,65535,
6239,21715,20.6,11263.84,65535,65535,65535,
6242,21675,20.5,11275.73,46257,65534,65534,
6245,21629,20.5,11286.47,65534,65535,65534,
6248,21591,20.5,11298.98,65534,65534,65534,
6252,21553,20.5,11310.05,65535,65535,65535,
6255,21517,20.5,11322.02,65534,65535,65534,
6258,21485,20.5,11329.03,65534,65535,65535,
6261,21446,20.4,11340.43,65535,65535,65535,
6264,21411,20.4,11352.15,65534,65535,65534,
6267,21370,20.4,11362.42,65535,65535,65535,
6270,21332,20.3,11375.93,65535,65535,65535,
6274,21294,20.3,11386.23,65535,65535,65535,
6277,21258,20.3,11395.65,65535,65535,65535,
6280,21216,20.3,11410.7,65535,65535,65535,
6283,21177,20.3,11419.87,65534,65535,65535,
6286,21154,20.2,11427.26,65534,65534,65534,
6289,21114,20.2,11439.11,65534,65535,65535,
6292,21066,20.2,11452.76,65535,65535,65535,
6295,21021,20.2,11466.43,65534,65535,65535,
6299,20978,20.1,11477.74,65534,65535,65535,
6302,20944,20.1,11491.46,65534,65534,65535,
6305,20907,20.1,11501.62,65534,65534,65535,
6308,20861,20.1,11513.28,65535,65535,65535,
6311,20823,20,11524.36,65535,65535,65535,
6314,20787,20,11536.96,65535,65535,65534,
6317,20747,20,11546.27,65534,65534,65535,
6321,20710,20,11558.61,65534,65535,65535,
6324,20678,19.9,11569.45,65534,65535,65535,
6327,20634,19.9,11581.52,65535,65535,65535,
6330,20600,19.9,11591.8,65534,65535,65534,
6333,20565,19.9,11603.6,65535,65535,65535,
6336,20528,19.8,11614.2,65534,65535,65535,
6339,20490,19.8,11625.43,65535,65535,65534,
6343,20458,19.8,11635.77,65534,65535,65535,
6346,20421,19.8,11647.03,65534,65535,65535,
6349,20375,19.7,11659.83,65534,65534,65535,
6352,20328,19.7,11674.49,65534,65534,65535,
6355,20295,19.7,11687.03,65535,65535,65535,
6358,20253,19.7,11698.67,65534,65534,65535,
6361,20206,19.7,11713.09,65534,65535,65535,
6364,20164,19.6,11726.01,65534,65534,65535,
6368,20114,19.6,11739.87,65534,65535,65535,
6371,20062,19.6,11756.84,65535,65535,65535,
6374,20023,19.5,11768.28,65534,65535,65534,
6377,19977,19.5,11782.21,65535,65535,65535,
6380,19932,19.5,11797.42,65534,65535,65535,
6383,19892,19.5,11809.23,65534,65535,65534,
6386,19850,19.4,11822.93,65534,65535,65535,
6390,19813,19.4,11834.78,65535,65535,65535,
6393,19773,19.4,11846.34,65535,65535,65535,
6396,19735,19.4,11859.48,65535,65535,65534,
6399,19695,19.4,11871.7,65535,65535,65534,
6402,19662,19.3,11880.8,65535,65535,65535,
6405,19622,19.3,11894.63,65534,65535,65535,
6408,19583,19.3,11908.79,65535,65535,65535,
6411,19543,19.3,11919.83,65535,65535,65535,
6415,19505,19.2,11932.15,65534,65535,65535,
6418,19473,19.2,11941.64,65535,65535,65534,
6421,19424,19.2,11955.26,65534,65535,65534,
6424,19383,19.2,11972.09,65534,65535,65534,
6427,19342,19.2,11983.22,65535,65535,65534,
6430,19308,19.1,11995.32,65534,65535,65534,
6433,19261,19.1,12010,65535,65535,65534,
6437,19217,19.1,12024.06,65534,65535,65534,
6440,19182,19.1,12033.03,65534,65535,65535,
6443,19147,19,12046.82,65535,65535,65534,
6446,19109,19,12057.41,65535,65535,65535,
6449,19066,19,12071.89,65534,65534,65535,
6452,19032,19,12083.81,65534,65534,65534,
6455,18985,18.9,12097.05,65535,65535,65535,
6458,18952,18.9,12107.39,65535,65535,65534,
6462,18908,18.9,12122.93,65534,65535,65534,
6465,18873,18.9,12134.94,65535,65535,65534,
6468,18837,18.9,12145.34,65534,65534,65534,
6471,18794,18.8,12160.31,65534,65534,65535,
6474,18755,18.8,12173.35,65534,65535,65535,
6477,18708,18.8,12188.05,65535,65534,65534,
6480,18668,18.8,12200.81,65534,65535,65534,
6484,18641,18.7,12211.3,65535,65535,65534,
6487,18607,18.7,12221.14,65534,65535,65534,
6490,18565,18.7,12234.62,65535,65535,65535,
6493,18526,18.7,12246.14,65535,65535,65535,
6496,18489,18.7,12257.03,65534,65534,65534,
6499,18458,18.6,12269.91,65534,65535,65534,
6502,18431,18.6,12278.5,65535,65535,65535,
6505,18397,18.6,12290.76,65439,65535,65534,
6509,18356,18.6,12302.37,65535,65535,65534,
6512,18325,18.5,12314,65534,65535,65534,
6515,18287,18.5,12324.64,65534,65535,65535,
6518,18244,18.5,12339.31,65535,65535,65534,
6521,18212,18.5,12353.33,65535,65535,65534,
6524,18176,18.5,12364.7,65534,65534,65535,
6527,18134,18.4,12377.77,65534,65534,65535,
6531,18100,18.4,12390.86,65535,65535,65534,
6534,18054,18.4,12401.95,65534,65535,65535,
6537,18024,18.4,12414.75,65534,65534,65535,
6540,17989,18.4,12424.52,65534,65535,65534,
6543,17959,18.3,12435.33,65534,65535,65534,
6546,17926,18.3,12447.16,65535,65535,65535,
6549,17887,18.3,12461.05,65535,65535,65534,
6553,17854,18.3,12471.57,65535,65535,65534,
6556,17820,18.3,12486.18,65534,65535,65534,
6559,17785,18.2,12495.37,65534,65534,65535,
6562,17749,18.2,12506.62,65534,65534,65535,
6565,17717,18.2,12518.23,65535,65535,65534,
6568,17677,18.2,12531.91,65534,65534,65534,
6571,17641,18.1,12544.24,65534,65534,65535,
6574,17624,18.1,12551.1,65535,65535,65535,
6578,17595,18.1,12563.81,65534,65535,65534,
6581,17560,18.1,12573.44,65534,65534,65535,
6584,17520,18.1,12586.19,65534,65535,65535,
6587,17491,18,12596.19,65534,65534,65535,
6590,17461,18,12607.25,65534,65535,65535,
6593,17431,18,12620.05,65534,65535,65535,
6596,17398,18,12628.72,65535,65535,65535,
6600,17370,18,12636,65534,65535,65534,
6603,17348,17.9,12646.07,65535,65535,65535,
6606,17322,17.9,12652.68,65535,65535,65535,
6609,17286,17.9,12668,65534,65534,65535,
6612,17256,17.9,12678.12,65535,65535,65534,
6615,17220,17.9,12691.39,65534,65535,65535,
6618,17190,17.8,12700.49,65534,65534,65535,
6621,17153,17.8,12712.75,65534,65534,65535,
6625,17125,17.8,12723.28,65534,65534,65535,
6628,17086,17.8,12735.94,65534,65535,65534,
6631,17047,17.8,12752.49,65534,65535,65535,
6634,17013,17.7,12764.84,65534,65535,65534,
6637,16977,17.7,12775.79,65535,65535,65535,
6640,16953,17.7,12784.64,65534,65535,65534,
6643,16929,17.7,12794.56,65534,65535,65534,
6647,16895,17.7,12804.85,65534,65534,65535,
6650,16868,17.6,12814.8,65534,65535,65534,
6653,16834,17.6,12826.54,65534,65535,65535,
6656,16818,17.6,12834.02,65535,65535,65535,
6659,16783,17.6,12846.51,65535,65535,65534,
6662,16751,17.6,12858.3,65535,65535,65534,
6666,16720,17.5,12869.4,65535,65535,65535,
6669,16684,17.5,12880.51,65535,65535,65535,
6672,16657,17.5,12889.13,65534,65535,65535,
6675,16630,17.5,12899.91,65534,65535,65534,
6678,16604,17.5,12908.18,65535,65535,65534,
6681,16575,17.4,12920.44,65534,65535,65534,
6684,16547,17.4,12930.91,65535,65535,65534,
6687,16513,17.4,12941.39,65534,65535,65535,
6691,16479,17.4,12954.42,65534,65535,65535,
6694,16441,17.4,12966.75,65534,65535,65535,
6697,16413,17.4,12978.01,65534,65535,65534,
6700,16373,17.3,12991.1,65534,65534,65535,
6703,16328,17.3,13010.06,65534,65535,65534,
6706,16280,17.3,13026.14,64839,65534,65534,
6709,16232,17.3,13045.19,65534,65535,65535,
6713,16197,17.3,13058.78,65534,65534,65535,
6716,16150,17.3,13072.76,65535,65535,65535,
6719,16113,17.2,13088.98,65534,65535,65535,
6722,16082,17.2,13100.42,65534,65534,65534,
6725,16050,17.2,13112.26,65534,65534,65535,
6728,16012,17.2,13124.12,65535,65535,65534,
6731,15988,17.2,13135.25,65534,65535,65534,
6734,15959,17.1,13145.28,65534,65534,65534,
6738,15923,17.1,13158.68,65534,65535,65534,
6741,15907,17.1,13166.51,65534,65534,65535,
6744,15870,17.1,13176.58,65534,65534,65535,
6747,15838,17.1,13187.79,65534,65534,65535,
6750,15812,17,13199.02,65534,65534,65535,
6753,15777,17,13211.4,65534,65535,65535,
6756,15749,17,13223.79,65534,65534,65535,
6760,15719,17,13235.45,65535,65535,65535,
6763,15689,17,13246,65534,65534,65534,
6766,15663,17,13256.57,65534,65534,65535,
6769,15630,16.9,13268.65,65534,65535,65535,
6772,15600,16.9,13280.01,65535,65535,65535,
6775,15561,16.9,13292.9,65534,65535,65534,
6778,15532,16.9,13305.05,65534,65535,65534,
6781,15500,16.9,13318.37,65534,65535,65534,
6785,15466,16.9,13328.65,65535,65535,65535,
6788,15437,16.8,13342.01,65534,65534,65535,
6791,15397,16.8,13355.39,65535,65535,65535,
6794,15373,16.8,13364.97,65535,65535,65534,
6797,15341,16.8,13378.01,65534,65535,65534,
6800,15308,16.8,13391.46,65534,65535,65535,
6803,15276,16.8,13401.46,65535,65535,65535,
6807,15246,16.7,13414.19,65534,65535,65535,
6810,15213,16.7,13427.7,65535,65535,65534,
6813,15187,16.7,13436.99,65534,65534,65535,
6816,15152,16.7,13450.15,65534,65534,65534,
6819,15127,16.7,13461.41,65534,65534,65535,
6822,15100,16.6,13473.07,65534,65534,65535,
6825,15060,16.6,13486.69,65535,65535,65535,
6829,15032,16.6,13498,65534,65534,65535,
6832,15007,16.6,13508.94,65535,65535,65534,
6835,14973,16.6,13520.29,65534,65535,65534,
6838,14944,16.6,13532.43,65535,65535,65535,
6841,14908,16.6,13548.13,65534,65535,65534,
6844,14875,16.5,13559.93,65534,65534,65535,
6847,14842,16.5,13571.75,65534,65535,65534,
6850,14810,16.5,13585.96,65534,65534,65535,
6854,14776,16.5,13599.41,65534,65534,65535,
6857,14742,16.5,13612.08,65534,65535,65534,
6860,14714,16.4,13625.97,65534,65535,65535,
6863,14680,16.4,13636.31,65534,65535,65534,
6866,14654,16.4,13647.06,65534,65534,65535,
6869,14624,16.4,13657.03,65534,65534,65535,
6872,14590,16.4,13673.8,65534,65535,65535,
6876,14565,16.4,13680.61,65534,65534,65535,
6879,14535,16.4,13694.23,65534,65535,65535,
6882,14501,16.3,13708.68,65534,65534,65534,
6885,14469,16.3,13718.33,65535,65535,65534,
6888,14440,16.3,13734.04,65534,65535,65535,
6891,14412,16.3,13742.11,65535,65535,65535,
6894,14382,16.3,13757.07,65534,65534,65535,
6897,14352,16.3,13767.59,65534,65534,65535,
6901,14320,16.3,13780.97,65534,65534,65535,
6904,14294,16.3,13793.16,65534,65535,65535,
6907,14266,16.2,13802.52,65534,65535,65534,
6910,14241,16.2,13813.52,65534,65534,65535,
6913,14206,16.2,13826.58,65534,65535,65535,
6916,14172,16.2,13842.12,65535,65535,65535,
6919,14149,16.2,13850.31,65534,65534,65534,
6923,14120,16.2,13863.03,65535,65535,65535,
6926,14090,16.2,13873.71,65535,65535,65535,
6929,14064,16.1,13883.18,65535,65535,65534,
6932,14042,16.1,13893.89,65534,65535,65535,
6935,14018,16.1,13905.03,65535,65535,65535,
6938,13987,16.1,13919.5,65535,65535,65534,
6941,13956,16.1,13928.61,65535,65535,65535,
6944,13929,16.1,13943.13,65535,65535,65535,
6948,13899,16.1,13951.86,65534,65535,65535,
6951,13880,16,13963.51,65534,65535,65535,
6954,13849,16,13975.59,65534,65534,65535,
6957,13828,16,13985.61,65534,65534,65535,
6960,13794,16,13995.22,65535,65535,65535,
6963,13773,16,14006.52,65534,65535,65534,
6966,13741,16,14019.52,65534,65535,65535,
6970,13716,15.9,14032.12,65534,65535,65535,
6973,13693,15.9,14041.8,65535,65535,65535,
6976,13671,15.9,14049.38,65534,65534,65535,
6979,13648,15.9,14060.77,65535,65535,65535,
6982,13624,15.9,14070.91,65534,65535,65535,
6985,13604,15.9,14079.79,65534,65534,65535,
6988,13574,15.9,14092.07,65534,65535,65535,
6991,13551,15.9,14098.86,65535,65535,65535,
6995,13535,15.9,14108.63,65534,65535,65534,
6998,13512,15.8,14117.98,65535,65535,65535,
7001,13486,15.8,14129.06,65535,65535,65535,
7004,13464,15.8,14138.44,65534,65534,65535,
7007,13438,15.8,14151.26,65535,65535,65535,
7010,13403,15.8,14162.38,65534,65534,65535,
7013,13382,15.8,14170.52,65535,65535,65534,
7017,13361,15.8,14184.25,65535,65535,65535,
7020,13336,15.8,14193.71,65534,65535,65535,
7023,13319,15.8,14202.31,65534,65534,65534,
7026,13288,15.7,14214.38,65534,65534,65534,
7029,13263,15.7,14222.58,65534,65535,65535,
7032,13235,15.7,14234.68,65535,65535,65535,
7035,13212,15.7,14245.07,65535,65535,65535,
7039,13192,15.7,14253.31,65535,65535,65534,
7042,13169,15.7,14266.33,65535,65535,65535,
7045,13145,15.7,14275.9,65535,65535,65535,
7048,13112,15.7,14288.97,62047,65534,65534,
7051,13085,15.7,14300.75,65534,65534,65535,
7054,13060,15.6,14315.61,65535,65535,65535,
7057,13020,15.6,14329.19,65534,65534,65534,
7060,12996,15.6,14340.6,65535,65535,65535,
7064,12975,15.6,14348.95,65534,65535,65534,
7067,12949,15.6,14363.03,65534,65535,65535,
7070,12921,15.6,14375.37,65534,65535,65535,
7073,12899,15.6,14380.67,65535,65535,65535,
7076,12876,15.5,14393.05,65535,65535,65535,
7079,12841,15.5,14407.66,65534,65535,65535,
7082,12820,15.5,14419.2,65534,65534,65535,
7086,12796,15.5,14431.2,65535,65535,65535,
7089,12759,15.5,14442.77,65535,65535,65534,
7092,12734,15.5,14453.47,65534,65535,65535,
7095,12714,15.5,14464.19,65535,65535,65534,
7098,12685,15.5,14478.51,65535,65535,65535,
7101,12660,15.5,14491.51,65534,65535,65534,
7104,12631,15.5,14501.83,65534,65535,65534,
7107,12607,15.4,14512.18,65534,65535,65534,
7111,12590,15.4,14522.98,65535,65535,65535,
7114,12571,15.4,14531.55,65535,65534,65535,
7117,12543,15.4,14541.49,65534,65535,65534,
7120,12518,15.4,14551.43,65534,65534,65535,
7123,12501,15.4,14559.58,65534,65535,65535,
7126,12482,15.4,14570.01,65535,65535,65535,
7129,12460,15.4,14579.09,65383,65535,65534,
7133,12434,15.4,14592.74,65534,65535,65534,
7136,12411,15.4,14600.02,65535,65535,65534,
7139,12389,15.4,14610.05,65534,65534,65535,
7142,12370,15.3,14620.1,65534,65535,65535,
7145,12348,15.3,14630.16,65534,65534,65535,
7148,12325,15.3,14638.86,65534,65534,65535,
7151,12310,15.3,14646.66,65534,65535,65534,
7154,12293,15.3,14657.68,65534,65535,65535,
7158,12268,15.3,14668.25,65535,65535,65535,
7161,12241,15.3,14677.46,65534,65535,65534,
7164,12221,15.3,14690.37,65534,65535,65534,
7167,12209,15.3,14695.91,65534,65534,65535,
7170,12184,15.3,14703.77,65534,65535,65534,
7173,12164,15.3,14713.03,65534,65535,65535,
7176,12140,15.3,14724.62,65535,65535,65535,
7180,12124,15.2,14732.51,65534,65534,65534,
7183,12115,15.3,14739.94,65534,65534,65535,
7186,12088,15.2,14752.04,65534,65535,65534,
7189,12069,15.2,14758.1,65534,65535,65535,
7192,12051,15.2,14764.62,65535,65535,65534,
7195,12031,15.2,14776.77,65535,65535,65535,
7198,12011,15.2,14789.87,65534,65535,65535,
7202,11997,15.2,14792.68,65534,65535,65535,
7205,11972,15.2,14802.99,65535,65535,65535,
7208,11954,15.1,14811.44,65534,65535,65534,
7211,11925,15.1,14825.08,65535,65535,65535,
7214,11912,15.1,14833.55,65535,65535,65535,
7217,11899,15.1,14840.15,65534,65534,65535,
7220,11875,15.1,14850.54,65534,65535,65534,
7223,11853,15.1,14862.35,65534,65534,65535,
7227,11839,15.1,14869.93,65534,65534,65535,
7230,11816,15.1,14879.88,65534,65535,65535,
7233,11793,15.1,14890.33,65534,65535,65534,
7236,11775,15.1,14896.51,65535,65535,65535,
7239,11753,15.1,14909.84,65534,65534,65535,
7242,11728,15.1,14917.46,65535,65535,65535,
7245,11709,15.1,14930.83,65534,65534,65535,
7249,11684,15.1,14940.87,65534,65535,65535,
7252,11665,15,14949.49,65534,65535,65535,
7255,11631,15,14963.88,65535,65535,65535,
7258,11599,15,14980.23,65535,65535,65534,
7261,11566,15,14998.54,65535,65535,65535,
7264,11539,15,15010.13,65535,65535,65534,
7267,11513,15,15021.26,65534,65535,65535,
7270,11490,15,15034.35,65535,65535,65534,
7274,11469,15,15043.09,65535,65535,65535,
7277,11449,15,15050.86,65534,65534,65535,
7280,11435,15,15062.54,65534,65535,65535,
7283,11409,15,15069.85,65535,65535,65534,
7286,11399,15,15078.15,65534,65535,65534,
7289,11381,14.9,15089.88,65535,65535,65535,
7292,11362,14.9,15096.73,65534,65534,65535,
7296,11342,14.9,15108,65535,65535,65535,
7299,11325,14.9,15113.39,65534,65535,65534,
7302,11306,14.9,15126.16,65534,65535,65535,
7305,11282,14.9,15136.49,65534,65534,65535,
7308,11257,14.9,15149.31,65535,65535,65535,
7311,11240,14.9,15160.66,65534,65535,65534,
7314,11210,14.9,15168.08,65535,65535,65535,
7317,11198,14.9,15178.47,65535,65535,65535,
7321,11177,14.9,15191.86,65535,65535,65534,
7324,11158,14.9,15199.81,64161,65534,65534,
7327,11135,14.9,15207.77,65534,65534,65535,
7330,11119,14.8,15219.72,65534,65535,65534,
7333,11097,14.8,15226.7,65534,65535,65535,
7336,11081,14.8,15237.68,65535,65535,65535,
7339,11060,14.8,15250.19,65534,65535,65535,
7343,11043,14.8,15255.19,65534,65535,65535,
7346,11016,14.8,15268.23,65535,65535,65535,
7349,10989,14.8,15281.3,65534,65535,65534,
7352,10971,14.8,15292.87,65534,65535,65535,
7355,10944,14.8,15306.49,65534,65535,65535,
7358,10936,14.8,15311.03,65535,65535,65535,
7361,10906,14.7,15324.18,65535,65535,65534,
7365,10889,14.8,15332.28,65534,65535,65534,
7368,10860,14.8,15342.93,65534,65535,65535,
7371,10842,14.8,15356.14,65535,65535,65535,
7374,10816,14.7,15369.88,65535,65535,65535,
7377,10794,14.7,15379.56,65534,65535,65534,
7380,10768,14.7,15391.31,65534,65535,65535,
7383,10746,14.7,15402.05,65534,65535,65534,
7386,10724,14.7,15415.37,65534,65534,65535,
7390,10709,14.7,15425.64,65534,65535,65535,
7393,10680,14.7,15437.46,65534,65534,65535,
7396,10658,14.7,15452.4,65535,65535,65535,
7399,10633,14.7,15464.28,65534,65534,65535,
7402,10610,14.7,15475.13,65535,65535,65534,
7405,10593,14.7,15488.6,65534,65534,65535,
7408,10566,14.7,15498.46,65534,65535,65534,
7412,10549,14.7,15506.77,65535,65535,65535,
7415,10530,14.7,15516.13,65534,65534,65535,
7418,10510,14.7,15528.12,65534,65535,65534,
7421,10486,14.7,15542.21,65535,65535,65535,
7424,10464,14.7,15551.63,65534,65534,65535,
7427,10451,14.6,15558.96,65534,65535,65534,
7430,10424,14.6,15576.27,65534,65535,65535,
7433,10402,14.6,15586.78,65534,65535,65534,
7437,10377,14.6,15595.2,65534,65535,65534,
7440,10362,14.6,15606.27,65534,65534,65535,
7443,10337,14.6,15617.89,65534,65535,65535,
7446,10317,14.6,15628.47,65534,65534,65535,
7449,10294,14.6,15639.59,65534,65534,65535,
7452,10272,14.6,15653.39,65534,65535,65535,
7455,10249,14.6,15666.69,65535,65535,65535,
7459,10229,14.6,15673.61,65535,65535,65535,
7462,10210,14.6,15685.34,65534,65534,65535,
7465,10193,14.6,15695.49,65534,65535,65535,
7468,10171,14.6,15704.58,65535,65535,65535,
7471,10150,14.6,15716.91,65534,65534,65535,
7474,10129,14.6,15728.18,65535,65535,65535,
7477,10113,14.5,15740.55,65534,65535,65535,
7480,10094,14.6,15748.09,65534,65535,65534,
7484,10081,14.6,15754.02,65534,65534,65534,
7487,10055,14.5,15769.13,65535,65535,65535,
7490,10038,14.5,15777.79,65535,65535,65535,
7493,10018,14.5,15788.62,65534,65535,65535,
7496,10007,14.5,15795.13,65535,65535,65535,
7499,9986,14.5,15808.7,65535,65535,65535,
7502,9967,14.5,15818.5,65534,65534,65535,
7506,9938,14.5,15832.67,65534,65535,65534,
7509,9922,14.5,15841.41,65534,65535,65535,
7512,9903,14.5,15852.34,65535,65535,65535,
7515,9882,14.5,15861.65,65535,65535,65535,
7518,9871,14.5,15872.62,65535,65535,65535,
7521,9853,14.5,15880.31,65534,65534,65535,
7524,9838,14.5,15889.11,65534,65535,65534,
7527,9814,14.5,15901.78,65534,65535,65535,
7531,9798,14.5,15908.95,65534,65534,65535,
7534,9776,14.5,15919.99,65534,65535,65534,
7537,9759,14.4,15932.16,65535,65535,65535,
7540,9745,14.5,15940.48,65534,65534,65535,
7543,9718,14.4,15949.91,65534,65534,65535,
7546,9712,14.5,15959.91,65535,65535,65534,
7549,9703,14.5,15961.58,65534,65534,65535,
7553,9681,14.5,15973.28,65535,65535,65534,
7556,9662,14.5,15982.2,65534,65535,65535,
7559,9642,14.4,15994.48,65534,65535,65535,
7562,9630,14.5,16003.43,65535,65535,65535,
7565,9608,14.4,16015.2,65534,65534,65535,
7568,9599,14.5,16024.18,65535,65535,65535,
7571,9579,14.4,16029.79,65534,65535,65534,
7575,9556,14.4,16041.61,65534,65534,65534,
7578,9547,14.4,16048.37,65534,65535,65535,
7581,9530,14.4,16059.65,65535,65535,65535,
7584,9516,14.4,16066.43,65535,65535,65535,
7587,9496,14.4,16076.6,65534,65535,65534,
7590,9481,14.4,16086.23,61795,65535,65534,
7593,9463,14.4,16097.58,65534,65535,65535,
7596,9451,14.4,16103.26,65535,65535,65535,
7600,9430,14.4,16115.2,65535,65535,65535,
7603,9413,14.4,16123.18,65534,65534,65534,
7606,9401,14.4,16136.29,65535,65535,65535,
7609,9382,14.4,16139.72,65534,65535,65534,
7612,9370,14.4,16147.73,65534,65535,65534,
7615,9356,14.4,16158.03,65534,65534,65535,
7618,9337,14.4,16168.35,65534,65535,65535,
7622,9323,14.4,16173.52,65534,65535,65534,
7625,9309,14.4,16183.87,65535,65535,65535,
7628,9292,14.4,16197.11,65534,65534,65535,
7631,9270,14.4,16207.49,65535,65535,65534,
7634,9258,14.4,16216.16,65535,65535,65534,
7637,9235,14.4,16228.89,65535,65535,65534,
7640,9220,14.4,16237.58,65534,65534,65535,
7643,9207,14.4,16243.38,65534,65534,65535,
7647,9193,14.4,16252.67,65534,65535,65535,
7650,9175,14.4,16263.14,65534,65535,65534,
7653,9161,14.4,16268.97,65535,65535,65535,
7656,9145,14.4,16282.97,65534,65534,65535,
7659,9127,14.4,16292.31,65534,65534,65535,
7662,9103,14.4,16299.92,65534,65534,65535,
7665,9093,14.4,16311.64,65535,65535,65534,
7669,9067,14.4,16320.44,65535,65535,65534,
7672,9053,14.3,16332.78,65534,65535,65534,
7675,9036,14.4,16343.97,65535,65535,65535,
7678,9018,14.4,16356.36,65534,65535,65534,
7681,9002,14.4,16365.22,65534,65535,65535,
7684,8990,14.3,16372.32,65534,65534,65535,
7687,8969,14.4,16381.79,65534,65535,65535,
7690,8962,14.3,16388.91,65534,65534,65535,
7694,8941,14.3,16400.2,65534,65535,65534,
7697,8925,14.4,16412.1,65534,65535,65535,
7700,8905,14.3,16420.44,65534,65535,65535,
7703,8890,14.3,16429.99,65534,65534,65534,
7706,8870,14.3,16440.74,65534,65535,65535,
7709,8852,14.3,16455.11,65534,65534,65535,
7712,8833,14.3,16462.91,65534,65535,65535,
7716,8820,14.3,16473.12,65534,65535,65534,
7719,8797,14.3,16485.75,65534,65535,65534,
7722,8776,14.3,16498.41,65534,65535,65534,
7725,8742,14.3,16516.54,65535,65535,65535,
7728,8728,14.3,16528.04,65534,65535,65534,
7731,8709,14.3,16538.96,65535,65535,65535,
7734,8695,14.3,16550.5,65534,65534,65534,
7738,8680,14.3,16560.24,65535,65535,65535,
7741,8655,14.3,16571.83,65534,65535,65534,
7744,8640,14.3,16580.99,65534,65535,65535,
7747,8619,14.3,16592.61,65534,65535,65535,
7750,8607,14.3,16599.34,65534,65535,65534,
7753,8592,14.3,16608.54,65535,65535,65535,
7756,8580,14.3,16622.06,65534,65535,65534,
7759,8563,14.3,16630.06,65535,65535,65535,
7763,8541,14.3,16641.15,65534,65535,65535,
7766,8528,14.3,16652.87,65534,65535,65534,
7769,8512,14.3,16656.58,65534,65534,65535,
7772,8494,14.3,16671.44,65534,65534,65535,
7775,8480,14.3,16677.01,65534,65535,65535,
7778,8461,14.3,16690.67,65535,65535,65535,
7781,8446,14.3,16697.51,65534,65534,65535,
7785,8432,14.3,16709.96,65535,65535,65535,
7788,8424,14.3,16716.2,65534,65534,65535,
7791,8401,14.3,16727.44,65535,65535,65535,
7794,8383,14.3,16738.07,65535,65534,65535,
7797,8369,14.3,16751.23,65534,65535,65534,
7800,8348,14.3,16761.28,65535,65535,65535,
7803,8341,14.3,16766.93,65535,65535,65535,
7806,8323,14.3,16782.67,65534,65534,65535,
7810,8306,14.3,16787.08,65535,65535,65535,
7813,8285,14.3,16799.71,65534,65535,65534,
7816,8276,14.3,16808.57,65535,65535,65535,
7819,8260,14.3,16818.7,65534,65535,65535,
7822,8238,14.3,16832.02,65534,65535,65534,
7825,8225,14.3,16844.1,65534,65535,65535,
7828,8207,14.3,16854.29,65534,65534,65535,
7832,8192,14.3,16861.3,65534,65534,65535,
7835,8173,14.3,16873.44,65535,65535,65534,
7838,8158,14.3,16884.96,65535,65535,65534,
7841,8141,14.3,16893.92,65534,65534,65535,
7844,8122,14.3,16905.48,65534,65534,65535,
7847,8106,14.3,16917.7,65534,65534,65535,
7850,8088,14.3,16923.49,65534,65535,65535,
7853,8074,14.3,16937.03,65534,65535,65535,
7857,8061,14.3,16946.72,65534,65535,65534,
7860,8041,14.3,16957.08,65534,65535,65535,
7863,8024,14.3,16968.09,65534,65535,65534,
7866,8005,14.3,16975.88,65534,65535,65534,
7869,7994,14.3,16987.59,65534,65535,65534,
7872,7974,14.3,16997.35,65534,65535,65535,
7875,7957,14.3,17009.75,65535,65535,65535,
7879,7948,14.3,17022.82,65534,65535,65534,
7882,7932,14.3,17031.33,65535,65535,65534,
7885,7914,14.3,17039.85,65534,65534,65535,
7888,7893,14.3,17053.64,65535,65535,65535,
7891,7879,14.3,17064.17,65535,65535,65535,
7894,7862,14.3,17074.05,65534,65535,65534,
7897,7845,14.3,17085.93,65535,65535,65535,
7900,7834,14.3,17093.86,65535,65535,65535,
7904,7818,14.3,17101.15,65534,65534,65534,
7907,7801,14.3,17113.08,65535,65535,65534,
7910,7785,14.3,17125.7,65534,65535,65535,
7913,7779,14.3,17132.35,65535,65535,65535,
7916,7751,14.3,17146.34,65535,65535,65535,
7919,7743,14.3,17155.69,65534,65534,65535,
7922,7727,14.3,17165.71,65534,65534,65535,
7926,7714,14.3,17177.76,65535,65535,65534,
7929,7696,14.3,17184.47,65535,65535,65535,
7932,7684,14.3,17196.56,65534,65534,65535,
7935,7659,14.3,17209.34,65534,65535,65534,
7938,7647,14.3,17219.46,65535,65535,65534,
7941,7638,14.3,17222.16,65534,65535,65534,
7944,7619,14.3,17239.73,65535,65535,65535,
7948,7597,14.3,17251.92,65534,65535,65534,
7951,7588,14.3,17260.07,65534,65535,65534,
7954,7574,14.3,17273.66,65534,65534,65535,
7957,7552,14.3,17279.79,65535,65535,65535,
7960,7541,14.3,17294.11,65534,65534,65534,
7963,7522,14.3,17302.3,65534,65534,65535,
7966,7507,14.3,17311.88,65534,65534,65535,
7969,7492,14.3,17324.9,65534,65535,65534,
7973,7486,14.3,17331.08,65534,65535,65534,
7976,7472,14.3,17340.01,65534,65534,65534,
7979,7451,14.3,17353.77,65534,65534,65534,
7982,7435,14.3,17363.43,65534,65535,65535,
7985,7425,14.3,17373.1,55408,65534,65534,
7988,7407,14.3,17386.25,65534,65534,65535,
7991,7396,14.3,17391.79,65534,65535,65534,
7995,7382,14.3,17400.11,65534,65534,65535,
7998,7365,14.3,17414.01,65534,65535,65534,
8001,7352,14.3,17423.76,65534,65535,65535,
8004,7332,14.3,17432.82,65534,65534,65535,
8007,7324,14.3,17444,65534,65535,65534,
8010,7307,14.3,17452.39,65534,65535,65535,
8013,7297,14.3,17464.3,65534,65535,65534,
8016,7276,14.3,17470.61,65534,65534,65535,
8020,7260,14.3,17484.66,65534,65535,65534,
8023,7244,14.3,17495.93,65534,65534,65535,
8026,7234,14.3,17506.51,65535,65535,65535,
8029,7220,14.3,17512.16,65534,65534,65535,
8032,7205,14.3,17522.06,65535,65535,65534,
8035,7190,14.3,17531.97,65534,65535,65535,
8038,7173,14.3,17549.01,65534,65535,65534,
8042,7157,14.3,17560.39,65534,65535,65535,
8045,7143,14.3,17567.51,65534,65535,65535,
8048,7123,14.3,17576.78,65535,65535,65535,
8051,7116,14.3,17591.8,65535,65535,65534,
8054,7104,14.3,17600.39,65534,65535,65534,
8057,7084,14.3,17608.27,65535,65535,65535,
8060,7074,14.3,17621.2,65534,65534,65534,
8063,7056,14.3,17628.4,65534,65534,65534,
8067,7038,14.3,17639.92,65534,65534,65535,
8070,7025,14.3,17654.36,65534,65534,65534,
8073,7008,14.3,17663.76,65534,65535,65535,
8076,6992,14.3,17678.25,65534,65535,65535,
8079,6981,14.3,17680.43,65534,65535,65535,
8082,6968,14.3,17692.78,65534,65535,65534,
8085,6953,14.3,17700.78,65534,65535,65534,
8089,6941,14.3,17710.98,65534,65535,65534,
8092,6925,14.3,17722.66,65534,65534,65535,
8095,6921,14.3,17729.98,65534,65534,65534,
8098,6899,14.3,17742.42,65534,65535,65535,
8101,6886,14.3,17752.69,65535,65535,65535,
8104,6870,14.3,17765.92,65534,65535,65534,
8107,6857,14.3,17771.08,65534,65535,65534,
8111,6843,14.3,17787.29,58617,65534,65534,
8114,6825,14.3,17797.64,65534,65534,65535,
8117,6819,14.3,17807.26,65535,65535,65534,
8120,6796,14.3,17819.12,65534,65535,65535,
8123,6789,14.3,17827.29,65534,65535,65534,
8126,6771,14.3,17839.19,65534,65535,65535,
8129,6764,14.3,17844.4,65535,65535,65534,
8132,6747,14.3,17854.09,65534,65535,65534,
8136,6733,14.3,17866.79,65534,65534,65535,
8139,6717,14.3,17875.77,65535,65535,65535,
8142,6705,14.3,17886.26,65534,65535,65534,
8145,6697,14.3,17897.52,65534,65534,65535,
8148,6679,14.3,17907.3,65535,65535,65534,
8151,6666,14.3,17918.6,65534,65534,65535,
8154,6654,14.3,17922.37,65535,65535,65535,
8158,6634,14.3,17942.02,65535,65535,65534,
8161,6624,14.3,17948.08,65535,65535,65534,
8164,6610,14.3,17958.69,65535,65535,65534,
8167,6601,14.3,17964,63650,65534,65534,
8170,6585,14.3,17978.45,65534,65534,65535,
8173,6576,14.3,17983.78,65534,65535,65534,
8176,6563,14.3,17999.81,65534,65534,65535,
8179,6545,14.4,18010.51,65534,65534,65535,
8183,6530,14.3,18018.93,65534,65535,65534,
8186,6522,14.4,18028.14,65534,65535,65534,
8189,6507,14.3,18037.35,65535,65535,65535,
8192,6487,14.4,18049.66,65534,65534,65534,
8195,6478,14.4,18060.45,65534,65534,65535,
8198,6464,14.4,18072.81,65534,65534,65535,
8202,6450,14.4,18079,65535,65535,65535,
8205,6439,14.4,18095.27,65535,65535,65534,
8208,6423,14.4,18103.03,65535,65535,65535,
8211,6408,14.4,18113.92,65535,65535,65534,
8214,6398,14.4,18124.82,65535,65535,65534,
8217,6381,14.4,18134.18,65534,65534,65535,
8220,6367,14.4,18144.34,65534,65534,65535,
8224,6353,14.4,18163.14,65535,65535,65535,
8227,6338,14.4,18167.84,65535,65535,65534,
8230,6324,14.4,18178.06,65535,65535,65534,
8233,6312,14.4,18192.23,65534,65534,65535,
8236,6299,14.4,18204.85,65535,65535,65534,
8239,6290,14.4,18211.97,65535,65535,65535,
8242,6272,14.4,18223.05,65534,65535,65534,
8245,6258,14.4,18232.56,65534,65535,65534,
8249,6244,14.4,18242.88,65534,65534,65535,
8252,6233,14.4,18252.42,65534,65534,65535,
8255,6219,14.4,18262.78,65534,65535,65534,
8258,6206,14.4,18270.76,65534,65535,65534,
8261,6196,14.4,18282.75,65534,65535,65534,
8264,6181,14.4,18294.75,65534,65535,65534,
8267,6167,14.4,18306.78,65534,65535,65535,
8271,6151,14.5,18319.65,65534,65535,65534,
8274,6137,14.5,18325.28,65534,65534,65535,
8277,6131,14.5,18339.8,65534,65534,65535,
8280,6111,14.5,18348.68,65534,65534,65535,
8283,6098,14.5,18359.21,64055,65534,65534,
8286,6085,14.5,18367.31,65534,65535,65535,
8289,6076,14.5,18380.3,65535,65535,65534,
8292,6066,14.5,18387.62,65535,65535,65535,
8296,6047,14.5,18401.47,65535,65535,65535,
8299,6042,14.5,18407.18,65534,65535,65534,
8302,6027,14.5,18416.99,65534,65535,65534,
8305,6017,14.5,18428.44,65534,65535,65534,
8308,6002,14.5,18441.56,65534,65535,65534,
8311,5986,14.5,18451.42,65534,65535,65534,
8314,5979,14.5,18457.18,65534,65535,65534,
8318,5968,14.5,18467.07,65534,65535,65535,
8321,5956,14.6,18479.45,65535,65535,65535,
8324,5944,14.5,18485.23,65534,65535,65535,
8327,5930,14.6,18504.28,65534,65535,65535,
8330,5913,14.6,18508.43,65534,65535,65534,
8333,5903,14.6,18520.89,65534,65534,65535,
8336,5893,14.6,18531.71,65534,65534,65535,
8339,5880,14.6,18535.88,65534,65534,65535,
8343,5868,14.6,18550.91,65534,65535,65535,
8346,5850,14.6,18563.46,65388,65535,65534,
8349,5841,14.6,18571,65534,65535,65535,
8352,5827,14.6,18581.07,65535,65535,65534,
8355,5814,14.6,18594.53,65534,65535,65535,
8358,5805,14.6,18606.33,65534,65535,65534,
8361,5790,14.6,18617.31,65535,65535,65534,
8365,5776,14.6,18623.23,65534,65535,65534,
8368,5770,14.6,18637.62,65535,65535,65535,
8371,5763,14.6,18640.17,65534,65534,65535,
8374,5745,14.6,18649.5,65534,65534,65535,
8377,5738,14.6,18660.56,65534,65534,65535,
8380,5727,14.7,18670.78,65535,65535,65535,
8383,5715,14.6,18678.46,65534,65535,65534,
8387,5702,14.7,18689.57,65534,65535,65535,
8390,5689,14.7,18696.42,65534,65534,65534,
8393,5680,14.7,18706.7,65535,65535,65535,
8396,5671,14.7,18716.14,65535,65535,65535,
8399,5660,14.7,18725.6,65534,65534,65535,
8402,5651,14.7,18736.8,65534,65535,65534,
8405,5642,14.7,18743.69,65535,65535,65535,
8408,5632,14.7,18745.42,65534,65535,65534,
8412,5623,14.7,18761.84,65534,65535,65535,
8415,5611,14.7,18769.64,65535,65535,65534,
8418,5602,14.7,18775.71,65534,65535,65535,
8421,5589,14.8,18786.13,65534,65534,65535,
8424,5580,14.7,18798.31,65534,65535,65535,
8427,5568,14.8,18807.03,65534,65535,65534,
8430,5557,14.8,18812.26,65534,65535,65535,
8434,5550,14.8,18824.5,65534,65535,65534,
8437,5538,14.8,18832.37,65534,65534,65535,
8440,5526,14.8,18838.51,65534,65535,65534,
8443,5516,14.8,18852.55,65534,65535,65535,
8446,5503,14.8,18861.35,65535,65535,65534,
8449,5490,14.8,18878.09,65534,65534,65535,
8452,5477,14.8,18887.81,65534,65535,65534,
8455,5467,14.8,18899.31,65534,65534,65535,
8459,5453,14.8,18910.83,65534,65535,65535,
8462,5446,14.8,18914.39,65535,65535,65535,
8465,5429,14.8,18927.72,65534,65535,65534,
8468,5418,14.8,18939.3,65534,65535,65534,
8471,5410,14.9,18950.01,63422,65535,65534,
8474,5397,14.9,18955.37,65535,65535,65535,
8477,5390,14.9,18962.53,65534,65535,65535,
8481,5375,14.9,18977.77,65534,65534,65535,
8484,5362,14.9,18985.85,65534,65535,65535,
8487,5360,14.9,18991.24,65534,65534,65535,
8490,5346,14.9,19007.45,65534,65535,65535,
8493,5338,14.9,19008.36,65534,65534,65534,
8496,5328,14.9,19021.9,65534,65535,65534,
8499,5319,14.9,19023.71,65534,65534,65534,
8502,5302,14.9,19042.73,65534,65535,65535,
8506,5298,14.9,19052.72,65534,65534,65535,
8509,5287,14.9,19059.08,65534,65534,65535,
8512,5271,15,19072.75,65535,65535,65535,
8515,5262,15,19085.53,65534,65535,65535,
8518,5253,15,19087.36,65534,65534,65535,
8521,5242,15,19096.5,62303,65534,65534,
8524,5230,15,19104.75,65534,65535,65534,
8528,5214,15,19117.6,65534,65535,65535,
8531,5209,15,19129.56,65534,65535,65534,
8534,5198,15,19140.61,65534,65535,65535,
8537,5184,15,19149.85,55569,65534,65534,
8540,5182,15,19154.47,65534,65535,65534,
8543,5170,15,19165.57,65534,65535,65534,
8546,5156,15.1,19175.77,65534,65535,65535,
8549,5146,15.1,19183.19,65535,65535,65535,
8553,5132,15.1,19198.08,65534,65535,65535,
8556,5126,15.1,19207.4,65534,65534,65535,
8559,5113,15.1,19214.87,65535,65535,65535,
8562,5098,15.1,19227.02,65535,65535,65535,
8565,5096,15.1,19231.7,65534,65534,65534,
8568,5082,15.1,19239.2,65534,65535,65534,
8571,5072,15.1,19256.11,63727,65534,65534,
8575,5063,15.1,19267.41,64419,65535,65534,
8578,5054,15.1,19277.78,65535,65535,65534,
8581,5038,15.1,19283.45,65535,65535,65535,
8584,5031,15.2,19294.8,65534,65535,65535,
8587,5020,15.2,19308.07,65534,65534,65535,
8590,5011,15.2,19313.76,65534,65535,65534,
8593,5006,15.2,19322.32,65534,65535,65534,
8597,4990,15.2,19335.65,65535,65535,65534,
8600,4983,15.2,19344.24,65534,65535,65534,
8603,4969,15.2,19356.66,65534,65535,65535,
8606,4956,15.2,19367.2,65535,65535,65534,
8609,4948,15.2,19373.91,65534,65535,65534,
8612,4934,15.2,19385.44,65534,65535,65534,
8615,4930,15.3,19387.36,65534,65535,65534,
8618,4916,15.3,19402.77,65535,65535,65534,
8622,4910,15.3,19409.52,65535,65535,65535,
8625,4901,15.3,19420.16,65534,65534,65535,
8628,4888,15.3,19426.93,65534,65535,65535,
8631,4876,15.3,19447.3,65535,65535,65535,
8634,4867,15.3,19450.22,65535,65535,65535,
8637,4865,15.3,19461.89,65534,65535,65534,
8640,4849,15.3,19469.69,65534,65535,65534,
8644,4839,15.3,19481.41,65535,65535,65535,
8647,4826,15.3,19496.09,65534,65534,65534,
8650,4818,15.3,19500.01,65534,65535,65534,
8653,4809,15.4,19509.82,65285,65534,65534,
8656,4794,15.3,19523.59,65534,65535,65534,
8659,4787,15.4,19531.47,65534,65535,65535,
8662,4775,15.4,19542.33,65535,65535,65535,
8665,4767,15.4,19550.23,65534,65535,65534,
8669,4755,15.4,19560.13,65534,65535,65534,
8672,4750,15.4,19568.06,65534,65535,65535,
8675,4737,15.4,19579.98,65535,65535,65534,
8678,4730,15.4,19586.94,65534,65534,65535,
8681,4722,15.4,19593.91,65534,65534,65535,
8684,4710,15.5,19604.88,65534,65535,65534,
8687,4701,15.5,19614.87,65534,65534,65534,
8691,4695,15.5,19620.88,65534,65534,65535,
8694,4683,15.5,19630.9,65534,65534,65534,
8697,4674,15.5,19644.96,65535,65535,65534,
8700,4666,15.5,19653,65534,65535,65535,
8703,4651,15.5,19667.11,65535,65535,65534,
8706,4648,15.5,19671.15,65535,65535,65535,
8709,4635,15.5,19681.26,65535,65535,65534,
8712,4626,15.5,19690.37,65534,65535,65535,
8716,4619,15.6,19700.51,65534,65535,65535,
8719,4611,15.6,19705.59,65535,65535,65534,
8722,4600,15.6,19718.81,65535,65535,65534,
8725,4590,15.6,19722.88,65534,65535,65534,
8728,4577,15.6,19741.25,65535,65535,65535,
8731,4572,15.6,19741.25,65534,65535,65535,
8734,4565,15.6,19754.56,65534,65535,65535,
8738,4551,15.6,19767.89,65535,65535,65534,
8741,4546,15.6,19777.14,65534,65535,65534,
8744,4534,15.6,19787.43,65534,65534,65534,
8747,4524,15.7,19791.55,65534,65535,65534,
8750,4513,15.7,19812.21,65534,65535,65534,
8753,4506,15.7,19810.14,65535,65535,65535,
8756,4490,15.7,19835.02,65534,65535,65535,
8760,4483,15.7,19827.75,65535,65535,65535,
8763,4477,15.7,19853.75,65534,65535,65534,
8766,4469,15.7,19855.83,65535,65535,65535,
8769,4453,15.7,19868.36,65534,65535,65534,
8772,4447,15.8,19878.82,65534,65534,65534,
8775,4440,15.8,19883.01,65356,65535,65534,
8778,4429,15.8,19891.39,65534,65535,65535,
8781,4425,15.8,19898.74,65534,65534,65535,
8785,4413,15.8,19909.26,65534,65535,65535,
8788,4399,15.8,19918.74,65534,65535,65535,
8791,4398,15.8,19931.4,65534,65534,65535,
8794,4384,15.8,19943.03,65534,65535,65534,
8797,4374,15.8,19952.57,65534,65535,65534,
8800,4366,15.8,19961.06,65535,65535,65535,
8803,4359,15.9,19968.5,65534,65535,65534,
8807,4352,15.9,19980.2,65534,65535,65535,
8810,4340,15.9,19983.4,65534,65534,65535,
8813,4340,15.9,19993,65534,65534,65535,
8816,4322,15.9,20007.97,65534,65534,65535,
8819,4316,15.9,20007.97,65534,65535,65535,
8822,4309,15.9,20018.69,65534,65535,65534,
8825,4297,15.9,20034.8,65534,65535,65534,
8828,4292,16,20046.65,65535,65535,65534,
8832,4284,16,20052.04,62948,65534,65534,
8835,4271,16,20061.76,65534,65534,65535,
8838,4256,16,20071.5,65534,65535,65534,
8841,4255,16,20080.16,65534,65535,65534,
8844,4245,16,20088.84,65534,65535,65535,
8847,4238,16,20098.62,65535,65535,65534,
8850,4227,16,20108.42,65535,65535,65534,
8854,4218,16,20117.15,65534,65534,65535,
8857,4213,16,20125.88,65534,65534,65534,
8860,4205,16.1,20133.54,65534,65535,65535,
8863,4200,16.1,20145.59,65535,65535,65534,
8866,4190,16.1,20153.27,65535,65535,65535,
8869,4178,16.1,20162.07,65535,65535,65535,
8872,4170,16.1,20165.37,65534,65534,65535,
8875,4163,16.1,20177.49,65534,65534,65535,
8879,4154,16.1,20188.53,65534,65535,65534,
8882,4149,16.1,20194.06,65534,65534,65535,
8885,4142,16.1,20202.92,65534,65534,65535,
8888,4134,16.2,20214.01,65534,65535,65534,
8891,4125,16.2,20221.79,65534,65535,65535,
8894,4113,16.2,20226.23,65535,65535,65535,
8897,4108,16.2,20240.71,65535,65535,65534,
8901,4092,16.2,20251.88,65534,65534,65535,
8904,4087,16.2,20263.06,65534,65535,65535,
8907,4086,16.2,20275.4,65534,65535,65535,
8910,4071,16.2,20281.01,65534,65535,65535,
8913,4063,16.2,20290,65535,65535,65534,
8916,4056,16.3,20301.27,65534,65534,65535,
8919,4049,16.3,20304.65,65535,65535,65535,
8922,4040,16.3,20317.07,65535,65535,65535,
8926,4027,16.3,20327.26,65534,65534,65535,
8929,4025,16.3,20337.46,65534,65535,65534,
8932,4012,16.3,20344.27,65534,65534,65535,
8935,4007,16.3,20351.09,65535,65535,65535,
8938,3997,16.3,20367.04,65534,65535,65535,
8941,3990,16.3,20375.03,65534,65534,65535,
8944,3981,16.3,20383.02,65534,65535,65535,
8948,3975,16.4,20395.62,65534,65535,65535,
8951,3962,16.4,20402.51,65535,65535,65535,
8954,3958,16.4,20411.7,65534,65534,65534,
8957,3951,16.4,20424.36,65534,65534,65535,
8960,3940,16.4,20427.82,65534,65534,65534,
8963,3933,16.4,20441.67,65534,65534,65535,
8966,3924,16.4,20450.92,65534,65535,65534,
8970,3917,16.4,20459.04,65534,65535,65534,
8973,3911,16.4,20468.32,65534,65535,65534,
8976,3900,16.5,20484.6,65535,65535,65534,
8979,3891,16.5,20495.09,65534,65535,65534,
8982,3885,16.5,20496.26,65534,65534,65535,
8985,3875,16.5,20504.43,65535,65535,65534,
8988,3867,16.5,20523.17,65534,65535,65534,
8991,3859,16.5,20527.86,65484,65534,65534,
8995,3846,16.6,20534.91,65534,65535,65535,
8998,3841,16.6,20545.49,65534,65535,65535,
9001,3835,16.6,20556.1,65534,65535,65535,
9004,3824,16.6,20567.91,65534,65534,65535,
9007,3817,16.6,20571.46,65123,65534,65534,
9010,3805,16.6,20588.04,64870,65534,65534,
9013,3803,16.6,20593.98,65535,65535,65535,
9017,3793,16.6,20608.25,65534,65535,65535,
9020,3786,16.6,20614.21,65534,65535,65535,
9023,3773,16.6,20630.92,65535,65535,65534,
9026,3765,16.7,20635.71,65534,65535,65535,
9029,3753,16.7,20641.7,65534,65534,65534,
9032,3743,16.7,20664.5,65534,65534,65535,
9035,3739,16.7,20666.91,65535,65535,65535,
9038,3738,16.7,20678.96,65535,65535,65535,
9042,3725,16.7,20688.61,65534,65535,65534,
9045,3718,16.7,20693.44,65534,65535,65535,
9048,3710,16.7,20709.19,65534,65535,65534,
9051,3690,16.8,20722.54,65534,65535,65535,
9054,3693,16.8,20724.98,65535,65535,65534,
9057,3682,16.8,20739.58,65534,65535,65534,
9060,3676,16.8,20743.24,65535,65535,65535,
9064,3669,16.8,20757.9,65534,65535,65535,
9067,3666,16.8,20761.58,65534,65535,65535,
9070,3652,16.8,20773.83,65534,65534,65535,
9073,3646,16.8,20776.28,65535,65535,65535,
9076,3635,16.9,20792.26,65534,65535,65535,
9079,3632,16.9,20795.96,65534,65535,65534,
9082,3621,16.9,20810.76,65534,65534,65535,
9085,3618,16.9,20824.36,65534,65535,65535,
9089,3605,16.9,20831.79,65394,65535,65534,
9092,3602,16.9,20839.24,65534,65535,65534,
9095,3589,16.9,20846.69,65534,65534,65535,
9098,3586,16.9,20861.63,65534,65534,65535,
9101,3580,17,20864.12,65534,65535,65535,
9104,3570,17,20879.1,65534,65535,65534,
9107,3568,17,20885.36,65534,65535,65534,
9111,3556,17,20894.13,65364,65535,65535,
9114,3549,17,20904.17,65535,65535,65535,
9117,3544,17,20911.71,65534,65535,65534,
9120,3536,17,20910.45,65534,65535,65535,
9123,3527,17,20928.09,65534,65535,65534,
9126,3518,17.1,20941.98,65534,65535,65535,
9129,3510,17.1,20949.58,65534,65535,65534,
9133,3503,17.1,20958.45,65535,65535,65535,
9136,3497,17.1,20963.52,65352,65534,65534,
9139,3493,17.1,20978.78,65534,65535,65534,
9142,3480,17.1,20988.98,59181,65534,65534,
9145,3476,17.1,20987.7,65534,65535,65535,
9148,3479,17.2,20999.19,65535,65535,65534,
9151,3463,17.2,21009.43,65534,65534,65535,
9154,3456,17.2,21015.83,60773,65534,65534,
9158,3450,17.2,21027.38,65534,65535,65534,
9161,3440,17.2,21041.53,65535,65535,65535,
9164,3430,17.2,21054.43,65535,65535,65534,
9167,3424,17.2,21054.43,65534,65535,65535,
9170,3419,17.2,21062.18,65534,65535,65535,
9173,3410,17.2,21072.53,65534,65534,65535,
9176,3410,17.2,21084.2,65535,65535,65534,
9180,3398,17.3,21089.39,65534,65535,65535,
9183,3394,17.3,21095.89,65534,65534,65535,
9186,3388,17.3,21111.53,65534,65534,65535,
9189,3380,17.3,21118.05,65534,65534,65535,
9192,3379,17.3,21120.66,64547,65534,65534,
9195,3367,17.3,21138.99,65534,65535,65535,
9198,3362,17.3,21150.8,65535,65535,65534,
9201,3352,17.3,21149.49,65534,65535,65535,
9205,3348,17.4,21160.01,65535,65535,65534,
9208,3341,17.4,21167.91,65534,65534,65535,
9211,3332,17.4,21182.43,65534,65535,65535,
9214,3329,17.4,21186.4,65534,65535,65535,
9217,3324,17.4,21193.01,65535,65535,65535,
9220,3316,17.4,21207.6,65534,65535,65534,
9223,3310,17.4,21207.6,65534,65535,65534,
9227,3303,17.5,21216.9,65535,65535,65534,
9230,3294,17.4,21232.88,65534,65534,65535,
9233,3287,17.5,21234.22,65534,65534,65535,
9236,3286,17.5,21244.9,65534,65535,65534,
9239,3272,17.5,21254.27,65535,65535,65535,
9242,3270,17.5,21271.71,65534,65534,65535,
9245,3263,17.5,21271.71,65534,65535,65534,
9248,3258,17.5,21286.5,65534,65534,65535,
9252,3249,17.6,21287.86,59410,65534,65534,
9255,3246,17.6,21297.3,65535,65535,65535,
9258,3239,17.6,21306.76,65534,65535,65534,
9261,3229,17.6,21321.65,65535,65535,65535,
9264,3229,17.6,21328.43,64593,65535,65534,
9267,3220,17.6,21343.39,65534,65535,65534,
9270,3211,17.6,21347.47,65534,65535,65534,
9274,3206,17.6,21358.39,65534,65534,65535,
9277,3197,17.6,21361.12,65534,65535,65534,
9280,3189,17.7,21367.95,65535,65535,65534,
9283,3183,17.7,21385.76,65534,65535,65535,
9286,3171,17.7,21391.25,65534,65535,65534,
9289,3163,17.7,21407.76,65534,65535,65534,
9292,3166,17.7,21399.5,65535,65535,65535,
9295,3163,17.7,21413.27,65534,65535,65534,
9299,3149,17.7,21427.08,65535,65535,65534,
9302,3148,17.7,21432.62,65534,65535,65535,
9305,3140,17.7,21443.7,65534,65535,65535,
9308,3136,17.8,21453.42,65534,65534,65534,
9311,3125,17.8,21460.37,65534,65534,65535,
9314,3116,17.8,21478.49,65534,65534,65535,
9317,3110,17.8,21481.28,65534,65535,65534,
9321,3105,17.8,21495.27,65479,65534,65534,
9324,3103,17.8,21496.67,65534,65535,65534,
9327,3095,17.9,21495.27,65534,65535,65534,
9330,3087,17.9,21519.13,65535,65535,65534,
9333,3079,17.9,21528.99,65534,65535,65535,
9336,3078,17.9,21531.8,65534,65535,65534,
9339,3070,17.9,21540.27,65534,65534,65535,
9343,3060,17.9,21553,65534,65534,65535,
9346,3054,17.9,21561.5,65534,65535,65535,
9349,3050,17.9,21568.59,65534,65534,65535,
9352,3047,17.9,21574.27,65534,65535,65535,
9355,3035,18,21584.23,65534,65534,65535,
9358,3029,18,21594.2,65534,65534,65535,
9361,3028,18,21602.77,65534,65534,65535,
9364,3027,18,21605.63,65535,65535,65535,
9368,3013,18,21619.94,65534,65534,65535,
9371,3009,18,21625.68,65534,65535,65534,
9374,3003,18,21632.86,61615,65534,65534,
9377,2997,18,21647.25,65534,65534,65535,
9380,2989,18.1,21657.34,65534,65535,65534,
9383,2983,18.1,21660.23,65535,65534,65534,
9386,2978,18.1,21671.8,65534,65535,65535,
9390,2969,18.1,21680.49,59239,65534,65534,
9393,2965,18.1,21693.55,65534,65534,65535,
9396,2964,18.1,21699.37,65534,65535,65534,
9399,2958,18.1,21706.65,65534,65535,65534,
9402,2947,18.1,21711.02,65534,65534,65535,
9405,2943,18.2,21728.55,65535,65535,65535,
9408,2931,18.2,21734.4,65534,65535,65534,
9411,2932,18.2,21741.73,65528,65535,65534,
9415,2925,18.2,21752,65534,65535,65535,
9418,2916,18.2,21765.25,65535,65535,65534,
9421,2910,18.2,21774.09,65534,65534,65535,
9424,2902,18.2,21772.62,65534,65535,65534,
9427,2896,18.2,21785.91,65535,65535,65534,
9430,2892,18.3,21803.69,65534,65535,65534,
9433,2889,18.3,21805.17,65534,65535,65535,
9437,2879,18.3,21823.01,65534,65535,65534,
9440,2877,18.3,21824.5,65535,65535,65534,
9443,2867,18.3,21833.45,65534,65535,65535,
9446,2859,18.3,21843.9,65534,65535,65534,
9449,2852,18.3,21852.88,65534,65535,65534,
9452,2847,18.3,21866.38,65534,65535,65534,
9455,2840,18.4,21876.9,65534,65535,65534,
9458,2835,18.4,21882.92,65535,65535,65535,
9462,2831,18.4,21885.93,65534,65535,65535,
9465,2827,18.4,21890.46,65534,65534,65535,
9468,2818,18.4,21902.54,65535,65535,65534,
9471,2814,18.4,21917.68,65534,65535,65535,
9474,2805,18.4,21926.78,65534,65535,65534,
9477,2800,18.5,21929.82,65534,65535,65535,
9480,2797,18.5,21948.09,62025,65534,65534,
9484,2793,18.5,21952.67,65534,65534,65535,
9487,2787,18.5,21958.78,65534,65535,65534,
9490,2777,18.5,21967.95,65534,65535,65534,
9493,2772,18.5,21974.08,65534,65534,65535,
9496,2764,18.5,21987.89,65534,65534,65534,
9499,2759,18.5,21990.97,65535,65535,65534,
9502,2751,18.6,22001.74,65534,65534,65535,
9506,2749,18.6,22010.99,65534,65534,65535,
9509,2743,18.6,22023.35,65535,65535,65535,
9512,2743,18.6,22031.09,65534,65535,65535,
9515,2734,18.6,22034.19,65534,65535,65534,
9518,2729,18.6,22043.5,57764,65534,65534,
9521,2724,18.6,22057.5,65534,65534,65535,
9524,2719,18.7,22069.97,65534,65535,65535,
9527,2710,18.7,22073.09,65534,65535,65534,
9531,2708,18.7,22074.65,65534,65535,65534,
9534,2701,18.7,22090.3,65534,65534,65535,
9537,2694,18.7,22102.85,65534,65534,65535,
9540,2690,18.7,22107.56,65534,65535,65535,
9543,2682,18.7,22118.58,65534,65535,65535,
9546,2679,18.8,22131.2,65534,65535,65535,
9549,2668,18.8,22137.52,60255,65534,65534,
9553,2664,18.8,22143.84,65534,65535,65534,
9556,2663,18.8,22154.94,65534,65535,65534,
9559,2656,18.8,22162.88,65534,65535,65535,
9562,2653,18.8,22167.65,65534,65535,65534,
9565,2646,18.8,22177.2,65534,65535,65534,
9568,2642,18.8,22186.76,65534,65535,65534,
9571,2634,18.9,22197.95,65534,65534,65535,
9574,2630,18.9,22201.15,65534,65534,65535,
9578,2624,18.9,22210.76,65534,65535,65534,
9581,2615,18.9,22220.39,65534,65535,65535,
9584,2617,18.9,22239.71,65534,65534,65535,
9587,2611,18.9,22233.26,65534,65535,65534,
9590,2601,19,22246.16,65534,65535,65535,
9593,2597,19,22249.39,65535,65535,65535,
9596,2594,19,22262.33,65535,65535,65535,
9600,2587,19,22270.43,65535,65535,65535,
9603,2582,19,22278.55,65534,65535,65534,
9606,2575,19,22281.8,65534,65535,65535,
9609,2571,19.1,22293.19,65534,65535,65535,
9612,2567,19.1,22301.35,65534,65534,65535,
9615,2566,19.1,22299.71,65534,65534,65534,
9618,2557,19.1,22324.24,65535,65535,65534,
9621,2550,19.1,22325.88,65535,65535,65535,
9625,2544,19.1,22335.73,64850,65534,65534,
9628,2550,19.1,22345.59,65534,65535,65535,
9631,2535,19.1,22350.53,65535,65535,65534,
9634,2525,19.2,22368.69,65534,65535,65534,
9637,2524,19.2,22371.99,65535,65535,65535,
9640,2519,19.2,22378.62,62765,65534,65534,
9643,2521,19.2,22383.58,65534,65534,65535,
9647,2510,19.2,22390.22,65534,65535,65535,
9650,2506,19.2,22406.85,65535,65535,65535,
9653,2506,19.3,22408.51,65534,65535,65534,
9656,2500,19.3,22420.19,65534,65535,65535,
9659,2498,19.3,22423.53,65534,65535,65534,
9662,2488,19.3,22435.24,65534,65534,65535,
9665,2489,19.3,22448.66,65534,65534,65535,
9668,2476,19.3,22450.33,55220,65534,65534,
9672,2471,19.4,22460.42,65534,65534,65535,
9675,2466,19.4,22462.11,65534,65535,65535,
9678,2465,19.4,22475.59,65535,65535,65535,
9681,2461,19.4,22472.22,65534,65535,65534,
9684,2453,19.4,22497.58,55851,65534,65534,
9687,2451,19.4,22494.19,65534,65534,65535,
9690,2444,19.4,22512.86,65534,65534,65535,
9694,2442,19.4,22507.76,65534,65535,65534,
9697,2436,19.5,22524.77,65534,65535,65535,
9700,2430,19.5,22535.01,65534,65534,65534,
9703,2424,19.5,22538.42,65535,65535,65534,
9706,2421,19.5,22538.42,65534,65534,65535,
9709,2422,19.5,22546.98,65534,65535,65535,
9712,2416,19.5,22567.56,65534,65534,65535,
9716,2409,19.5,22565.84,65534,65535,65535,
9719,2407,19.6,22579.6,65535,65535,65534,
9722,2400,19.6,22579.6,58857,65535,65534,
9725,2396,19.6,22593.4,55734,65534,65534,
9728,2391,19.6,22595.13,65534,65534,65534,
9731,2387,19.6,22596.85,65535,65534,65534,
9735,2375,19.6,22612.43,62514,65535,65534,
9738,2380,19.7,22624.58,65534,65534,65535,
9741,2372,19.7,22633.27,65534,65535,65535,
9744,2368,19.7,22643.73,65534,65535,65535,
9747,2358,19.7,22643.73,65534,65535,65534,
9750,2358,19.7,22662.95,65534,65535,65534,
9753,2353,19.7,22668.21,65534,65535,65535,
9756,2347,19.7,22669.96,65534,65534,65534,
9760,2341,19.8,22682.25,65534,65535,65534,
9763,2335,19.8,22685.77,65534,65535,65535,
9766,2334,19.8,22691.04,65534,65535,65534,
9769,2327,19.8,22706.91,65535,65535,65535,
9772,2323,19.8,22721.06,65534,65535,65534,
9775,2319,19.8,22729.92,65535,65535,65534,
9778,2316,19.8,22728.15,65534,65535,65534,
9782,2314,19.9,22745.91,65534,65535,65535,
9785,2310,19.9,22737.03,65534,65535,65535,
9788,2299,19.9,22751.26,65534,65535,65534,
9791,2295,19.9,22763.75,65534,65534,65534,
9794,2292,19.9,22776.26,65534,65534,65535,
9797,2284,19.9,22767.32,65534,65534,65535,
9800,2285,20,22785.22,65534,65534,65535,
9803,2277,20,22788.81,60689,65534,65534,
9807,2271,20,22797.79,54377,65534,65534,
9810,2268,20,22812.19,65534,65535,65534,
9813,2266,20,22817.61,65534,65535,65534,
9816,2258,20,22824.83,65535,65535,65534,
9819,2253,20,22841.13,65534,65534,65535,
9822,2252,20.1,22848.39,65534,65534,65535,
9825,2242,20.1,22859.3,58502,65534,65534,
9829,2239,20.1,22864.76,65534,65535,65534,
9832,2240,20.1,22872.05,65534,65535,65534,
9835,2235,20.1,22884.84,65535,65535,65535,
9838,2227,20.1,22883.01,65534,65534,65535,
9841,2225,20.2,22897.66,65534,65534,65535,
9844,2222,20.2,22908.67,65534,65535,65535,
9847,2215,20.2,22903.16,65534,65535,65534,
9851,2215,20.2,22917.87,65535,65535,65534,
9854,2207,20.2,22928.93,65534,65535,65534,
9857,2203,20.2,22930.78,65535,65535,65534,
9860,2200,20.3,22943.72,65534,65535,65535,
9863,2196,20.3,22956.69,65389,65534,65534,
9866,2192,20.3,22960.4,65535,65535,65535,
9869,2186,20.3,22975.28,65534,65535,65535,
9872,2185,20.3,22977.14,65534,65535,65534,
9876,2177,20.3,22984.6,65534,65535,65534,
9879,2171,20.3,22995.81,65535,65535,65534,
9882,2166,20.4,23003.29,65534,65535,65534,
9885,2163,20.4,23018.3,65535,65535,65534,
9888,2159,20.4,23016.42,65535,65535,65535,
9891,2155,20.4,23022.06,65534,65534,65535,
9894,2149,20.4,23025.82,57501,65534,65534,
9898,2142,20.4,23052.22,65534,65535,65534,
9901,2145,20.5,23048.44,53754,65534,65534,
9904,2129,20.5,23067.38,65534,65534,65534,
9907,2134,20.5,23073.07,65534,65535,65535,
9910,2125,20.5,23078.77,65535,65534,65534,
9913,2125,20.5,23073.07,65534,65534,65535,
9916,2124,20.5,23092.1,65534,65534,65535,
9919,2120,20.5,23086.38,65535,65535,65534,
9923,2113,20.6,23103.55,65534,65535,65534,
9926,2109,20.6,23107.37,65534,65535,65534,
9929,2102,20.6,23120.78,65535,65535,65535,
9932,2102,20.6,23120.78,65534,65535,65534,
9935,2099,20.6,23130.38,65535,65535,65534,
9938,2091,20.6,23141.91,65534,65535,65534,
9941,2084,20.6,23147.69,65534,65535,65534,
9945,2090,20.7,23155.41,65534,65535,65534,
9948,2085,20.7,23151.55,65534,65535,65534,
9951,2079,20.7,23170.88,65535,65535,65534,
9954,2074,20.7,23172.82,65535,65535,65535,
9957,2071,20.7,23188.34,65534,65535,65534,
9960,2070,20.8,23176.7,65534,65534,65535,
9963,2068,20.8,23200.02,65534,65535,65535,
9966,2063,20.8,23196.12,65535,65535,65535,
9970,2057,20.8,23211.72,65534,65535,65534,
9973,2049,20.8,23225.41,58888,65534,65534,
9976,2047,20.8,23227.37,65534,65535,65535,
9979,2048,20.8,23235.21,65534,65534,65534,
9982,2045,20.9,23241.1,65534,65534,65534,
9985,2035,20.9,23245.03,62059,65534,65534,
9988,2039,20.9,23241.1,65534,65534,65535,
9992,2032,20.9,23260.78,65534,65534,65534,
9995,2031,20.9,23266.7,65534,65534,65534,
9998,2023,20.9,23286.49,65534,65535,65534,
10001,2018,21,23276.59,65535,65535,65534,
10004,2018,21,23300.39,65534,65535,65534,
10007,2008,21,23306.35,65534,65534,65534,
10010,2011,21,23306.35,65534,65535,65535,
10014,2008,21,23312.33,56356,65534,65534,
10017,2006,21,23324.3,65534,65535,65534,
10020,2000,21,23324.3,63724,65534,65534,
10023,1992,21.1,23342.31,65534,65534,65535,
10026,1990,21.1,23348.33,65534,65534,65535,
10029,1988,21.1,23348.33,65534,65534,65535,
10032,1982,21.1,23356.37,65534,65535,65534,
10035,1981,21.1,23358.38,65534,65535,65535,
10039,1977,21.1,23370.46,65534,65535,65535,
10042,1970,21.1,23380.55,65535,65535,65534,
10045,1970,21.2,23382.58,64452,65534,65534,
10048,1964,21.2,23392.69,65534,65535,65534,
10051,1961,21.2,23404.86,65534,65534,65535,
10054,1958,21.2,23404.86,64284,65534,65534,
10057,1955,21.2,23415.03,65534,65534,65535,
10061,1955,21.2,23419.1,55476,65534,65534,
10064,1949,21.3,23423.17,65535,65535,65535,
10067,1943,21.3,23439.5,65534,65535,65534,
10070,1944,21.3,23443.6,64179,65534,65534,
10073,1967,21.3,23390.67,65535,65535,65535,
10076,1995,21.3,23332.3,65534,65535,65535,
10079,2041,21.4,23248.96,25296,29052,25781,
10082,2073,21.4,23188.34,65535,65534,65535,
10086,2105,21.5,23116.95,36409,45420,39611,
10089,2160,21.5,23012.66,23351,61142,65535,
10092,2203,21.5,22932.62,58550,65535,65535,
10095,2247,21.6,22855.66,59743,65534,65534,
10098,2291,21.6,22772.68,54206,65535,41299,
10101,2335,21.6,22699.85,65534,65534,65534,
10104,2377,21.6,22621.1,63899,65534,65534,
10108,2415,21.7,22552.11,41437,65458,65458,
10111,2461,21.7,22478.97,65534,65535,65534,
10114,2496,21.7,22416.85,50058,55122,65534,
10117,2557,21.8,22320.96,65534,65535,65535,
10120,2591,21.8,22254.24,65534,63397,65535,
10123,2640,21.8,22175.6,65534,49308,65024,
10126,2695,21.9,22099.71,65535,65535,65535,
10129,2737,21.9,22032.64,65535,65535,65535,
10133,2788,21.9,21955.72,65535,65535,65535,
10136,2841,21.9,21869.38,65535,65535,65535,
10139,2887,21.9,21809.63,65535,65534,53837,
10142,2938,21.9,21728.55,65535,65535,65534,
10145,2986,22,21660.23,65534,65534,65535,
10148,3036,22,21589.93,65535,65535,65263,
10151,3081,22,21528.99,65535,65535,65535,
10155,3135,22,21456.2,65535,65535,65535,
10158,3180,22,21389.88,65534,65535,65535,
10161,3235,22,21314.87,65535,65534,65535,
10164,3288,22,21248.92,65535,65535,65535,
10167,3342,22,21175.83,65534,65534,65535,
10170,3389,22,21107.61,58483,65535,65534,
10173,3434,22,21050.55,60401,65534,65534,
10177,3498,22,20963.52,65534,65535,65535,
10180,3550,22,20899.15,61857,65535,65535,
10183,3607,22.1,20825.6,40079,65535,52972,
10186,3669,22.1,20749.35,63212,65534,65534,
10189,3724,22.1,20680.16,53655,65534,65534,
10192,3779,22.1,20622.56,65535,65535,65535,
10195,3825,22.1,20563.18,65535,65535,65535,
10198,3884,22.1,20499.76,65464,62432,65535,
10202,3943,22.1,20426.66,65534,65534,65534,
10205,3988,22.1,20376.17,65535,65535,65535,
10208,4054,22.1,20303.52,65535,65535,65535,
10211,4108,22.1,20239.6,62648,64235,44800,
10214,4169,22.1,20171.98,65535,65535,65535,
10217,4223,22.1,20119.33,35415,57241,64658,
10220,4288,22.1,20038.03,65535,65535,65534,
10224,4350,22.1,19977,65535,65535,65535,
10227,4407,22.1,19915.57,27675,46580,45583,
10230,4472,22.1,19847.5,65535,65535,65535,
10233,4535,22.1,19783.31,27248,59364,65535,
10236,4593,22.1,19727.98,65535,65535,65535,
10239,4651,22.1,19666.1,65535,65535,65535,
10242,4722,22,19589.93,65535,65535,65535,
10245,4782,22,19533.44,65535,58223,65535,
10249,4844,22,19473.6,32432,65535,65535,
10252,4911,22,19403.74,65535,65535,65535,
10255,4974,22,19339.47,65535,65535,65534,
10258,5039,21.9,19286.29,65534,65535,65535,
10261,5108,21.9,19225.15,64679,65534,65534,
10264,5171,21.9,19158.16,65535,65535,65535,
10267,5240,21.9,19101.08,65535,65534,65535,
10271,5305,21.9,19051.81,65535,65535,57348,
10274,5374,21.8,18976.87,65534,65534,65534,
10277,5445,21.8,18917.05,65535,65535,65535,
10280,5507,21.8,18858.71,44679,63707,59827,
10283,5571,21.8,18801.8,65535,65535,65535,
10286,5636,21.7,18743.69,65287,65535,65535,
10289,5715,21.7,18676.75,59517,65535,65534,
10292,5784,21.7,18621.53,18585,65534,59631,
10296,5854,21.7,18562.62,57760,34387,65535,
10299,5929,21.6,18502.62,65535,65535,65535,
10302,5995,21.6,18445.67,58987,65535,65535,
10305,6071,21.5,18380.3,65535,65535,65535,
10308,6137,21.5,18326.9,65535,65534,65535,
10311,6215,21.5,18272.35,65534,65535,65534,
10314,6289,21.4,18209.59,53612,65535,65535,
10318,6362,21.4,18152.95,65534,65535,65535,
10321,6428,21.4,18099.92,57513,65535,54181,
10324,6501,21.3,18040.43,65534,64984,57590,
10327,6574,21.3,17987.59,65535,65535,65535,
10330,6641,21.3,17935.97,65534,65534,65534,
10333,6728,21.3,17876.52,65535,65535,65535,
10336,6810,21.2,17808.74,65535,65535,65535,
10339,6886,21.2,17758.57,65534,65535,65535,
10343,6946,21.1,17710.25,65535,65535,65534,
10346,7025,21.1,17657.25,65534,65535,65534,
10349,7100,21.1,17600.39,65535,65535,65535,
10352,7167,21,17549.72,42924,63819,51343,
10355,7246,21,17495.93,65535,65535,65535,
10358,7326,21,17437.01,65534,65116,65535,
10361,7406,20.9,17382.09,65535,65535,65535,
10365,7481,20.9,17331.08,65534,65535,65535,
10368,7553,20.9,17281.15,45307,65503,54148,
10371,7638,20.8,17222.83,55999,65535,65535,
10374,7724,20.8,17165.71,65535,65535,65535,
10377,7815,20.7,17107.77,56503,65535,65535,
10380,7887,20.7,17057.58,65534,65534,65535,
10383,7979,20.6,16998.66,32582,46037,29793,
10387,8064,20.6,16943.49,65535,65535,65534,
10390,8142,20.5,16890.72,65535,65535,65535,
10393,8220,20.4,16844.74,65534,65534,64725,
10396,8299,20.4,16792.13,65534,65534,65534,
10399,8394,20.4,16731.82,65535,65535,65535,
10402,8476,20.3,16680.74,65534,65535,65534,
10405,8566,20.3,16624.52,65535,65535,65535,
10408,8659,20.2,16573.66,65535,65535,65535,
10412,8743,20.2,16517.14,65535,65535,65535,
10415,8821,20.1,16471.91,65534,65534,65534,
10418,8901,20.1,16422.83,65534,65534,65535,
10421,8994,20,16368.18,65535,65535,65535,
10424,9083,20,16314.57,65535,65535,65535,
10427,9163,19.9,16269.55,65535,65535,65535,
10430,9262,19.9,16212.11,65535,65535,65535,
10434,9341,19.8,16163.19,65535,65535,65534,
10437,9442,19.7,16106.67,65534,65535,65534,
10440,9533,19.7,16057.95,65535,65534,65535,
10443,9629,19.6,16002.31,65534,65535,65535,
10446,9717,19.6,15952.13,65535,65535,65024,
10449,9809,19.5,15905.64,53522,63886,65535,
10452,9908,19.5,15850.7,65534,65534,65535,
10455,10002,19.4,15796.75,65534,65535,65535,
10459,10089,19.3,15750.24,65535,65535,65535,
10462,10183,19.3,15699.23,65535,65535,65534,
10465,10278,19.2,15650.2,65535,65535,65535,
10468,10379,19.1,15598.36,65534,65535,65534,
10471,10461,19,15551.63,65534,65535,65535,
10474,10562,19,15499.5,65535,65534,65535,
10477,10657,18.9,15448.28,65535,65535,65535,
10481,10758,18.8,15403.08,65535,65534,65534,
10484,10853,18.8,15349.53,65535,65535,65535,
10487,10936,18.7,15309.01,24547,65270,25649,
10490,11042,18.6,15255.69,65534,65535,64889,
10493,11134,18.6,15207.77,64720,65535,65534,
10496,11235,18.5,15158.69,40882,65535,65534,
10499,11335,18.4,15109.96,65535,65535,65535,
10503,11432,18.3,15062.54,50536,65535,65535,
10506,11536,18.3,15012.55,65534,65534,65534,
10509,11636,18.2,14961.96,65535,65535,65535,
10512,11734,18.1,14915.08,65534,62564,65534,
10515,11839,18,14865.67,65535,65535,65535,
10518,11940,18,14818.02,65535,65535,65535,
10521,12048,17.9,14767.42,65534,65535,65534,
10524,12138,17.8,14726.01,65535,65534,65535,
10528,12246,17.7,14677.92,65081,65534,65535,
10531,12344,17.6,14630.62,65534,65535,65534,
10534,12440,17.5,14586.36,62937,65534,65534,
10537,12548,17.4,14539.23,65535,65535,65535,
10540,12643,17.4,14496.89,52597,65535,65534,
10543,12756,17.3,14445.45,65534,65535,65535,
10546,12858,17.2,14398.8,65535,65535,65535,
10550,12975,17.1,14349.82,65534,65535,65535,
10553,13090,17,14300.31,65534,65535,65535,
10556,13203,16.9,14250.28,65534,65534,65534,
10559,13306,16.8,14204.47,65534,65535,65535,
10562,13405,16.8,14159.38,57412,54302,65535,
10565,13512,16.7,14116.71,65534,65535,65535,
10568,13624,16.6,14067.95,65535,65535,65535,
10571,13734,16.4,14022.46,65534,65535,65535,
10575,13848,16.3,13976.01,65534,65534,65534,
10578,13966,16.2,13925.71,65535,65535,65535,
10581,14083,16.2,13876.59,65535,65535,65535,
10584,14185,16.1,13833.53,65534,65534,65534,
10587,14290,16,13795.2,65535,65535,65535,
10590,14390,16,13751,65535,65535,65534,
10593,14522,15.9,13700.65,61355,65534,65275,
10597,14628,15.8,13656.63,64168,65534,65534,
10600,14725,15.8,13618.03,65534,65535,65534,
10603,14845,15.7,13569.39,65535,65535,65535,
10606,14955,15.5,13527.33,65508,65535,65534,
10609,15073,15.5,13479.68,65535,65535,65535,
10612,15195,15.4,13434.27,65535,65535,65535,
10615,15306,15.2,13393.77,51119,65487,65534,
10618,15423,15.2,13345.07,65535,65535,65535,
10622,15545,15.1,13300.11,65534,65535,65535,
10625,15669,15,13251.66,65535,65535,65535,
10628,15791,14.9,13206.52,65534,65534,65535,
10631,15913,14.9,13160.91,65032,65534,65534,
10634,16025,14.8,13118.18,65534,65535,65534,
10637,16141,14.6,13074.6,53938,65535,65534,
10640,16268,14.4,13029.07,65534,65534,65535,
10644,16390,14.3,12987.1,65535,65535,65534,
10647,16516,14.2,12939.58,65535,65535,65535,
10650,16628,13.9,12898.83,65535,65535,65535,
10653,16757,13.9,12852.94,65535,65535,65535,
10656,16883,13.5,12807.69,65535,65535,65535,
10659,17006,13.5,12764.13,65534,65534,65535,
10662,17134,13.5,12720.83,65534,65534,65535,
10666,17244,13.4,12680.56,65534,65535,65535,
10669,17365,13.2,12639.12,65534,65534,65535,
10672,17493,13.1,12595.5,65535,65535,65535,
10675,17615,13,12553.16,65535,65535,65535,
10678,17742,12.9,12508.33,65535,65535,65535,
10681,17863,12.8,12466.82,65535,65535,65535,
10684,17996,12.7,12424.52,65535,65535,65535,
10687,18118,12.5,12381.12,30852,55789,63331,
10691,18249,12.5,12340.64,65534,65535,65535,
10694,18380,12.4,12298.05,65535,65535,65535,
10697,18512,12.3,12251.42,25753,45015,49449,
10700,18641,12.2,12207.69,31751,64252,51945,
10703,18767,12.2,12166.83,65535,65535,65535,
10706,18898,12.1,12123.58,65534,65535,65534,
10709,19016,12,12086.39,61413,65535,65535,
10713,19144,11.9,12046.49,65535,65535,65535,
10716,19268,11.8,12007.12,43297,47089,48877,
10719,19392,11.7,11964.78,65535,65535,65535,
10722,19510,11.7,11927.73,65187,65534,65534,
10725,19652,11.6,11885.2,65534,65534,65535,
10728,19776,11.5,11847.27,65535,65535,65535,
10731,19914,11.3,11801.15,65535,65535,65535,
10734,20048,11.2,11759,65534,65535,65534,
10738,20174,11.2,11723.85,65534,65535,65535,
10741,20302,10.9,11683.97,27277,60040,65534,
10744,20432,10.7,11642.46,65535,65535,65535,
10747,20578,10.5,11599.97,65534,65534,65534,
10750,20708,10.5,11557.7,65534,65534,65535,
10753,20840,10.3,11518.37,65534,65535,65535,
10756,20970,10.3,11479.83,65535,65535,65535,
10760,21117,10,11438.52,40045,39390,45892,
10763,21261,9.8,11396.84,65535,65535,65535,
10766,21395,9.5,11353.03,21975,39666,39799,
10769,21542,9.4,11312.39,65535,65535,65535,
10772,21674,9.4,11273.99,65534,65535,65535,
10775,21810,9.3,11235.48,65535,65535,65535,
10778,21939,9.1,11198.04,40192,65534,65534,
10781,22076,9,11157.62,65535,65535,65535,
10785,22218,8.7,11117.98,65535,65534,65535,
10788,22369,8.6,11075.15,65535,65535,65535,
10791,22502,8.4,11037.34,65535,65535,65535,
10794,22649,8.2,10995.22,28480,55794,61545,
10797,22789,8.1,10956.67,65535,65535,65535,
10800,22917,7.9,10919.98,65535,65535,65535,
10803,23064,8,10880.42,65534,65535,65535,
10807,23203,8,10841.88,65535,65535,65534,
10810,23348,7.9,10801.35,57044,65534,65535,
10813,23490,7.7,10763.47,65535,65535,65535,
10816,23645,7.5,10723.06,65534,65535,65534,
10819,23788,7.4,10682.86,65534,65535,65535,
10822,23925,7.2,10646.88,65535,65535,65535,
10825,24065,6.9,10611.33,65535,65535,65535,
10829,24208,6.6,10569.83,65534,65535,65534,
10832,24340,6.4,10534.89,65535,65535,65534,
10835,24475,6.5,10499.84,65534,65535,65534,
10838,24614,6.3,10464.68,64475,65535,65535,
10841,24769,6.3,10424.98,65534,65535,65535,
10844,24913,6,10386,65534,65534,65535,
10847,25060,5.9,10347.73,65535,65535,65535,
10850,25205,5.8,10312.2,65535,65535,65535,
10854,25346,5.8,10275.55,65534,65535,65534,
10857,25488,5.7,10238.31,65535,65535,65534,
10860,25636,5.7,10202,65534,65535,65535,
10863,25782,5.5,10163.58,65534,65535,65535,
10866,25922,5.5,10128.86,65535,65535,65535,
10869,26062,5.3,10091.3,64536,65535,65535,
10872,26228,5.1,10053.15,65190,65534,65534,
10876,26373,5.2,10018.16,65535,65535,65535,
10879,26515,5,9982.09,57813,65534,65534,
10882,26651,4.9,9945.93,65535,65535,65535,
10885,26801,4.9,9910.43,65535,65535,65535,
10888,26939,4.7,9876.29,65534,65535,65534,
10891,27095,4.7,9839.63,65534,65535,65535,
10894,27232,4.7,9807,65534,65535,65535,
10897,27367,4.5,9774.5,65535,65535,65535,
10901,27507,4.6,9741.65,65535,65535,65534,
10904,27637,4.6,9708.93,65535,65535,65534,
10907,27779,4.4,9675.15,65535,65535,65535,
10910,27920,4.3,9641.52,63589,65534,65534,
10913,28069,4.2,9607.55,65534,65534,65534,
10916,28211,4.1,9574.19,65535,65535,65535,
10919,28347,3.9,9541.43,65535,65535,65535,
10923,28491,4,9507.41,65534,65535,65535,
10926,28642,3.8,9472.14,65534,65535,65535,
10929,28765,3.8,9445.33,65535,65535,65535,
10932,28915,3.6,9409.87,65534,65535,65535,
10935,29042,3.4,9380.05,65534,65535,65534,
10938,29207,3.4,9345.78,65534,65534,65535,
10941,29342,3.3,9312.33,65456,65535,65534,
10944,29482,3.4,9279.92,65535,65535,65535,
10948,29614,3.4,9250.8,65535,65535,65535,
10951,29766,3.2,9217.28,65535,65535,65535,
10954,29911,3.2,9184.35,65534,65535,65535,
10957,30043,2.9,9155.12,65535,65535,65535,
10960,30187,2.9,9122.65,65535,65535,65534,
10963,30320,2.7,9091.87,65535,65535,65535,
10966,30469,2.7,9061.63,65535,65535,65535,
10970,30606,2.5,9031.51,65534,65534,65534,
10973,30755,2.5,8997.56,65534,65535,65535,
10976,30891,2.3,8968.1,65534,65534,65535,
10979,31033,2.3,8937.88,65534,65535,65534,
10982,31178,2.4,8906.04,65534,65534,65535,
10985,31324,2.3,8873.67,65534,65535,65535,
10988,31469,2.3,8842.93,65535,65535,65535,
10991,31612,2.2,8812.31,65534,65535,65535,
10995,31757,2.1,8781.15,64002,65535,65534,
10998,31894,2,8751.6,65534,65534,65535,
11001,32052,1.8,8720.89,65534,65534,65535,
11004,32183,1.9,8689.86,65535,65535,65534,
11007,32338,1.7,8658.53,65535,65535,65535,
11010,32490,1.7,8628.78,65535,65535,65535,
11013,32636,1.6,8596.42,59066,65535,65535,
11017,32781,1.6,8565.44,65534,65535,65535,
11020,32918,1.3,8535.81,65534,65535,65534,
11023,33081,1.4,8504.01,65534,65535,65535,
11026,33222,1.4,8474.6,65534,65535,65534,
11029,33376,1.2,8445.7,65535,65535,65535,
11032,33527,1.1,8413.22,65535,65535,65535,
11035,33681,1.1,8382.7,65534,65535,65535,
11039,33837,0.9,8351.47,61101,65535,65534,
11042,33978,1,8322.18,65534,65534,65535,
11045,34130,0.8,8289.37,65534,65534,65535,
11048,34275,0.8,8261.7,65534,65534,65535,
11051,34422,0.7,8233.11,65534,65535,65534,
11054,34582,0.7,8200.84,65535,65535,65535,
11057,34739,0.7,8170.09,65535,65535,65535,
11060,34888,0.7,8138.85,65534,65535,65535,
11064,35035,0.5,8108.7,65535,65535,65535,
11067,35208,0.2,8075.73,65534,65535,65535,
11070,35365,0.3,8046.79,65535,65535,65534,
11073,35520,0.2,8015.99,65535,65535,65535,
11076,35674,0.1,7985.89,65535,65535,65535,
11079,35838,0.1,7954.16,65535,65535,65535,
11082,35994,0.1,7924.86,65535,65535,65535,
11086,36145,0.1,7894.5,65535,65535,65535,
11089,36308,0,7864.25,65535,65535,65535,
11092,36483,-0.1,7831.63,65534,65535,65535,
11095,36626,0,7801.98,65534,65535,65535,
11098,36793,-0.1,7772.44,65535,65535,65535,
11101,36956,-0.1,7742.43,65534,65535,65534,
11104,37112,-0.2,7711.58,65535,65535,65535,
11107,37274,-0.2,7682.72,57961,65534,65534,
11111,37429,-0.3,7651.71,65534,65535,65535,
11114,37593,-0.3,7621.75,65534,65534,65535,
11117,37757,-0.5,7590.96,65534,65534,65535,
11120,37920,-0.4,7562.5,65535,65535,65535,
11123,38090,-0.5,7530.63,65535,65535,65535,
11126,38240,-0.5,7502,65534,65535,65534,
11129,38408,-0.6,7472,65535,65535,65535,
11133,38583,-0.8,7439.56,65535,65535,65535,
11136,38751,-0.8,7410.5,65534,65534,65535,
11139,38917,-0.9,7379.91,65534,65534,65535,
11142,39073,-0.8,7350.33,65534,65534,65535,
11145,39247,-0.9,7319.95,65534,65534,65535,
11148,39409,-0.9,7290.22,65535,65535,65535,
11151,39579,-1,7260.23,65534,65534,65534,
11154,39746,-1,7231.23,65535,65535,65535,
11158,39910,-1,7203.21,65535,65535,65535,
11161,40090,-1.1,7170.69,65534,65535,65535,
11164,40253,-1.1,7141.28,65534,65534,65535,
11167,40414,-1.1,7112.33,65534,65535,65534,
11170,40586,-1.1,7083.81,65534,65534,65535,
11173,40751,-1.1,7053.48,65534,65534,65535,
11176,40912,-1.2,7025.16,65266,65535,65534,
11180,41096,-1.2,6993.29,65535,65535,65535,
11183,41269,-1.2,6964.65,65535,65535,65535,
11186,41428,-1.4,6936.95,65534,65534,65534,
11189,41598,-1.4,6908.32,65535,65535,65535,
11192,41761,-1.5,6879.6,65535,65535,65535,
11195,41927,-1.4,6851.16,65535,65535,65535,
11198,42094,-1.5,6823.14,65534,65535,65534,
11201,42269,-1.5,6795.21,65534,65534,65534,
11205,42425,-1.5,6767.03,65534,65535,65535,
11208,42585,-1.7,6740.79,65534,65535,65534,
11211,42772,-1.7,6709.77,65534,65535,65534,
11214,42946,-1.7,6681.19,65534,65534,65535,
11217,43120,-1.8,6653.88,65534,65535,65535,
11220,43283,-1.7,6623.16,65534,65534,65534,
11223,43442,-1.8,6596.52,65535,65535,65534,
11227,43615,-1.9,6569.95,65535,65535,65535,
11230,43774,-1.9,6543.96,65414,65534,65535,
11233,43925,-1.9,6517.06,61855,65535,65534,
11236,44104,-1.9,6488.12,65534,65535,65535,
11239,44254,-2,6464.15,65535,65535,65535,
11242,44416,-2,6437.82,65534,65534,65535,
11246,44590,-2,6409.46,65535,65535,65534,
11249,44744,-2,6384.73,65534,65534,65535,
11252,44906,-2,6358.15,65534,65534,65535,
11255,45063,-2,6334.37,65534,65535,65535,
11258,45221,-2,6308.42,65534,65535,65535,
11261,45381,-2.1,6283.81,65534,65534,65535,
11264,45536,-2.1,6257.21,65535,65535,65535,
11268,45698,-2.1,6231.95,65535,65535,65535,
11271,45862,-2.1,6206.13,65534,65535,65535,
11274,46034,-2.2,6180.86,60562,65535,65534,
11277,46185,-2.2,6155.97,65534,65534,65534,
11280,46347,-2.2,6129.27,65534,65535,65534,
11283,46502,-2.2,6104.22,65534,65535,65534,
11286,46664,-2.3,6080.48,65535,65535,65535,
11289,46828,-2.3,6054,65534,65534,65535,
11293,46994,-2.3,6031.02,65526,65535,65534,
11296,47148,-2.3,6005.62,65534,65534,65535,
11299,47299,-2.3,5981.37,65534,65534,65535,
11302,47450,-2.3,5960.41,65535,65535,65535,
11305,47604,-2.3,5935.36,65534,65534,65535,
11308,47767,-2.3,5909.15,65535,65534,65535,
11311,47923,-2.3,5886.84,59085,65534,65534,
11315,48083,-2.3,5863.06,65534,65534,65535,
11318,48259,-2.4,5837.36,65143,65535,65535,
11321,48411,-2.4,5813.71,65535,65535,65535,
11324,48564,-2.5,5789.51,65535,65535,65535,
11327,48742,-2.4,5762.07,65535,65535,65534,
11330,48897,-2.5,5738.16,65534,65535,65534,
11333,49077,-2.4,5712.37,65504,65534,65534,
11336,49251,-2.5,5686.65,65534,65535,65535,
11340,49412,-2.5,5661.75,65534,65534,65534,
11343,49574,-2.5,5637.95,65534,65534,65535,
11346,49742,-2.5,5613.63,65535,65535,65535,
11349,49905,-2.5,5589.96,65534,65535,65535,
11352,50067,-2.5,5563.85,65535,65535,65534,
11355,50253,-2.5,5537.52,63309,65535,65534,
11358,50439,-2.5,5510.09,65534,65535,65535,
11362,50623,-2.5,5483.92,65535,65535,65535,
11365,50797,-2.6,5460.29,65534,65534,65535,
11368,50959,-2.6,5434.4,65534,65535,65535,
11371,51123,-2.6,5410.61,65534,65535,65534,
11374,51292,-2.6,5386.31,65535,65535,65534,
11377,51468,-2.6,5361.78,65534,65535,65535,
11380,51637,-2.5,5336.02,65535,65535,65535,
11384,51807,-2.5,5311.92,65534,65534,65535,
11387,51956,-2.6,5289.01,65535,65535,65535,
11390,52132,-2.6,5264.6,65534,65534,65534,
11393,52314,-2.6,5239.54,65535,65535,65535,
11396,52493,-2.6,5214.13,65535,65535,65535,
11399,52666,-2.5,5189.77,65535,65535,65535,
11402,52851,-2.5,5163.79,65534,65535,65534,
11405,53034,-2.5,5137.17,65534,65535,65534,
11409,53213,-2.5,5112.32,65534,65535,65535,
11412,53390,-2.5,5088.23,65535,65535,65535,
11415,53563,-2.5,5063.51,65535,65534,65534,
11418,53752,-2.5,5038.16,65535,65535,65534,
11421,53912,-2.5,5014.54,65535,65535,65535,
11424,54095,-2.5,4989.46,65535,65535,65535,
11427,54272,-2.4,4965,65534,65534,65535,
11431,54463,-2.4,4938.67,65534,65534,65535,
11434,54638,-2.4,4914.48,65535,65535,65534,
11437,54817,-2.4,4890.5,65535,65535,65535,
11440,54999,-2.4,4865.75,65534,65535,65535,
11443,55198,-2.3,4837.26,65534,65535,65534,
11446,55389,-2.3,4812.51,65535,65535,65535,
11449,55585,-2.3,4786.48,65535,65535,65535,
11452,55752,-2.3,4763.9,65535,65535,65535,
11456,55949,-2.3,4736.93,65534,65535,65535,
11459,56139,-2.3,4711.38,65535,65535,65535,
11462,56328,-2.3,4685.1,65535,65535,65535,
11465,56514,-2.3,4660.49,65534,65534,65534,
11468,56694,-2.3,4637.95,65534,65535,65535,
11471,56890,-2.3,4610.01,65535,65535,65535,
11474,57076,-2.3,4585.07,65535,65535,65535,
11478,57269,-2.3,4561.12,65535,65535,65535,
11481,57454,-2.3,4535.78,65535,65535,65535,
11484,57662,-2.2,4510.12,65534,65535,65535,
11487,57852,-2.3,4484.39,65534,65534,65534,
11490,58043,-2.2,4458.74,65534,65534,65535,
11493,58236,-2.2,4433.15,65535,65535,65535,
11496,58440,-2.2,4408.68,65535,65535,65535,
11499,58625,-2.2,4383.88,65535,65534,65535,
11503,58820,-2.1,4358.5,65535,65535,65535,
11506,59000,-2.1,4333.83,65534,65534,65535,
11509,59206,-2.1,4309.61,65534,65535,65534,
11512,59389,-2.1,4284.82,65535,65535,65535,
11515,59590,-2.1,4258.42,65535,65535,65535,
11518,59801,-2,4232.61,65534,65534,65535,
11521,59987,-2,4207.51,65534,65535,65534,
11525,60194,-2,4181.46,65534,65534,65535,
11528,60365,-1.9,4160.03,65535,65534,65534,
11531,60564,-1.9,4134.36,65534,65534,65535,
11534,60755,-1.9,4108.64,65535,65535,65535,
11537,60954,-1.9,4085.87,65535,65535,65535,
11540,61166,-1.8,4060.28,65535,65535,65535,
11543,61354,-1.7,4036.25,65535,65535,65535,
11547,61550,-1.7,4011.29,65535,65535,65535,
11550,61745,-1.7,3986.27,65534,65534,65535,
11553,61945,-1.7,3962.8,65534,65534,65535,
11556,62135,-1.6,3938.9,65534,65535,65535,
11559,62328,-1.5,3915.3,65534,65535,65535,
11562,62519,-1.5,3890.77,65535,65535,65534,
11565,62725,-1.5,3865.58,65534,65534,65535,
11568,62934,-1.5,3842.28,65535,65535,65535,
11572,63132,-1.4,3816.11,65535,65535,65535,
11575,63329,-1.3,3791.12,65535,65535,65535,
11578,63523,-1.3,3767.76,65534,65535,65534,
11581,63742,-1.2,3743.25,65534,65535,65535,
11584,63938,-1.2,3717.71,65535,65535,65535,
11587,64134,-1.2,3693.57,65535,65535,65535,
11590,64345,-1.2,3669.13,65534,65534,65535,
11594,64555,-1.1,3643.07,65534,65535,65534,
11597,64775,-1,3616.85,65534,65535,65534,
11600,64978,-1,3594.03,65534,65535,65535,
11603,65179,-0.9,3568.54,65534,65534,65535,
11606,65391,-1,3544.53,65534,65534,65535,
11609,65590,-0.9,3520.94,65534,65535,65534,
11612,65789,-0.8,3497.41,65534,65535,65535,
11615,66007,-0.8,3471.46,65535,65535,65535,
11619,66212,-0.8,3448.4,65535,65535,65535,
11622,66410,-0.7,3423.64,65535,65535,65535,
11625,66614,-0.7,3400.34,65534,65534,65535,
11628,66814,-0.6,3376.75,65534,65535,65534,
11631,66999,-0.7,3355.32,65534,65535,65534,
11634,67230,-0.5,3328.7,65534,65535,65535,
11637,67433,-0.5,3305.41,65534,65534,65534,
11641,67642,-0.5,3280.43,65534,65534,65534,
11644,67849,-0.6,3255.98,65535,65534,65535,
11647,68055,-0.4,3232.86,65535,65535,65535,
11650,68265,-0.4,3209.91,65535,65535,65534,
11653,68469,-0.4,3186.09,65534,65535,65535,
11656,68679,-0.3,3162.22,65535,65535,65535,
11659,68891,-0.2,3137.73,65535,65535,65535,
11662,69094,-0.3,3115,65534,65535,65534,
11666,69283,-0.2,3092.21,65534,65535,65534,
11669,69484,0,3070.37,65534,65534,65535,
11672,69694,0,3046.56,65535,65535,65535,
11675,69902,0.2,3022.81,65535,65535,65535,
11678,70099,0.1,3001.35,65534,65535,65534,
11681,70302,0.2,2977.71,65535,65535,65535,
11684,70512,0.2,2954.9,65534,65535,65534,
11688,70713,0.2,2932.82,65535,65535,65535,
11691,70926,0.4,2908.9,65535,65535,65535,
11694,71126,0.3,2886.59,65534,65534,65535,
11697,71326,0.3,2864.77,65534,65535,65534,
11700,71536,0.5,2840.9,65535,65534,65535,
11703,71735,0.4,2818.97,65535,65535,65535,
11706,71940,0.5,2796.09,65534,65534,65535,
11710,72158,0.7,2773.6,65535,65535,65535,
11713,72345,0.7,2751.81,65534,65535,65534,
11716,72558,0.8,2729.42,65534,65534,65535,
11719,72755,0.9,2707.73,65534,65535,65534,
11722,72954,0.9,2686.2,65535,65535,65534,
11725,73160,1,2663.96,65535,65535,65535,
11728,73366,1.1,2642.09,65535,65535,65535,
11731,73559,1.3,2620.05,65535,65535,65535,
11735,73761,1.3,2599.04,65534,65534,65535,
11738,73957,1.3,2577.1,65534,65535,65535,
11741,74157,1.5,2555.74,65534,65535,65534,
11744,74370,1.4,2534.11,65534,65535,65534,
11747,74560,1.6,2513.6,65535,65535,65535,
11750,74768,1.5,2491.32,65534,65535,65534,
11753,74970,1.6,2469.52,65534,65535,65534,
11757,75161,1.5,2448.61,65535,65534,65535,
11760,75365,1.6,2427.74,65535,65535,65535,
11763,75571,1.6,2406.18,65535,65535,65535,
11766,75759,1.6,2385.83,65535,65535,65535,
11769,75973,1.7,2363.52,65534,65534,65535,
11772,76181,1.7,2340.63,65535,65535,65535,
11775,76390,1.8,2320.83,65535,65535,65535,
11778,76592,1.9,2298.14,65535,65535,65535,
11782,76791,1.9,2278.01,65535,65535,65535,
11785,76995,2,2255.53,65535,65535,65535,
11788,77194,2.1,2235.48,65535,65535,65535,
11791,77390,2,2216.1,65534,65535,65534,
11794,77590,2.1,2194.89,65534,65535,65535,
11797,77787,2.3,2174.04,65534,65535,65535,
11800,77987,2.3,2154.47,65535,65535,65535,
11804,78186,2.3,2133.39,65535,65535,65535,
11807,78398,2.4,2112.46,65535,65535,65535,
11810,78599,2.5,2090.66,65534,65534,65535,
11813,78813,2.6,2069.41,65534,65534,65535,
11816,79018,2.5,2048.31,65535,65535,65535,
11819,79223,2.6,2028.47,65535,65535,65535,
11822,79422,2.7,2008.27,65535,65535,65535,
11825,79627,2.8,1986.49,65535,65535,65535,
11829,79812,2.8,1967.39,65534,65534,65535,
11832,80030,3,1946.7,65534,65534,65535,
11835,80226,3,1926.87,65535,65534,65535,
11838,80428,3.1,1906.27,65535,65535,65534,
11841,80619,3.1,1886.11,65535,65535,65535,
11844,80817,3.2,1866.5,65535,65535,65535,
11847,81011,3.2,1847.52,65535,65535,65535,
11851,81215,3.4,1827.58,65534,65534,65535,
11854,81419,3.4,1807.09,65534,65534,65535,
11857,81605,3.5,1787.83,65534,65535,65535,
11860,81792,3.6,1769.69,65535,65535,65535,
11863,81998,3.6,1749.81,65535,65534,65535,
11866,82196,3.7,1729.77,65534,65534,65535,
11869,82386,3.8,1711.64,65534,65534,65535,
11872,82588,3.8,1691.58,65535,65535,65535,
11876,82786,4.1,1671.36,65534,65535,65534,
11879,82983,4,1652.65,65534,65534,65535,
11882,83185,4.2,1633.29,65534,65534,65535,
11885,83383,4.2,1613.68,65534,65534,65535,
11888,83587,4.2,1593.61,65535,65535,65535,
11891,83769,4.6,1574.37,65534,65535,65535,
11894,83942,4.6,1559.33,65535,65534,65535,
11898,84116,4.8,1541.89,65535,65535,65535,
11901,84288,4.9,1526.13,65534,65535,65535,
11904,84455,5,1509.13,65535,65535,65535,
11907,84627,5.1,1493.13,65535,65534,65535,
11910,84845,5.4,1471.38,65534,65534,65535,
11913,85055,5.3,1453.14,65535,65535,65535,
11916,85262,5.4,1431.67,65535,65535,65535,
11920,85476,5.4,1411.49,65534,65535,65535,
11923,85660,5.5,1394.5,65535,65535,65534,
11926,85843,5.6,1376.48,65535,65535,65535,
11929,86030,5.7,1356.7,65535,65535,65534,
11932,86285,5.8,1334.11,65534,65534,65535,
11935,86506,5.9,1313.46,65535,65535,65535,
11938,86728,5.9,1292.76,65535,65535,65535,
11941,86951,6.1,1270.59,65535,65535,65535,
11945,87173,6,1250.73,65535,65535,65535,
11948,87387,5.9,1230.25,65535,65535,65535,
11951,87588,6.1,1211.87,65535,65535,65535,
11954,87746,6.2,1196.52,65535,65535,65535,
11957,87932,6.3,1179.05,65534,65535,65535,
11960,88114,6.4,1161.88,65535,65535,65534,
11963,88303,6.5,1145.02,65535,65535,65535,
11967,88524,6.4,1124.75,65535,65535,65535,
11970,88746,6.5,1104.43,65534,65535,65535,
11973,88959,6.6,1084.06,65535,65535,65535,
11976,89201,6.6,1062.07,65535,65535,65535,
11979,89458,6.8,1037.18,65535,65535,65535,
11982,89728,6.7,1013.35,65534,65535,65534,
11985,90022,6.8,986.02,65535,65534,65534,
11988,90326,6.8,957.75,65535,65535,65534,
11992,90634,7.1,929.55,65535,65534,65535,
11995,90922,7.1,903.44,65534,65535,65534,
11998,91218,7.4,876.57,65535,65535,65535,
12001,91534,7.3,849.14,65535,65534,65535,
12004,91832,7.6,822.06,65535,65535,65535,
12007,92135,7.6,793.97,65535,65535,65535,
12010,92423,7.6,768.02,65534,65535,65534,
12014,92719,7.8,742.13,65534,65535,65534,
12017,93020,7.7,716.22,65535,65535,65535,
12020,93301,7.8,689.49,65534,65535,65535,
12023,93595,8.1,665.04,65535,65535,65535,
12026,93858,8,640.92,65534,65535,65534,
12029,94112,8.2,618.71,65534,65535,65534,
12032,94196,8.3,611.11,43901,45445,35380,
12035,94186,8.3,611.38,45256,45560,36522,
12039,94195,8.4,611.11,43373,44096,35479,
12042,94192,8.5,611.46,45801,45816,36917,
12045,94187,8.6,611.91,47562,47444,37857,
12048,94188,8.6,611.02,46061,46112,36882,
12051,94192,8.6,611.29,47057,46969,37589,
12054,94199,8.7,611.64,46841,46732,37478,
12057,94193,8.8,611.29,46353,46163,37119,
12061,94196,8.9,612.26,40919,40552,33290,
12064,94196,8.9,611.55,36572,37835,31052,
12067,94189,9,611.91,43756,44621,35693,
12070,94192,9.1,611.29,47424,47136,37685,
12073,94192,9.2,611.73,48334,47859,38275,
12076,94192,9.2,611.2,47568,47148,37781,
12079,94189,9.4,611.82,43990,44376,35867,
12082,94190,9.5,610.85,36115,37531,30607,
12086,94195,9.5,611.64,41827,42131,33944,
12089,94191,9.4,611.73,44064,44107,35663,
12092,94196,9.5,611.46,48793,48313,38584,
12095,94193,9.5,611.2,48840,48125,38560,
12098,94185,9.5,611.55,48081,47448,37985,
12101,94189,9.6,612.08,45744,45102,36432,
12104,94188,9.7,611.64,46169,45620,36927,
12108,94193,9.7,611.29,48342,47541,38168,
12111,94192,9.8,610.94,48443,47614,38180,
12114,94194,9.9,611.29,46988,46471,37273,
12117,94194,10,611.38,47114,46566,37415,
12120,94193,10.1,611.11,48255,47541,38151,
12123,94190,10.2,611.91,49940,48780,39117,
12126,94195,10.3,611.64,50406,49098,39263,
12130,94180,10.5,611.38,52453,50805,40622,
12133,94191,10.7,610.85,53235,51506,41086,
12136,94195,10.8,611.38,52120,50620,40534,
12139,94198,10.9,610.76,50698,49377,39477,
12142,94204,10.9,610.85,50033,48925,39112,
12145,94196,11.2,610.85,53383,51434,41183,
12148,94200,11.3,610.76,53747,51862,41360,
12151,94202,11.4,611.2,53365,51562,41186,
12155,94197,11.9,610.85,52482,50826,40573,
12158,94204,11.9,610.85,52508,50858,40616,
12161,94189,12,610.76,53192,51379,41004,
12164,94196,12,611.02,53732,51920,41428,
12167,94192,12,610.94,54159,52205,41667,
12170,94197,12,611.29,53550,51675,41217,
12173,94201,12.1,610.85,54033,52088,41502,
12177,94198,12,611.02,53718,51862,41423,
12180,94197,12.1,610.67,51012,49558,39645,
12183,94202,12.2,611.11,52513,50784,40578,
12186,94200,12.4,610.49,51128,49647,39666,
12189,94204,12.4,611.02,50814,49332,39497,
12192,94194,12.5,611.11,51500,49811,39809,
12195,94197,12.5,610.58,52177,50444,40370,
12198,94195,12.6,611.64,52027,50211,40241,
12202,94201,12.7,610.94,51806,50155,40029,
12205,94196,12.9,610.67,51830,50166,40133,
12208,94197,13,611.02,51932,50268,40197,
12211,94196,12.9,610.67,51382,49799,39925,
12214,94191,12.9,611.38,51601,49910,39973,
12217,94200,13,611.55,50438,48984,39176,
12220,94193,13,611.29,53890,51915,41484,
12224,94194,13,611.2,54902,52728,42034,
12227,94202,13.1,610.58,56907,54353,43347,
12230,94206,13.2,610.23,57098,54420,43398,
12233,94203,13.4,610.49,54723,52623,41991,
12236,94205,13.5,610.23,54366,52317,41742,
12239,94205,13.6,610.49,52518,50742,40560,
12242,94201,13.6,610.76,54296,52137,41609,
12245,94203,13.7,610.76,56984,54498,43363,
12249,94199,13.7,610.67,58074,55296,43992,
12252,94201,13.7,610.67,58162,55465,44063,
12255,94207,13.7,610.05,57550,55004,43768,
12258,94205,13.8,610.32,59358,56364,44827,
12261,94204,13.8,610.4,60908,57627,45863,
12264,94203,13.9,610.49,61078,57801,45959,
12267,94201,13.9,610.67,60871,57663,45817,
12271,94206,14,610.67,60943,57741,45885,
12274,94199,14,610.32,61008,57786,45952,
12277,94203,14.1,610.4,60600,57466,45681,
12280,94209,14.1,610.49,58469,55799,44411,
12283,94200,14.2,609.88,60575,57399,45644,
12286,94204,14.2,610.67,60777,57590,45786,
12289,94197,14.3,610.85,60745,57602,45811,
12293,94199,14.4,610.76,60855,57668,45867,
12296,94209,14.4,610.58,61082,57871,46018,
12299,94202,14.5,610.67,61025,57829,46018,
12302,94203,14.5,610.58,61080,57840,46014,
12305,94193,14.5,610.58,61069,57831,46022,
12308,94193,14.6,611.02,60911,57737,45944,
12311,94197,14.6,610.85,60878,57654,45902,
12314,94198,14.6,611.02,60702,57547,45833,
12318,94199,14.7,610.85,59686,56702,45155,
12321,94196,14.7,610.14,59145,56245,44843,
12324,94199,14.7,610.94,58486,55693,44437,
12327,94203,14.7,610.49,58261,55553,44354,
12330,94197,14.8,611.02,58671,55911,44602,
12333,94201,14.8,610.76,58814,56025,44668,
12336,94197,14.9,611.11,58235,55549,44322,
12340,94195,14.9,611.02,58617,55818,44544,
12343,94198,15,610.49,57762,55154,44008,
12346,94197,15.1,611.02,57026,54656,43624,
12349,94203,15.2,610.85,57152,54673,43688,
12352,94203,15.3,610.85,58303,55665,44414,
12355,94201,15.5,610.4,59028,56137,44790,
12358,94201,15.6,610.85,59529,56569,45160,
12361,94201,15.7,610.49,59525,56614,45148,
12365,94198,15.7,610.85,59508,56607,45152,
12368,94201,15.8,609.96,60098,57074,45526,
12371,94203,15.9,611.02,58746,55982,44729,
12374,94203,15.9,609.79,60243,57216,45579,
12377,94203,16,610.32,60124,57128,45548,
12380,94206,16.1,610.05,58616,55911,44637,
12383,94205,16.2,609.61,59258,56433,44926,
12387,94201,16.3,610.85,55834,53452,42786,
12390,94209,16.3,610.4,58914,56067,44758,
12393,94200,16.4,610.76,58605,55767,44506,
12396,94198,16.5,610.76,58038,55392,44160,
12399,94199,16.5,610.23,58417,55790,44410,
12402,94203,16.5,610.05,54365,52416,41945,
12405,94208,16.6,610.32,44164,44454,36257,
12408,94208,16.6,610.49,40290,40962,33217,
12412,94199,16.7,610.94,34244,36155,29917,
12415,94201,16.7,610.4,35436,36460,30454,
12418,94202,16.7,610.32,50157,49742,39596,
12421,94196,16.8,610.94,57275,54610,43579,
12424,94194,16.9,610.49,57079,54525,43471,
12427,94203,16.9,610.67,57993,55235,44078,
12430,94199,17,610.94,56867,54228,43364,
12434,94201,17.1,611.11,57423,54603,43654,
12437,94205,17.2,610.67,58062,55104,43981,
12440,94200,17.2,610.76,59601,56361,45042,
12443,94200,17.2,611.11,60052,56808,45294,
12446,94202,17.4,610.58,60077,56855,45359,
12449,94199,17.4,611.46,58495,55624,44235,
12452,94200,17.5,610.76,56277,53280,42722,
12456,94190,17.6,610.85,47945,46723,37794,
12459,94193,17.6,611.46,57201,54795,43567,
12462,94192,17.7,610.85,60162,56912,45273,
12465,94193,17.8,611.46,59646,56615,44903,
12468,94200,17.8,611.2,53678,51133,41049,
12471,94195,17.8,611.38,40561,41247,33607,
12474,94196,17.8,611.73,37504,38321,31277,
12477,94196,17.8,610.85,43599,43268,34683,
12481,94196,17.8,610.76,49452,47680,38431,
12484,94198,17.9,610.14,48417,46408,37360,
12487,94194,17.9,611.55,43012,42476,34062,
12490,94200,18,611.02,41645,41634,33281,
12493,94198,18,611.02,37504,38142,30819,
12496,94193,18.1,611.2,44376,43674,34990,
12499,94195,18.2,610.85,39274,39091,31748,
12503,94198,18.3,611.29,40129,39791,31982,
12506,94199,18.3,610.67,50084,47975,38788,
12509,94192,18.3,611.11,55523,52765,42003,
12512,94195,18.4,611.02,57061,53852,42810,
12515,94201,18.4,610.4,57668,54293,43345,
12518,94195,18.5,611.38,59516,55913,44470,
12521,94194,18.5,611.2,56877,53819,42786,
12524,94189,18.6,611.64,55606,52848,42143,
12528,94195,18.8,611.46,53748,51031,40456,
12531,94202,18.8,610.94,48833,47225,37564,
12534,94194,18.9,611.2,48413,46865,37476,
12537,94201,19,610.76,47561,46134,36984,
12540,94198,19.1,611.02,46761,45514,36436,
12543,94201,19.2,611.11,46653,45373,36424,
12546,94196,19.3,611.46,47085,45604,36687,
12550,94196,19.3,611.46,47087,45695,36700,
12553,94193,19.4,610.85,46546,45303,36341,
12556,94197,19.5,610.85,47312,45764,36811,
12559,94195,19.5,610.85,47813,46269,37020,
12562,94192,19.6,611.11,48808,47064,37568,
12565,94191,19.7,611.2,46216,44601,35923,
12568,94191,19.7,611.11,45201,43945,35305,
12571,94193,19.8,611.11,47471,45708,36801,
12575,94198,19.9,611.46,48186,46491,37220,
12578,94195,19.9,611.46,50426,48083,38497,
12581,94199,20,611.11,50064,47858,38407,
12584,94191,20.1,611.91,51580,49037,39165,
12587,94190,20.3,611.11,53755,50763,40601,
12590,94192,20.3,611.38,53990,51042,40758,
12593,94195,20.3,611.38,57238,53559,42642,
12597,94194,20.5,611.02,58996,55081,43894,
12600,94195,20.5,611.02,58981,55066,43952,
12603,94197,20.6,611.64,58453,54765,43595,
12606,94196,20.6,610.76,58763,55044,43791,
12609,94193,20.6,610.23,58879,55020,43809,
12612,94201,20.6,611.38,58689,54840,43671,
12615,94196,20.7,611.2,58535,54667,43523,
12618,94198,20.8,611.2,57569,53926,42948,
12622,94188,20.8,611.73,56847,53238,42545,
12625,94196,20.8,611.38,59159,55129,43866,
12628,94189,20.9,611.64,59349,55382,44043,
12631,94199,21,611.02,58355,54491,43358,
12634,94192,21.1,611.29,57801,53928,42857,
12637,94189,21.1,611.29,59410,55313,44015,
12640,94193,21.1,611.38,59332,55233,43912,
12644,94188,21.2,611.55,59021,54994,43742,
12647,94186,21.2,611.82,56021,52254,41708,
12650,94196,21.2,611.64,55450,51973,41273,
12653,94190,21.3,611.02,57001,53401,42478,
12656,94192,21.3,611.73,55175,51273,41104,
12659,94193,21.4,611.73,36381,37056,30431,
12662,94194,21.4,610.85,27901,29651,24401,
12666,94196,21.4,611.46,30140,31543,25885,
12669,94198,21.4,610.67,27722,29413,24361,
12672,94197,21.5,611.64,33873,35027,28343,
12675,94196,21.5,611.46,39327,38739,31258,
12678,94195,21.6,611.29,47941,45686,37010,
12681,94193,21.6,611.11,56127,52820,41992,
12684,94196,21.7,611.11,54004,50787,40544,
12687,94189,21.7,611.46,53841,50790,40474,
12691,94193,21.8,610.94,49613,47567,38411,
12694,94201,21.8,611.38,46409,44282,35984,
12697,94195,21.9,611.55,56279,52990,42100,
12700,94190,21.9,610.85,51074,49003,39611,
12703,94191,21.9,611.38,41060,40066,32695,
12706,94190,21.9,611.2,50152,47994,38311,
12709,94187,22,611.55,54199,50823,40673,
12713,94192,22.1,611.02,56242,52569,41974,
12716,94196,22.1,611.46,56613,52829,42050,
12719,94192,22.2,611.46,55629,52115,41487,
12722,94193,22.2,610.94,53649,50422,40282,
12725,94191,22.3,611.38,56025,52365,41747,
12728,94191,22.3,611.11,56452,52744,42015,
12731,94189,22.4,611.38,54357,51323,40933,
12734,94196,22.4,611.02,52345,49502,39419,
12738,94189,22.5,611.11,51675,48585,38976,
12741,94188,22.6,611.29,44534,42858,34396,
12744,94185,22.7,611.82,51264,48398,38900,
12747,94195,22.7,611.46,52849,49834,39766,
12750,94187,22.8,611.02,53672,50480,40271,
12753,94190,22.8,610.94,52338,49189,39363,
12756,94186,22.8,611.29,53026,49783,39671,
12760,94190,22.9,611.73,54935,51357,40968,
12763,94189,22.9,611.55,52275,49084,39254,
12766,94192,23,611.91,52461,49325,39363,
12769,94189,23.1,611.64,51944,48898,39035,
12772,94190,23.1,611.11,52432,49196,39329,
12775,94190,23.2,611.11,47321,45420,36468,
12779,94193,23.2,611.11,39233,38753,31145,
12782,94191,23.3,611.82,43934,42989,34349,
12785,94187,23.3,611.64,48278,45952,36746,
12788,94187,23.3,611.38,51474,48466,38831,
12791,94193,23.4,611.64,52102,48914,39114,
12794,94187,23.4,611.64,51774,48727,38986,
12797,94191,23.5,611.82,51319,48569,38782,
12801,94191,23.5,611.73,53202,49827,39781,
12804,94187,23.6,611.73,51870,48875,38946,
12807,94189,23.6,611.38,51905,48902,39072,
12810,94191,23.6,611.73,52578,49302,39414,
12813,94196,23.6,611.38,53073,49687,39691,
12816,94191,23.7,611.73,52304,49162,39384,
12819,94190,23.8,611.46,51727,48598,38927,
12822,94193,23.8,611.91,52726,49397,39492,
12826,94190,23.8,611.46,52290,49006,39217,
12829,94186,23.9,612.08,52759,49392,39505,
12832,94189,23.9,611.82,53205,49704,39749,
12835,94192,24,611.73,52726,49347,39477,
12838,94187,24,612.08,52726,49414,39480,
12841,94187,24,611.46,52836,49537,39640,
12844,94187,24,611.91,50766,47819,38241,
12848,94190,24.1,611.73,51736,48706,38959,
12851,94192,24.1,611.82,53086,49607,39649,
12854,94184,24.1,611.64,51741,48553,38847,
12857,94185,24.1,612.08,52475,49045,39269,
12860,94185,24.2,612.08,53798,50123,40117,
12863,94188,24.2,611.82,53834,50163,40087,
12866,94189,24.2,611.91,53838,50201,40091,
12869,94190,24.3,611.91,53679,50099,39994,
12873,94188,24.4,611.91,53291,49778,39806,
12876,94190,24.5,611.55,52294,49003,39240,
12879,94188,24.6,611.46,52983,49601,39618,
12882,94190,24.6,612.44,53077,49207,39297,
12885,94187,24.8,611.91,52324,48583,38869,
12888,94189,24.8,612.35,52960,49215,39280,
12891,94182,24.8,612,53775,49853,39849,
12895,94186,24.9,611.55,53608,49620,39604,
12898,94188,24.9,611.64,53016,49162,39250,
12901,94189,25,611.55,52877,49016,39133,
12904,94191,25.1,611.55,50985,47253,37858,
12907,94190,25.1,611.82,46054,43529,34919,
12910,94193,25.1,611.55,46289,43637,35003,
12913,94186,25.2,611.46,44678,42221,33944,
12916,94188,25.2,611.11,43845,41585,33389,
12920,94190,25.2,611.82,43081,40935,32975,
12923,94187,25.3,612,44133,41823,33579,
12926,94184,25.4,612,45056,42539,34145,
12929,94181,25.5,611.73,43591,41203,33162,
12932,94185,25.5,612.08,42266,40301,32422,
12935,94188,25.5,611.38,43527,41308,33174,
12938,94185,25.5,611.73,41382,39567,31864,
12942,94189,25.5,611.64,41952,40026,32238,
12945,94187,25.5,612.17,45038,42752,34200,
12948,94180,25.5,612,46481,43744,35025,
12951,94185,25.6,611.82,45854,43257,34601,
12954,94181,25.7,612,43708,41386,33236,
12957,94188,25.7,612.26,40699,39321,31783,
12960,94184,25.7,611.82,32525,32414,26416,
12963,94181,25.7,611.82,42843,40483,32185,
12967,94187,25.7,611.91,51143,47544,38051,
12970,94187,25.8,611.64,51402,47826,38150,
12973,94186,25.9,611.91,44768,42797,34393,
12976,94178,25.9,612.17,33965,34102,27167,
12979,94186,25.9,611.55,24178,25430,21219,
12982,94188,25.9,612.08,22797,24619,20476,
12985,94185,25.9,612,22239,24126,20108,
12989,94186,25.9,611.73,22645,24447,20331,
12992,94185,26,611.38,23360,25017,20781,
12995,94183,26,612.26,24486,26008,21503,
12998,94182,26.1,612,26879,27776,22745,
13001,94178,26,611.91,34474,33889,27881,
13004,94185,26,612.44,44024,41711,33162,
13007,94186,26.1,612,46400,44080,34850,
13011,94191,26.1,612.08,39927,38361,30918,
13014,94185,26.1,612.35,39736,38363,30803,
13017,94180,26.1,611.55,41519,39796,32036,
13020,94186,26.1,612.26,39700,38307,30795,
13023,94185,26.1,611.55,41301,39754,31911,
13026,94188,26.1,612,33738,33001,26952,
13029,94188,26.2,611.55,28706,29354,24071,
13032,94187,26.2,612,32335,32131,26452,
13036,94183,26.2,611.91,38693,38034,30361,
13039,94187,26.3,611.55,40026,38938,31453,
13042,94187,26.3,611.91,32391,32417,26170,
13045,94187,26.3,611.82,31830,31737,25748,
13048,94187,26.3,612.17,35988,35026,28539,
13051,94186,26.3,611.91,41245,39690,31724,
13055,94185,26.4,611.82,44150,41692,33535,
13058,94193,26.4,611.2,42714,40835,32344,
13061,94185,26.5,611.64,31292,30496,25165,
13064,94186,26.5,612.35,22570,24177,20173,
13067,94188,26.5,611.55,21786,23451,19530,
13070,94195,26.6,611.2,21618,23214,19364,
13073,94190,26.6,611.2,21377,23042,19235,
13077,94187,26.6,611.11,21478,23097,19300,
13080,94187,26.6,611.38,21012,22703,18992,
13083,94194,26.6,611.55,20597,22333,18678,
13086,94194,26.6,611.82,20475,22188,18578,
13089,94197,26.7,611.82,20401,22133,18527,
13092,94191,26.7,611.2,20352,22080,18480,
13095,94190,26.7,611.82,20314,22037,18445,
13099,94190,26.7,611.64,20355,22081,18461,
13102,94189,26.7,611.11,20378,22095,18463,
13105,94189,26.8,611.64,20489,22154,18512,
13108,94193,26.8,611.46,20616,22281,18592,
13111,94190,26.9,611.2,20832,22487,18719,
13114,94185,26.9,611.46,21066,22701,18880,
13117,94185,26.9,611.91,21334,22967,19079,
13120,94193,26.9,611.55,21596,23231,19266,
13124,94192,26.9,611.64,21973,23543,19530,
13127,94190,26.9,611.29,23100,24637,20279,
13130,94193,26.9,611.64,24368,25574,21012,
13133,94185,26.9,611.73,27161,27815,22814,
13136,94191,27,611.82,27453,28316,22991,
13139,94189,27,611.64,36354,35204,28028,
13142,94188,27,611.38,46226,43143,34661,
13146,94193,27,611.29,50806,47250,37369,
13149,94186,27.1,611.64,44735,42273,33488,
13152,94189,27.1,612.08,48229,45366,35801,
13155,94193,27.1,611.91,49766,46352,36747,
13158,94191,27.2,611.64,48060,44721,35697,
13161,94190,27.2,612.08,51353,47574,37605,
13164,94191,27.3,612.17,52451,48330,38244,
13167,94182,27.3,612.26,51299,47407,37505,
13171,94190,27.3,611.64,51701,47699,37580,
13174,94186,27.4,611.73,52580,48500,38393,
13177,94188,27.4,611.64,51933,48037,37925,
13180,94190,27.5,611.73,52626,48516,38295,
13183,94181,27.5,612.17,51797,47891,37862,
13186,94191,27.5,611.91,51073,47345,37562,
13189,94184,27.5,611.64,49527,45998,36526,
13193,94187,27.6,612,49405,45606,36245,
13196,94189,27.6,611.82,47244,44059,34995,
13199,94193,27.6,611.46,47414,44195,35066,
13202,94192,27.7,612,46489,43351,34463,
13205,94187,27.7,612.26,44749,42022,33506,
13208,94188,27.7,611.46,43627,40913,32658,
13211,94191,27.7,611.55,44028,41272,32884,
13214,94187,27.8,611.82,45214,42224,33667,
13218,94190,27.8,611.82,44639,41539,33167,
13221,94190,27.8,611.11,43321,40640,32464,
13224,94189,27.9,611.38,43552,40869,32584,
13227,94189,27.9,612.17,43868,41151,32792,
13230,94187,27.9,611.64,43047,40413,32182,
13233,94184,27.9,612.26,42535,39988,31950,
13236,94191,27.9,611.55,45471,41985,33452,
13240,94186,27.9,611.38,42674,40044,31860,
13243,94185,27.9,611.73,40960,38475,30856,
13246,94189,27.9,611.82,41436,38664,31019,
13249,94187,28,611.64,41001,38328,30756,
13252,94187,28,611.73,42553,39662,31781,
13255,94183,28,611.64,40437,37875,30432,
13258,94181,28,612.08,41723,39072,31259,
13261,94187,28.1,611.64,39614,40265,32162,
13265,94186,28.1,611.73,37006,35594,28610,
13268,94187,28.1,612,39093,37480,29946,
13271,94189,28.1,611.64,41145,38902,31127,
13274,94191,28.1,611.91,38456,36520,29313,
13277,94189,28.1,611.73,36098,34792,27997,
13280,94194,28.1,611.91,37637,35883,28937,
13283,94189,28.2,611.55,37357,35527,28540,
13287,94188,28.2,612.17,35302,34037,27321,
13290,94193,28.2,612,38216,36376,29232,
13293,94188,28.2,612.26,39782,37814,30205,
13296,94186,28.2,612.26,38667,36889,29347,
13299,94188,28.2,611.55,35831,34402,27586,
13302,94190,28.3,611.46,34467,33345,26782,
13305,94193,28.3,611.82,33620,32756,26085,
13308,94190,28.3,611.91,27757,27359,22315,
13312,94187,28.3,612.08,27541,27331,22030,
13315,94189,28.3,612.08,32708,31826,25637,
13318,94184,28.3,611.55,32367,31622,25471,
13321,94187,28.3,612,32104,31417,25191,
13324,94186,28.3,611.82,30530,30068,24194,
13327,94186,28.3,612.17,32906,31981,25601,
13330,94187,28.4,611.64,33159,32276,25862,
13334,94190,28.4,611.73,33138,32315,25884,
13337,94189,28.4,611.91,35551,34147,27217,
13340,94192,28.4,611.91,36202,34776,27737,
13343,94191,28.4,611.55,36054,34621,27676,
13346,94190,28.4,611.38,34452,33333,26564,
13349,94192,28.4,611.38,35855,34572,27557,
13352,94191,28.5,611.46,38558,36584,29072,
13355,94196,28.5,611.82,39596,37474,29870,
13359,94187,28.5,611.82,40108,37931,30138,
13362,94187,28.5,612,38535,36690,29107,
13365,94190,28.5,612,35374,33886,27136,
13368,94188,28.5,611.73,33563,32647,26086,
13371,94180,28.5,611.91,35171,33669,27068,
13374,94183,28.5,611.91,37960,36069,28645,
13377,94185,28.5,612,35083,33822,27012,
13381,94179,28.6,612.17,33705,32578,26011,
13384,94189,28.6,612.08,33722,32647,26068,
13387,94190,28.6,611.82,32763,31841,25449,
13390,94188,28.6,611.82,35415,34224,27164,
13393,94186,28.6,611.64,37898,35999,28536,
13396,94186,28.6,611.91,40337,37985,30211,
13399,94188,28.7,612,42001,39326,31168,
13402,94185,28.7,611.82,40025,37902,30107,
13406,94184,28.7,612.17,37636,35795,28446,
13409,94185,28.7,612.26,34435,33333,26586,
13412,94187,28.7,612,33203,32306,25694,
13415,94186,28.8,611.91,33110,32209,25672,
13418,94189,28.8,611.55,33462,32428,25830,
13421,94185,28.8,611.82,34701,33489,26678,
13424,94189,28.8,611.11,37676,36203,28638,
13428,94190,28.8,611.73,40208,38100,30233,
13431,94193,28.8,611.91,42693,40311,31812,
13434,94192,28.8,611.29,43973,41189,32502,
13437,94189,28.9,612.08,42430,39961,31569,
13440,94183,28.9,611.73,42548,40048,31668,
13443,94186,28.9,611.55,40988,38853,30768,
13446,94189,28.9,612,41458,39200,30986,
13449,94188,29,611.38,42271,39744,31359,
13453,94181,29,611.91,45725,42540,33681,
13456,94192,29,611.64,46255,42998,33923,
13459,94192,29,611.46,44012,41225,32545,
13462,94190,29.1,611.46,44740,41792,32961,
13465,94186,29.1,611.38,44438,41659,32829,
13468,94188,29.1,612.08,46360,43063,34016,
13471,94187,29.1,611.82,47535,44115,34702,
13475,94190,29.1,611.73,47166,43841,34502,
13478,94189,29.1,612.44,46844,43730,34257,
13481,94182,29.2,611.55,37490,34990,28152,
13484,94193,29.2,611.11,25046,25830,20931,
13487,94187,29.2,611.82,24476,25200,20415,
13490,94187,29.2,611.55,23753,24677,20021,
13493,94189,29.2,611.64,25368,25819,20932,
13496,94190,29.3,612.08,26680,26969,21641,
13500,94187,29.3,611.64,28209,28166,22420,
13503,94188,29.3,611.73,33515,32367,25982,
13506,94183,29.3,612.35,36614,35176,27808,
13509,94191,29.3,611.55,37231,35620,28121,
13512,94189,29.3,612.08,35714,34103,27112,
13515,94188,29.3,611.46,32511,31794,25305,
13518,94185,29.3,612.17,29404,29552,23068,
13522,94193,29.4,611.64,20917,22053,17929,
13525,94189,29.4,611.73,23059,23826,19152,
13528,94189,29.4,612,27588,27692,22296,
13531,94189,29.4,612,26797,26835,21576,
13534,94192,29.4,612,19735,21310,17109,
13537,94191,29.4,612.08,19069,20621,16775,
13540,94188,29.4,611.73,19456,20927,17015,
13543,94187,29.4,612.17,19155,20671,16818,
13547,94187,29.4,612.17,18964,20480,16696,
13550,94185,29.4,612.26,19584,20926,17000,
13553,94186,29.5,611.91,28666,28009,23153,
13556,94185,29.5,612.08,43383,40601,31719,
13559,94187,29.5,611.91,40948,38970,30198,
13562,94183,29.5,612.44,34746,33293,26469,
13565,94184,29.5,612.88,29161,29011,23171,
13569,94186,29.5,611.64,25974,26345,20988,
13572,94181,29.5,612.35,32837,32669,25602,
13575,94182,29.5,612.26,39208,37203,29346,
13578,94181,29.5,612.08,42138,39853,31220,
13581,94183,29.5,612.35,41586,39286,30992,
13584,94186,29.5,611.91,37438,35876,28157,
13587,94184,29.5,612.44,37646,35992,28379,
13590,94185,29.6,611.91,34559,33703,26822,
13594,94187,29.6,612.35,20537,21946,17426,
13597,94187,29.6,612.17,20988,22236,17978,
13600,94184,29.6,612.17,20780,21968,17657,
13603,94191,29.6,612,17578,19105,15685,
13606,94189,29.6,611.73,17286,18921,15535,
13609,94187,29.7,612.26,17255,18888,15509,
13612,94193,29.7,611.82,17204,18835,15495,
13616,94189,29.7,611.91,16700,18427,15183,
13619,94182,29.7,612.08,16546,18258,15053,
13622,94188,29.7,612,16435,18155,14972,
13625,94185,29.7,612.17,16373,18092,14922,
13628,94182,29.7,612,16350,18065,14910,
13631,94186,29.7,612.44,16403,18126,14961,
13634,94181,29.7,612.08,16455,18167,15004,
13637,94180,29.7,612,16551,18276,15072,
13641,94184,29.8,612.44,16710,18418,15186,
13644,94184,29.8,612.53,16970,18689,15363,
13647,94181,29.8,612.79,18610,19940,16247,
13650,94182,29.8,612.08,23165,23800,19331,
13653,94181,29.8,612.88,29144,29586,23306,
13656,94183,29.8,612.08,39964,37470,29366,
13659,94184,29.9,611.64,43446,40600,31936,
13663,94183,29.9,611.64,44180,41138,32350,
13666,94179,29.9,612,43403,40538,31850,
13669,94179,29.9,612.08,42646,39831,31373,
13672,94182,29.9,612.08,41858,39217,30879,
13675,94173,29.9,612.61,41917,39328,30915,
13678,94182,30,612.26,39774,37374,29551,
13681,94184,30,612,38832,36840,29092,
13684,94190,30,612,36965,35179,27857,
13688,94186,30,611.91,34584,33287,26409,
13691,94185,30,611.91,36516,34986,27606,
13694,94188,30,611.91,34551,33175,26379,
13697,94186,30,612,33754,32425,25703,
13700,94187,30.1,612.17,38675,36539,29047,
13703,94183,30.1,612.44,39910,37590,29714,
13706,94183,30.1,611.55,37958,36133,28454,
13710,94189,30.1,611.46,37825,36125,28521,
13713,94186,30.1,611.82,37672,35912,28476,
13716,94187,30.1,611.91,36455,34866,27580,
13719,94183,30.1,611.91,34157,32816,26156,
13722,94188,30.2,611.73,31038,30352,24245,
13725,94192,30.2,612.17,31138,30573,24255,
13728,94189,30.2,612.08,29732,29162,23341,
13731,94195,30.2,611.91,30920,30230,24239,
13735,94191,30.2,611.64,34870,33988,26834,
13738,94188,30.2,611.55,37939,36237,28727,
13741,94195,30.2,611.55,37044,35240,28088,
13744,94191,30.2,611.82,40991,38806,30548,
13747,94191,30.2,611.82,42310,39672,31203,
13750,94187,30.2,612,40375,38106,30116,
13753,94190,30.3,611.46,40792,38429,30343,
13757,94188,30.3,611.38,40883,38460,30412,
13760,94187,30.3,611.82,39751,37519,29664,
13763,94188,30.3,611.55,40250,37934,29986,
13766,94195,30.3,611.91,41503,39006,30807,
13769,94195,30.3,611.46,43198,40317,31810,
13772,94187,30.3,611.55,43413,40575,31990,
13775,94195,30.3,611.82,42732,39994,31568,
13778,94193,30.4,611.73,43359,40504,31932,
13782,94191,30.4,611.91,44310,41285,32567,
13785,94187,30.4,611.82,44731,41667,32831,
13788,94189,30.4,611.91,45045,41944,33085,
13791,94187,30.4,612.08,44249,41389,32575,
13794,94188,30.4,611.91,46049,42754,33696,
13797,94189,30.4,611.73,45922,42553,33652,
13800,94186,30.5,611.55,46627,43147,34010,
13804,94185,30.5,611.73,46126,42826,33763,
13807,94190,30.5,611.64,45657,42535,33435,
13810,94191,30.5,611.46,44759,41723,32875,
13813,94185,30.5,612.08,43636,40804,32161,
13816,94188,30.5,612.08,44946,42045,33076,
13819,94185,30.5,612.17,47598,44031,34646,
13822,94185,30.6,611.91,47470,43901,34590,
13825,94193,30.6,611.73,47379,43798,34517,
13829,94195,30.6,611.82,47556,44052,34664,
13832,94188,30.6,611.73,46493,43048,33982,
13835,94190,30.6,611.91,45462,42254,33327,
13838,94186,30.6,611.2,45549,42408,33426,
13841,94191,30.6,612,44018,41065,32464,
13844,94184,30.6,612.08,43617,40758,32209,
13847,94190,30.7,612.35,43441,40692,32095,
13851,94185,30.7,612.17,42945,40221,31806,
13854,94187,30.7,612.26,42702,40070,31691,
13857,94183,30.7,611.73,43408,40742,32148,
13860,94185,30.7,612.35,45701,42426,33431,
13863,94189,30.7,611.46,46803,43388,34203,
13866,94180,30.7,612,46096,42763,33767,
13869,94190,30.8,611.82,44364,41388,32706,
13872,94182,30.8,612,44355,41390,32642,
13876,94186,30.8,611.64,43378,40584,32110,
13879,94186,30.8,612,43130,40384,31881,
13882,94186,30.8,612.26,42126,39580,31309,
13885,94188,30.8,611.02,41448,39036,30918,
13888,94184,30.9,612.08,40176,38075,30065,
13891,94183,30.9,611.73,41443,39194,30944,
13894,94191,30.9,612,41551,39169,31043,
13898,94179,30.9,612.53,42138,39716,31358,
13901,94184,30.9,612.26,43191,40419,31956,
13904,94186,30.9,612.26,42152,39635,31311,
13907,94178,31,612.44,42475,39987,31582,
13910,94188,31,611.55,43124,40429,31989,
13913,94182,31,612.35,44533,41486,32878,
13916,94182,31,612.53,45274,42196,33318,
13919,94176,31,612.35,45910,42703,33723,
13923,94185,31,612.61,45250,42070,33255,
13926,94182,31,612.7,45225,42126,33187,
13929,94180,31,612.61,46583,43250,34176,
13932,94181,31.1,612.61,46750,43290,34214,
13935,94183,31.1,612.61,46108,42917,33875,
13938,94177,31.1,612.26,46496,43238,34114,
13941,94186,31.1,612.26,46720,43414,34234,
13945,94182,31.1,612.26,47041,43716,34506,
13948,94178,31.1,612.17,45957,42708,33747,
13951,94180,31.1,612.26,45565,42524,33555,
13954,94181,31.2,612.17,45514,42526,33527,
13957,94173,31.2,613.41,43959,41151,32506,
13960,94171,31.2,612.53,44221,41443,32754,
13963,94176,31.2,612.61,43793,41093,32469,
13966,94181,31.2,612.7,41830,39550,31361,
13970,94180,31.2,612.35,41460,39248,31055,
13973,94177,31.2,612.97,43727,41185,32493,
13976,94182,31.3,612.44,43087,40548,32121,
13979,94183,31.3,612.35,43378,40759,32256,
13982,94179,31.3,612.26,43955,41294,32588,
13985,94176,31.3,612.17,45131,42173,33382,
13988,94181,31.4,612.26,45371,42372,33469,
13992,94173,31.4,612.88,45261,42323,33402,
13995,94181,31.4,612.61,46036,42967,33977,
13998,94176,31.4,612.7,45749,42676,33733,
14001,94185,31.4,612.26,44083,41435,32752,
14004,94185,31.4,612.26,43957,41374,32654,
14007,94180,31.4,612.26,45088,42277,33312,
14010,94182,31.4,612.26,46500,43324,34319,
14013,94192,31.5,612.17,47398,44133,34824,
14017,94186,31.5,612.17,47746,44453,35086,
14020,94183,31.5,612.35,47734,44475,35029,
14023,94182,31.5,612.26,46760,43723,34477,
14026,94180,31.5,612.61,47527,44277,34915,
14029,94178,31.5,612.53,47151,43981,34724,
14032,94182,31.5,612.7,46259,43265,34169,
14035,94186,31.6,612.35,47339,44147,34884,
14039,94181,31.6,612.53,47812,44544,35147,
14042,94176,31.6,612.88,46612,43630,34491,
14045,94178,31.6,612.7,45602,42822,33778,
14048,94176,31.6,612.35,44396,41855,33077,
14051,94180,31.6,612.35,46700,43615,34511,
14054,94179,31.7,612.35,47274,44137,34839,
14057,94180,31.7,612.7,46301,43378,34266,
14060,94173,31.7,612,45484,42700,33742,
14064,94178,31.7,612.53,45760,42835,33910,
14067,94173,31.7,612.61,45588,42732,33756,
14070,94177,31.8,612.7,45899,43082,33970,
14073,94180,31.8,613.23,44480,41914,33145,
14076,94184,31.8,612.26,44879,42186,33418,
14079,94180,31.8,613.23,45066,42333,33512,
14082,94178,31.8,612.53,45885,43029,33994,
14086,94184,31.8,612.44,46529,43617,34452,
14089,94177,31.9,612.7,46232,43299,34260,
14092,94178,31.9,612,45752,42935,33972,
14095,94183,31.9,612.35,44097,41514,32892,
14098,94183,31.9,612.35,43667,41247,32670,
14101,94178,31.9,612.97,43009,40695,32244,
14104,94182,31.9,613.41,43232,40950,32424,
14107,94179,31.9,612.61,43330,40930,32451,
14111,94176,31.9,612.97,43573,41137,32628,
14114,94179,32,612.44,44340,41826,33136,
14117,94185,32,612.7,44151,41637,33023,
14120,94180,32,612.7,44438,41864,33189,
14123,94176,32,613.5,43273,40993,32489,
14126,94181,32,612.88,43501,41132,32675,
14129,94183,32,612.17,44961,42386,33577,
14133,94182,32,612.53,45871,43056,34062,
14136,94173,32.1,612.44,46194,43346,34329,
14139,94181,32.1,612.61,46840,43858,34680,
14142,94173,32.1,612.88,48084,44961,35529,
14145,94173,32.1,612.53,48210,45018,35615,
14148,94173,32.1,613.23,47598,44693,35380,
14151,94181,32.2,612.35,47734,44659,35390,
14154,94180,32.2,612.7,48113,44996,35596,
14158,94178,32.2,612.61,48633,45447,35973,
14161,94178,32.2,612.97,47887,44872,35501,
14164,94168,32.2,612.97,46542,43806,34712,
14167,94177,32.3,612.61,47996,44874,35605,
14170,94176,32.3,613.5,48820,45614,36075,
14173,94176,32.3,613.23,47475,44565,35266,
14176,94178,32.3,612.61,46770,43980,34808,
14180,94177,32.3,612.44,45384,42807,33949,
14183,94180,32.3,613.41,46264,43495,34570,
14186,94178,32.4,613.41,47586,44628,35329,
14189,94182,32.4,612.61,45505,43023,34140,
14192,94173,32.4,612.97,46062,43441,34461,
14195,94176,32.4,612.79,47942,45216,35707,
14198,94184,32.4,612.79,48234,45433,35984,
14201,94178,32.4,612.53,46398,43770,34668,
14205,94180,32.4,612.53,46770,44178,34955,
14208,94179,32.4,612.79,49265,46039,36503,
14211,94172,32.4,613.59,52970,50309,40098,
14214,94176,32.4,613.41,53302,50573,40292,
14217,94176,32.5,612.97,53227,50523,40198,
14220,94178,32.5,612.44,53601,50998,40526,
14223,94180,32.5,612.61,53966,51182,40807,
14227,94177,32.5,613.32,51888,49470,39404,
14230,94178,32.5,612.26,52757,50156,39911,
14233,94171,32.5,612.61,52436,49889,39678,
14236,94173,32.5,612.26,52188,49681,39594,
14239,94173,32.5,612.88,52116,49616,39514,
14242,94180,32.6,612.61,53046,50326,40129,
14245,94171,32.6,612.26,53021,50329,40081,
14248,94178,32.6,612.7,52364,49849,39768,
14252,94178,32.6,613.23,52009,49555,39435,
14255,94183,32.6,612.88,52010,49535,39477,
14258,94173,32.6,612.44,51318,48914,39007,
14261,94172,32.6,613.67,51310,49019,39036,
14264,94172,32.6,612.97,53497,51108,40683,
14267,94178,32.7,612.53,53111,50774,40441,
14270,94180,32.7,612.61,52894,50578,40306,
14274,94180,32.8,612.88,52981,50673,40381,
14277,94179,32.8,613.23,52540,50255,40057,
14280,94184,32.8,612.53,51507,49465,39488,
14283,94172,32.9,612.53,51299,49273,39353,
14286,94178,32.9,612.35,51389,49272,39296,
14289,94180,33,612.35,50488,48620,38832,
14292,94179,33,612.17,49997,48239,38413,
14295,94183,33,612.35,49715,47887,38309,
14299,94181,33,612.7,49571,47822,38228,
14302,94173,33.1,613.32,49025,47268,37817,
14305,94178,33.1,612.26,48250,46818,37346,
14308,94177,33.1,612.53,48039,46622,37306,
14311,94185,33.2,612.44,47656,46259,36996,
14314,94181,33.2,612.7,47412,46001,36807,
14317,94179,33.2,612.35,47861,46346,37090,
14321,94177,33.2,612.61,48513,46873,37443,
14324,94173,33.3,612.97,48611,47013,37552,
14327,94169,33.3,613.23,47834,46453,37128,
14330,94169,33.3,613.59,47826,46410,37070,
14333,94170,33.3,613.67,47615,46168,36930,
14336,94171,33.3,613.23,47069,45775,36654,
14339,94172,33.4,613.59,46194,45048,35997,
14343,94178,33.4,613.23,44098,43105,34663,
14346,94172,33.4,612.97,43000,42352,33988,
14349,94179,33.4,612.88,44499,43604,34999,
14352,94166,33.4,613.5,43582,42831,34379,
14355,94169,33.5,613.41,43302,42583,34220,
14358,94167,33.5,612.97,43548,42894,34399,
14361,94171,33.5,613.85,45396,44279,35472,
14364,94171,33.5,613.32,43980,43229,34557,
14368,94173,33.6,612.97,42620,41986,33733,
14371,94165,33.6,613.32,43410,42650,34196,
14374,94170,33.6,613.32,43898,43184,34347,
14377,94169,33.6,613.59,42937,42297,33950,
14380,94173,33.6,613.5,42560,41995,33783,
14383,94170,33.7,613.67,42804,42093,33824,
14386,94171,33.7,613.67,42025,41495,33369,
14390,94172,33.7,613.85,41759,41276,33131,
14393,94171,33.7,613.23,40860,40462,32575,
14396,94169,33.7,613.23,40224,39984,32094,
14399,94168,33.8,612.7,40018,39895,32091,
14402,94172,33.8,613.41,37936,38194,30856,
14405,94171,33.8,613.5,38409,38537,31100,
14408,94172,33.8,613.23,39615,39666,31840,
14411,94166,33.8,613.76,40923,40679,32621,
14415,94167,33.8,613.23,42315,41718,33576,
14418,94168,33.8,613.41,43259,42633,34133,
14421,94170,33.8,613.23,45158,44082,35194,
14424,94166,33.9,613.85,48833,47316,37718,
14427,94171,33.9,613.85,50621,48788,38963,
14430,94170,33.9,613.85,51394,49268,39148,
14433,94167,33.9,613.67,52410,50220,39959,
14437,94169,34,613.85,53158,50754,40392,
14440,94165,34,613.23,52964,50547,40168,
14443,94164,34,613.85,53147,50711,40360,
14446,94173,34,613.67,53292,50904,40421,
14449,94162,34,613.85,53430,50973,40549,
14452,94164,34,613.94,52144,49965,39869,
14455,94172,34,613.5,51613,49519,39448,
14458,94160,34,613.94,53582,51126,40663,
14462,94166,34.1,614.03,53588,51101,40637,
14465,94160,34.1,613.85,53777,51281,40737,
14468,94158,34.1,614.03,53895,51561,40861,
14471,94169,34.1,613.5,52543,50399,39979,
14474,94167,34.1,614.03,53010,50888,40501,
14477,94166,34.2,613.5,52829,50723,40344,
14480,94170,34.2,612.97,52424,50326,39926,
14484,94169,34.2,613.23,52077,50104,39794,
14487,94163,34.2,614.11,52104,50048,39847,
14490,94166,34.2,613.85,52362,50272,39944,
14493,94168,34.2,613.41,52962,50726,40344,
14496,94170,34.2,613.85,52795,50738,40245,
14499,94172,34.3,613.41,52289,50208,39853,
14502,94173,34.3,613.5,50620,48882,38966,
14505,94177,34.3,613.32,50257,48584,38637,
14509,94169,34.3,613.67,50105,48381,38512,
14512,94169,34.3,612.88,49239,47667,38054,
14515,94176,34.3,612.7,47987,46778,37364,
14518,94179,34.3,613.41,47585,46380,37183,
14521,94171,34.3,613.5,47462,46331,37014,
14524,94172,34.4,612.61,48754,47456,37866,
14527,94167,34.4,613.32,50794,48994,38998,
14531,94170,34.4,612.53,51600,49666,39562,
14534,94170,34.4,612.97,51469,49595,39557,
14537,94172,34.5,613.41,51419,49481,39441,
14540,94170,34.5,612.7,51505,49663,39514,
14543,94170,34.5,613.76,51988,50047,39724,
14546,94172,34.5,613.41,52212,50318,39912,
14549,94170,34.5,612.88,51896,50039,39773,
14552,94169,34.5,613.32,51870,49935,39925,
14556,94171,34.5,613.67,51828,50069,39807,
14559,94173,34.5,613.67,50902,49327,39182,
14562,94178,34.5,613.59,50784,49195,39011,
14565,94168,34.6,613.76,50273,48747,38909,
14568,94169,34.6,613.5,48970,47542,37882,
14571,94169,34.6,612.44,51184,49484,39595,
14574,94172,34.6,613.5,53994,51606,40903,
14578,94169,34.6,613.5,54213,51822,41131,
14581,94173,34.6,613.5,54180,52006,41110,
14584,94165,34.6,613.67,54011,51807,41027,
14587,94167,34.7,613.67,53935,51636,40993,
14590,94164,34.7,614.2,53170,51088,40529,
14593,94169,34.7,612.61,53221,51182,40573,
14596,94168,34.7,613.32,52915,50697,40261,
14599,94170,34.7,613.41,49150,47987,38074,
14603,94166,34.8,614.03,47050,46342,36720,
14606,94167,34.8,613.94,44861,44103,35192,
14609,94165,34.8,613.5,40965,41333,33112,
14612,94168,34.8,614.11,42836,42774,34194,
14615,94168,34.9,613.67,46589,46125,36616,
14618,94171,34.9,612.7,50157,48549,38506,
14621,94167,34.9,613.59,50992,49899,39557,
14625,94170,34.9,613.59,50171,48877,38726,
14628,94171,34.9,613.5,49514,48292,38262,
14631,94166,34.9,613.85,49724,48235,38327,
14634,94163,34.9,613.76,49872,48424,38302,
14637,94164,34.9,614.11,49171,47860,37960,
14640,94166,34.9,613.85,48518,47361,37568,
14643,94160,34.9,614.56,49064,47838,37986,
14646,94167,35,613.85,49531,47991,38134,
14650,94171,35,613.67,49293,47963,37996,
14653,94170,35,614.03,49193,47734,37987,
14656,94170,35,612.97,48925,47703,37852,
14659,94172,35,612.97,49324,47956,38155,
14662,94170,35,613.76,49204,47858,38068,
14665,94171,35,613.23,49341,48015,38137,
14668,94172,35,613.59,49064,47725,37895,
14672,94169,35,613.94,48802,47474,37789,
14675,94173,35.1,613.76,48144,47130,37614,
14678,94169,35.1,614.11,48659,47617,37655,
14681,94171,35.1,613.67,48183,47105,37412,
14684,94172,35.1,612.97,48301,47123,37377,
14687,94171,35.1,613.23,48412,47122,37519,
14690,94165,35.2,613.76,48421,47287,37529,
14693,94166,35.1,613.41,48261,47112,37465,
14697,94166,35.1,613.41,48186,47177,37504,
14700,94167,35.2,613.59,47475,46460,36984,
14703,94172,35.2,613.23,47093,46069,36689,
14706,94165,35.2,613.94,48326,47027,37400,
14709,94167,35.2,614.11,48857,47396,37912,
14712,94167,35.2,613.94,49102,47706,37913,
14715,94163,35.2,613.85,48596,47266,37593,
14719,94165,35.2,613.67,48292,47023,37395,
14722,94163,35.3,614.11,48161,46978,37322,
14725,94165,35.3,614.03,48503,47212,37592,
14728,94165,35.3,614.2,49054,47750,37958,
14731,94162,35.3,613.67,49530,48081,38255,
14734,94164,35.3,613.59,49996,48415,38549,
14737,94168,35.4,613.67,49725,48253,38386,
14740,94168,35.4,614.03,49138,47686,37937,
14744,94167,35.4,614.2,49292,47824,37971,
14747,94171,35.4,613.76,48361,47241,37632,
14750,94166,35.5,613.67,47603,46685,37136,
14753,94162,35.5,613.76,47769,46618,37119,
14756,94173,35.5,613.41,47909,46643,37110,
14759,94169,35.5,614.03,48388,47007,37575,
14762,94167,35.5,613.41,49341,47978,38105,
14766,94172,35.5,613.23,49973,48402,38441,
14769,94167,35.5,614.2,50061,48379,38557,
14772,94171,35.5,613.5,50119,48557,38604,
14775,94168,35.5,613.94,50640,49075,39024,
14778,94168,35.6,613.23,50994,49426,39209,
14781,94171,35.6,613.67,51443,49567,39386,
14784,94166,35.6,613.85,52011,49990,39873,
14787,94161,35.6,613.5,52308,50233,39858,
14791,94170,35.6,613.76,52766,50669,40182,
14794,94164,35.6,614.29,52914,50841,40354,
14797,94165,35.7,613.67,53310,51211,40556,
14800,94164,35.7,614.2,53206,51121,40604,
14803,94160,35.7,614.38,53172,51004,40478,
14806,94157,35.7,613.94,53427,51194,40585,
14809,94168,35.7,614.2,53648,51424,40832,
14813,94164,35.7,614.2,53944,51683,41010,
14816,94167,35.7,614.29,53285,51152,40509,
14819,94176,35.8,612.79,52713,50706,40057,
14822,94173,35.8,613.5,52834,50852,40355,
14825,94166,35.8,613.23,52558,50564,40157,
14828,94168,35.8,614.2,52847,50869,40353,
14831,94164,35.8,614.56,53081,51018,40488,
14834,94167,35.8,613.85,52584,50539,40219,
14838,94162,35.9,614.11,52236,50407,40012,
14841,94169,35.9,613.76,53387,51243,40774,
14844,94166,35.9,614.03,54456,52376,41415,
14847,94161,35.9,613.59,55017,52494,41785,
14850,94163,35.9,613.67,55487,52978,42080,
14853,94170,35.9,613.32,55779,53187,42200,
14856,94167,35.9,613.32,55751,53009,42410,
14860,94169,35.9,613.5,55832,53150,42167,
14863,94170,35.9,613.67,55392,52872,41933,
14866,94164,35.9,613.67,55320,52828,41834,
14869,94166,35.9,613.59,55138,52903,42046,
14872,94165,35.9,613.59,54942,52450,41704,
14875,94161,35.9,613.85,54709,52197,41352,
14878,94165,35.9,613.67,54501,52109,41204,
14881,94169,36,613.85,54038,51760,41112,
14885,94166,36,613.76,54425,52003,41330,
14888,94161,36,614.29,54151,51866,41341,
14891,94169,36,614.29,52831,50750,40303,
14894,94159,36,614.56,51655,49798,39654,
14897,94161,36,613.59,51028,49304,39180,
14900,94161,36,614.03,50627,48975,38998,
14903,94165,36.1,614.03,50892,49165,39133,
14907,94161,36.1,614.38,52035,50041,39900,
14910,94158,36.1,614.29,53262,51159,40670,
14913,94165,36.1,614.03,54051,51592,41066,
14916,94163,36.1,614.29,54449,51998,41207,
14919,94163,36.1,613.85,54680,52239,41479,
14922,94158,36.1,614.91,54611,52247,41515,
14925,94154,36.1,614.38,54509,52110,41484,
14928,94155,36.1,615,54099,51816,41203,
14932,94158,36.2,614.82,53451,51289,40698,
14935,94150,36.2,614.91,53733,51529,40936,
14938,94163,36.2,614.29,53867,51614,41032,
14941,94161,36.2,614.2,53036,50796,40468,
14944,94158,36.3,614.2,52134,50272,39917,
14947,94161,36.3,613.94,52282,50258,40094,
14950,94166,36.3,614.2,52588,50523,40216,
14954,94163,36.3,614.03,52451,50445,40104,
14957,94162,36.4,614.38,53376,51206,40629,
14960,94167,36.4,613.85,53825,51680,41111,
14963,94165,36.4,614.2,53507,51179,40819,
14966,94164,36.4,613.41,53579,51225,40691,
14969,94161,36.4,614.56,52825,50862,40240,
14972,94166,36.4,614.03,52518,50551,40094,
14975,94162,36.4,614.03,52659,50405,40149,
14979,94161,36.4,614.11,52726,50575,40209,
14982,94159,36.4,614.38,52454,50340,40021,
14985,94160,36.4,614.91,52033,50085,39873,
14988,94158,36.5,613.85,51405,49594,39330,
14991,94164,36.5,614.11,51548,49617,39570,
14994,94161,36.5,614.29,51513,49549,39428,
14997,94157,36.5,614.29,51684,49718,39517,
15001,94153,36.5,614.56,51673,49640,39525,
15004,94168,36.6,613.76,52023,50012,39670,
15007,94158,36.6,614.03,51894,49871,39595,
15010,94166,36.6,614.38,51492,49612,39598,
15013,94161,36.6,614.56,51327,49680,39464,
15016,94163,36.6,614.47,51082,49313,39225,
15019,94160,36.6,614.47,50762,48974,38943,
15022,94161,36.6,614.56,49798,48242,38227,
15026,94154,36.6,614.29,49672,48228,38204,
15029,94157,36.6,614.56,49687,48374,38148,
15032,94166,36.6,614.2,49423,47743,38175,
15035,94159,36.6,613.59,48591,47109,37575,
15038,94164,36.6,613.94,47051,46067,36517,
15041,94161,36.6,613.59,45779,44772,35882,
15044,94161,36.6,613.94,45274,44385,35463,
15048,94164,36.7,614.2,44710,43890,35087,
15051,94159,36.7,614.03,45108,44121,35206,
15054,94159,36.7,614.56,46059,45049,35987,
15057,94167,36.7,614.11,46396,45347,36216,
15060,94161,36.7,614.38,46500,45432,36285,
15063,94159,36.7,614.03,46985,45728,36572,
15066,94157,36.7,614.73,48227,46657,37291,
15069,94162,36.8,614.38,48935,47240,37793,
15073,94158,36.8,614.2,48715,46906,37467,
15076,94162,36.8,614.56,47665,46348,37089,
15079,94165,36.8,613.94,45781,44854,35697,
15082,94164,36.8,614.47,44655,43912,35051,
15085,94159,36.9,614.47,49149,47317,37578,
15088,94160,36.9,614.47,50995,48921,38975,
15091,94159,36.9,614.65,52125,49950,39587,
15095,94164,36.9,614.47,52489,50205,39872,
15098,94160,36.9,614.47,53043,50738,40283,
15101,94159,36.9,614.65,53445,50920,40439,
15104,94168,36.9,614.65,52960,50505,40167,
15107,94160,36.9,614.47,53556,51137,40623,
15110,94160,37,614.2,53878,51224,40710,
15113,94156,37,614.03,52427,50092,39824,
15116,94162,37,614.11,52921,50481,40065,
15120,94161,37,614.03,52501,50213,39864,
15123,94159,37,614.29,51558,49460,39343,
15126,94163,37,614.2,51773,49520,39488,
15129,94159,37.1,614.2,51760,49493,39438,
15132,94164,37.1,613.94,51365,49406,39172,
15135,94166,37.1,613.94,51819,49520,39546,
15138,94161,37.1,614.56,52653,50309,40012,
15142,94163,37.2,614.03,53030,50576,40201,
15145,94158,37.2,614.2,53141,50917,40393,
15148,94154,37.2,614.65,53510,51049,40600,
15151,94158,37.2,614.65,53654,51168,40615,
15154,94164,37.2,614.56,53822,51134,40532,
15157,94164,37.2,614.29,53909,51361,40819,
15160,94161,37.3,614.29,52980,50670,40308,
15163,94154,37.3,614.38,53063,50820,40362,
15167,94156,37.3,614.29,53449,50823,40369,
15170,94156,37.3,614.82,53146,50758,40319,
15173,94156,37.3,614.11,52826,50397,40147,
15176,94168,37.3,613.67,51471,49426,39259,
15179,94159,37.4,613.85,52206,50027,39831,
15182,94162,37.4,613.85,51822,49717,39502,
15185,94165,37.4,614.2,51546,49675,39467,
15189,94162,37.4,614.47,50459,48425,38781,
15192,94161,37.3,613.67,49432,47639,37858,
15195,94162,37.4,613.76,49712,47778,38327,
15198,94160,37.4,614.03,48713,47151,37350,
15201,94160,37.4,614.38,47665,46243,36966,
15204,94164,37.4,614.38,45243,44213,35368,
15207,94162,37.4,613.94,45003,44059,35191,
15210,94163,37.5,614.2,45612,44509,35652,
15214,94162,37.5,614.03,47052,45600,36489,
15217,94160,37.5,613.94,47393,46042,36666,
15220,94164,37.5,614.11,46713,45328,36227,
15223,94166,37.5,614.11,44743,43858,35045,
15226,94166,37.5,614.65,43424,42664,34128,
15229,94162,37.5,614.11,42854,42225,33648,
15232,94161,37.5,614.29,41918,41465,33215,
15236,94160,37.5,614.56,40895,40745,32626,
15239,94166,37.5,614.29,40440,40214,32364,
15242,94164,37.6,613.94,39629,39619,31854,
15245,94159,37.6,614.29,39222,39168,31426,
15248,94160,37.6,614.29,39625,39548,31763,
15251,94155,37.6,614.2,38904,38940,31138,
15254,94163,37.6,614.47,37919,38102,30678,
15257,94156,37.6,614.29,38321,38560,30971,
15261,94157,37.6,614.73,39076,38993,31595,
15264,94164,37.6,613.85,39219,39022,31474,
15267,94165,37.6,614.29,39985,39555,32030,
15270,94161,37.6,613.67,39191,38950,31241,
15273,94169,37.6,614.2,40516,40284,32313,
15276,94160,37.6,614.11,40953,40652,32342,
15279,94170,37.6,613.85,40976,40268,32365,
15283,94162,37.6,614.11,41309,40930,32504,
15286,94164,37.6,614.38,41842,41219,32935,
15289,94167,37.6,613.94,42810,42273,33611,
15292,94160,37.6,614.56,42900,42075,33597,
15295,94163,37.6,614.03,42587,41906,33546,
15298,94164,37.6,614.47,43703,42903,34017,
15301,94162,37.6,614.73,46407,44901,35891,
15304,94161,37.6,614.29,46961,45390,35921,
15308,94163,37.6,614.03,47024,45503,36185,
15311,94163,37.7,613.94,47730,46070,36641,
15314,94164,37.7,614.2,48795,46766,37287,
15317,94165,37.7,614.65,49271,47210,37759,
15320,94155,37.7,614.03,50046,48150,38204,
15323,94161,37.7,614.11,50153,48125,38248,
15326,94167,37.8,613.94,50115,48042,38129,
15330,94163,37.8,614.03,49893,47914,37934,
15333,94169,37.8,613.23,50958,48878,38710,
15336,94164,37.8,613.59,51699,49347,39043,
15339,94159,37.8,613.76,52712,50203,39798,
15342,94162,37.8,614.2,53047,50257,39964,
15345,94160,37.8,614.65,53717,51008,40454,
15348,94165,37.8,614.03,52588,50285,39893,
15351,94164,37.8,613.94,52570,50251,40029,
15355,94168,37.8,614.2,52818,50538,39952,
15358,94163,37.8,613.67,52399,49804,39600,
15361,94159,37.8,614.29,51305,48980,38872,
15364,94165,37.8,614.38,50072,48284,38208,
15367,94168,37.8,613.76,51045,49003,38995,
15370,94164,37.8,613.85,51093,49095,38967,
15373,94159,37.8,613.76,50359,48565,38196,
15377,94161,37.8,614.47,49304,47312,37705,
15380,94156,37.8,614.29,50231,48151,38198,
15383,94169,37.9,613.76,51166,48996,38809,
15386,94165,37.9,614.56,51770,49700,39282,
15389,94162,37.9,613.76,52432,50073,39690,
15392,94162,37.9,614.2,52191,49905,39562,
15395,94167,37.9,613.94,51972,49867,39588,
15398,94162,37.9,613.85,51683,49498,39259,
15402,94163,37.9,613.32,50885,48887,38704,
15405,94160,37.9,614.47,51303,49289,39216,
15408,94166,37.9,613.85,51405,49222,39113,
15411,94160,37.9,613.67,50146,48255,38198,
15414,94167,37.9,614.11,49620,47777,37941,
15417,94166,38,614.11,48735,47038,37322,
15420,94168,38,614.11,48141,46353,36847,
15424,94163,38,614.11,50333,48327,38385,
15427,94161,38,614.03,51180,49033,38936,
15430,94162,38,614.03,50707,48705,38576,
15433,94162,38,614.73,49735,47769,38022,
15436,94163,38,614.03,48730,47046,37434,
15439,94160,38,613.85,48672,46955,37394,
15442,94163,38.1,614.2,49490,47973,38092,
15445,94167,38.1,614.29,50321,48361,38392,
15449,94160,38.1,614.11,51344,49236,39242,
15452,94164,38.1,614.2,51259,49179,38990,
15455,94158,38.1,614.2,51185,48992,39090,
15458,94159,38.1,613.94,52277,50046,39771,
15461,94161,38.1,613.5,51641,49527,39376,
15464,94164,38.2,613.94,51108,49094,38956,
15467,94165,38.2,613.59,50791,48803,38833,
15471,94166,38.2,613.41,50522,48635,38660,
15474,94170,38.2,613.76,50721,48838,38905,
15477,94165,38.2,613.94,50839,48763,38735,
15480,94165,38.3,613.76,51991,49849,39674,
15483,94164,38.3,614.29,52525,50243,39934,
15486,94168,38.3,613.32,52629,50420,39993,
15489,94160,38.3,613.94,51694,49619,39434,
15492,94163,38.4,614.65,51687,49607,39320,
15496,94159,38.4,614.29,52049,49893,39670,
15499,94162,38.4,614.91,52259,49993,39658,
15502,94163,38.4,614.29,51975,49855,39444,
15505,94163,38.4,613.85,51400,49429,39183,
15508,94160,38.5,614.11,49624,48046,38239,
15511,94159,38.5,614.29,49914,48275,38435,
15514,94160,38.5,614.29,50258,48643,38706,
15518,94160,38.5,614.47,50341,48504,38616,
15521,94163,38.5,614.73,50924,48988,39104,
15524,94167,38.5,614.03,51635,49622,39425,
15527,94161,38.5,614.29,51643,49618,39476,
15530,94160,38.6,614.2,51461,49517,39377,
15533,94163,38.6,614.2,50751,49099,39200,
15536,94161,38.6,614.47,50481,48674,38922,
15539,94157,38.7,614.38,51241,49519,39347,
15543,94155,38.7,614.47,51258,49378,39262,
15546,94154,38.7,614.2,51895,50037,39688,
15549,94165,38.7,614.03,52629,50774,40263,
15552,94160,38.7,613.85,54289,51927,41170,
15555,94162,38.7,614.38,55292,52833,41901,
15558,94162,38.7,614.56,55530,53010,42094,
15561,94162,38.7,614.56,55806,53273,42307,
15565,94152,38.7,614.73,54954,52354,41685,
15568,94156,38.7,614.38,53596,51344,40781,
15571,94159,38.6,614.29,54471,52061,41551,
15574,94159,38.7,614.2,54863,52515,41607,
15577,94154,38.7,614.82,55211,52737,41945,
15580,94156,38.7,614.65,55953,53390,42408,
15583,94152,38.7,614.73,55808,53194,42201,
15586,94162,38.7,614.56,55340,53042,42044,
15590,94158,38.7,614.56,55182,52754,41999,
15593,94159,38.7,614.82,53958,51901,41201,
15596,94156,38.7,614.56,53578,51641,41012,
15599,94157,38.7,614.47,53078,51315,40681,
15602,94155,38.7,615.09,51166,49808,39492,
15605,94150,38.7,615.09,50356,48983,38885,
15608,94157,38.7,614.91,50547,49362,39119,
15612,94158,38.7,614.38,49550,48494,38525,
15615,94160,38.7,614.56,44172,43767,35086,
15618,94154,38.7,614.65,41907,42046,33897,
15621,94159,38.7,614.82,48102,47633,37786,
15624,94163,38.8,614.47,54278,52011,41212,
15627,94157,38.8,614.65,55536,53398,42064,
15630,94157,38.8,615.09,55287,53004,42022,
15633,94159,38.8,614.56,54188,52096,41424,
15637,94161,38.8,614.2,53759,51763,41171,
15640,94154,38.9,614.65,53191,51242,40775,
15643,94158,38.9,614.47,51363,49943,39522,
15646,94155,38.9,614.47,49939,48634,38719,
15649,94159,38.9,615,49522,48365,38543,
15652,94153,38.9,614.56,49415,48248,38474,
15655,94162,39,614.56,50118,48863,38900,
15659,94156,39,614.29,50986,49492,39429,
15662,94156,39,614.47,52250,50552,40141,
15665,94156,39,614.11,52571,50755,40337,
15668,94158,39,614.29,51369,49864,39595,
15671,94157,39.1,614.56,51424,49926,39667,
15674,94161,39.1,614.65,49646,48534,38705,
15677,94162,39.1,614.56,45879,45395,36182,
15680,94155,39.2,614.38,47212,46386,36900,
15684,94154,39.2,614.47,46041,45462,36365,
15687,94152,39.2,615.09,48311,47493,37752,
15690,94150,39.2,615,50494,49116,38985,
15693,94158,39.2,614.65,50936,49388,39332,
15696,94155,39.3,614.91,50606,49101,39054,
15699,94157,39.3,614.38,50046,48662,38621,
15702,94156,39.3,614.91,51306,49854,39598,
15706,94157,39.3,614.65,51527,49888,39638,
15709,94158,39.3,614.38,52214,50435,39972,
15712,94158,39.3,614.11,52334,50630,40126,
15715,94149,39.3,614.29,51782,50232,39928,
15718,94159,39.3,614.65,50993,49534,39385,
15721,94157,39.4,614.2,50478,49173,39036,
15724,94156,39.4,614.38,51524,49866,39754,
15727,94161,39.4,614.38,51969,50310,39994,
15731,94153,39.4,614.65,52087,50438,39941,
15734,94157,39.4,614.73,52063,50462,40013,
15737,94158,39.4,614.38,50881,49370,39192,
15740,94160,39.4,614.03,51140,49580,39361,
15743,94155,39.4,614.03,49314,47803,38324,
15746,94153,39.4,614.91,47767,47001,37461,
15749,94157,39.4,614.29,48191,47084,37799,
15753,94158,39.4,614.56,48890,47939,38334,
15756,94158,39.5,614.65,49688,48511,38597,
15759,94160,39.5,614.47,48423,47605,37953,
15762,94157,39.5,614.56,46377,45717,36293,
15765,94162,39.5,614.38,46867,46260,37015,
15768,94156,39.5,614.38,49712,48873,38728,
15771,94161,39.5,614.03,51379,49869,39479,
15774,94160,39.4,614.56,52205,50676,40183,
15778,94163,39.5,614.11,53182,51356,40755,
15781,94158,39.4,614.56,52454,50823,40388,
15784,94159,39.5,614.11,51554,50061,39757,
15787,94162,39.5,614.29,52282,50695,40080,
15790,94157,39.5,614.29,53086,51544,40707,
15793,94166,39.4,614.29,53535,51828,41137,
15796,94160,39.4,614.65,54078,52091,41222,
15800,94156,39.4,614.65,53517,51857,40894,
15803,94159,39.4,614.2,52529,50862,40353,
15806,94160,39.4,614.47,52125,50695,40135,
15809,94163,39.4,614.2,51696,50207,39889,
15812,94158,39.4,614.29,52333,50676,40256,
15815,94165,39.4,614.2,53905,52022,41286,
15818,94159,39.5,614.03,54556,52419,41606,
15821,94164,39.5,614.2,53915,52032,41342,
15825,94157,39.5,614.82,54001,52111,41386,
15828,94159,39.5,614.73,54345,52370,41486,
15831,94157,39.6,614.65,52583,50963,40489,
15834,94159,39.6,614.2,52367,50719,40288,
15837,94162,39.6,614.03,52001,50429,40063,
15841,94156,39.6,614.65,51777,50391,39984,
15844,94157,39.6,614.65,51039,49626,39471,
15847,94155,39.6,614.29,50159,48988,38971,
15850,94158,39.7,614.47,49436,48501,38512,
15853,94168,39.7,613.94,49368,48212,38328,
15856,94166,39.7,614.47,48141,47281,37700,
15859,94162,39.7,614.2,50150,49051,38990,
15862,94163,39.7,614.56,49853,48703,38755,
15866,94160,39.7,614.38,48802,47834,38109,
15869,94167,39.7,614.11,46852,46245,36853,
15872,94157,39.8,613.85,45233,44969,35839,
15875,94168,39.8,614.73,45521,45159,36032,
15878,94166,39.8,614.2,46910,46380,36929,
15881,94163,39.8,614.2,47327,46607,37120,
15884,94160,39.8,614.29,47224,46471,37015,
15888,94157,39.9,614.65,47400,46702,37132,
15891,94154,39.9,614.2,47495,46756,37176,
15894,94162,39.9,614.38,47147,46342,36849,
15897,94162,39.9,614.47,45464,45181,36082,
15900,94159,39.9,614.82,44449,44320,35271,
15903,94158,39.9,614.03,43360,43282,34537,
15906,94161,39.9,614.2,43987,43884,35014,
15909,94158,40,614.73,44924,44742,35621,
15913,94154,40,614.65,46732,46098,36641,
15916,94158,40,615.09,47648,46818,37308,
15919,94154,40,614.29,47371,46657,37146,
15922,94154,40,615,46339,45902,36491,
15925,94151,40.1,614.29,45030,44698,35634,
15928,94159,40.1,614.73,45247,44950,35828,
15931,94157,40.1,614.73,44932,44451,35677,
15935,94158,40.1,614.82,44251,43995,35095,
15938,94158,40.1,614.47,42149,42348,33806,
15941,94154,40.1,614.65,41533,41863,33586,
15944,94153,40.1,615,43253,43436,34383,
15947,94166,40.2,613.94,45344,45067,35842,
15950,94160,40.2,614.47,46856,46225,36788,
15953,94165,40.1,614.11,48405,47474,37559,
15957,94163,40.1,614.56,48548,47593,37874,
15960,94163,40.1,614.47,50240,49151,38985,
15963,94161,40.1,614.47,49164,48247,38296,
15966,94162,40.1,614.38,48103,46989,37585,
15969,94168,40.1,614.11,48236,47405,37623,
15972,94160,40.1,614.82,48588,47925,38090,
15975,94159,40.1,614.91,47701,47075,37440,
15978,94157,40.1,615.09,47300,46878,37182,
15982,94159,40.1,614.47,45870,45682,36340,
15985,94159,40.1,614.65,47321,47000,37265,
15988,94157,40.1,614.73,49959,48995,38766,
15991,94157,40.1,614.56,51825,50569,40041,
15994,94158,40.1,613.94,53123,51531,40950,
15997,94158,40.1,614.38,53851,52150,41289,
16000,94158,40.1,614.56,53486,51885,41041,
16004,94156,40.1,614.47,53745,52088,41143,
16007,94162,40.1,614.56,54635,52868,41745,
16010,94159,40.2,614.82,54963,53180,42044,
16013,94162,40.2,614.38,55001,53293,42049,
16016,94160,40.2,614.91,54649,53007,41828,
16019,94164,40.3,614.29,54908,53145,42034,
16022,94157,40.2,614.91,55085,53290,42143,
16025,94160,40.2,614.73,55256,53344,42193,
16029,94161,40.3,613.94,55662,53675,42415,
16032,94157,40.3,614.73,55487,53598,42362,
16035,94169,40.4,613.76,56387,54210,42890,
16038,94156,40.3,614.29,56350,54017,43032,
16041,94153,40.4,614.65,56510,54471,43183,
16044,94157,40.3,614.38,55623,53596,42433,
16047,94157,40.3,614.65,55936,53900,42630,
16051,94161,40.3,614.82,55673,53644,42537,
16054,94158,40.4,614.65,54420,52839,41921,
16057,94157,40.4,613.94,54220,52500,41585,
16060,94157,40.4,614.65,53217,51777,41128,
16063,94157,40.4,615,52264,50986,40391,
16066,94158,40.4,614.82,53226,51907,41161,
16069,94150,40.4,615.09,54165,52449,41566,
16072,94156,40.4,615.18,53331,51880,41065,
16076,94153,40.4,615,53146,51449,40742,
16079,94163,40.4,614.65,53576,52079,41250,
16082,94155,40.4,614.56,55161,53484,42288,
16085,94156,40.5,614.82,56628,54499,43124,
16088,94155,40.5,614.73,55285,53513,42291,
16091,94152,40.5,614.73,52592,51430,40778,
16094,94152,40.5,614.73,51312,50364,39769,
16098,94154,40.5,614.38,47658,46977,37609,
16101,94162,40.6,614.38,48908,48163,38228,
16104,94159,40.6,615,52976,51589,40700,
16107,94154,40.6,614.56,56032,54003,42804,
16110,94152,40.6,614.73,55959,54135,42638,
16113,94156,40.7,615.26,55314,53451,42293,
16116,94150,40.7,614.47,55345,53445,42303,
16119,94154,40.7,615,54354,52731,41741,
16123,94153,40.7,615.35,52656,51234,40571,
16126,94157,40.7,614.65,51977,50733,40209,
16129,94152,40.8,615.44,51733,50515,40116,
16132,94152,40.8,614.82,51261,50128,39798,
16135,94157,40.8,614.47,52743,51267,40747,
16138,94155,40.8,615,54808,52968,41936,
16141,94157,40.8,614.73,54806,52911,41939,
16145,94158,40.9,614.56,55408,53518,42430,
16148,94156,40.9,615,54269,52432,41597,
16151,94155,40.9,614.82,54338,52716,41778,
16154,94149,40.9,614.65,54661,52782,41800,
16157,94149,40.9,615.09,55377,53507,42378,
16160,94155,40.9,615,55996,53855,42705,
16163,94148,40.9,615.09,55987,54013,42831,
16166,94150,40.9,615.18,55538,53564,42593,
16170,94150,40.9,615.35,53669,52456,41397,
16173,94157,40.9,615,55037,53244,42125,
16176,94154,40.9,614.91,55485,53550,42452,
16179,94160,41,614.56,55226,53483,42360,
16182,94146,41,614.2,56553,54440,43130,
16185,94155,41,614.82,56763,54640,43320,
16188,94153,41,615.26,56655,54444,43156,
16192,94154,41,614.47,55463,53546,42509,
16195,94152,41,614.56,55960,53968,42854,
16198,94154,41,614.56,56605,54368,43307,
16201,94159,41,614.73,55598,53803,42522,
16204,94158,41,614.65,54769,53306,42223,
16207,94159,41,614.91,56490,54465,43223,
16210,94154,41,614.47,53450,52058,41083,
16213,94153,40.9,615,50889,49865,39699,
16217,94153,40.9,614.65,51473,50290,40013,
16220,94151,40.9,614.91,54348,52793,41805,
16223,94149,40.9,614.47,54306,52676,41894,
16226,94158,41,614.73,52936,51491,40929,
16229,94153,41,615.18,55526,53915,42703,
16232,94155,41,614.91,57502,55234,43718,
16235,94150,41,614.73,57242,55001,43532,
16239,94157,41,614.56,56527,54541,43165,
16242,94150,41,615.18,57399,55196,43682,
16245,94150,41,614.91,58162,55868,44299,
16248,94152,41.1,614.91,58264,55825,44252,
16251,94155,41.1,614.82,58121,55722,43995,
16254,94154,41.1,614.82,57969,55560,43959,
16257,94154,41.1,615,57257,54860,43518,
16260,94150,41.1,614.82,56581,54408,43150,
16264,94155,41.2,615.35,55350,53516,42397,
16267,94156,41.2,615.18,55735,53599,42608,
16270,94151,41.2,615.09,55839,53855,42708,
16273,94152,41.2,615.18,55333,53406,42252,
16276,94158,41.2,614.91,54254,52488,41659,
16279,94150,41.3,614.91,55210,53146,42299,
16282,94145,41.3,615,56271,54048,42918,
16286,94151,41.3,615.35,56830,54593,43320,
16289,94152,41.3,615,57211,54937,43593,
16292,94153,41.3,615.18,57198,54812,43414,
16295,94146,41.3,615,56845,54533,43244,
16298,94151,41.3,615,56652,54415,43101,
16301,94152,41.4,615.35,56692,54640,43159,
16304,94151,41.4,615,56181,54035,42940,
16307,94154,41.4,615,55279,53317,42181,
16311,94162,41.4,614.38,55317,53368,42263,
16314,94146,41.3,615.09,55782,53636,42559,
16317,94149,41.3,614.82,55596,53459,42438,
16320,94153,41.3,614.29,55317,53122,42076,
16323,94154,41.3,615.18,55295,53231,42199,
16326,94156,41.3,614.82,54953,53110,41860,
16329,94163,41.3,614.56,55259,53044,42136,
16333,94156,41.2,614.73,55368,53276,42103,
16336,94153,41.2,614.82,55259,52993,42112,
16339,94156,41.2,615,54950,52845,41941,
16342,94154,41.2,615,54786,52350,41656,
16345,94156,41.3,614.38,54670,52470,41653,
16348,94155,41.2,615,54573,52501,41564,
16351,94152,41.3,615.26,53727,51654,40957,
16354,94159,41.3,614.82,53373,51572,40895,
16358,94157,41.3,614.91,53768,51804,41188,
16361,94160,41.3,614.73,53594,51753,41026,
16364,94152,41.3,614.56,52976,51126,40510,
16367,94156,41.3,614.82,52410,50519,40201,
16370,94156,41.3,614.73,51062,49505,39356,
16373,94156,41.4,614.65,49589,48310,38397,
16376,94161,41.4,614.2,48645,47229,37611,
16380,94161,41.4,613.94,48992,47757,38009,
16383,94155,41.4,614.65,49712,48320,38449,
16386,94157,41.4,614.82,50137,48648,38632,
16389,94156,41.4,614.65,49011,47612,38112,
16392,94154,41.5,614.73,48599,47349,37698,
16395,94155,41.5,614.38,49775,48264,38357,
16398,94157,41.5,615.09,50381,48781,38754,
16401,94152,41.5,614.56,51784,49958,39621,
16405,94158,41.5,614.91,52465,50375,40041,
16408,94155,41.5,614.91,52747,50443,40138,
16411,94151,41.5,614.91,49154,47821,38216,
16414,94153,41.5,614.56,47194,46202,36761,
16417,94149,41.5,614.91,47183,46003,36441,
16420,94152,41.5,615.35,46667,45689,36394,
16423,94154,41.5,615.18,48057,46884,37279,
16427,94146,41.6,615.26,49048,47627,37838,
16430,94150,41.6,614.91,48133,46823,37385,
16433,94158,41.6,614.56,47897,46572,37127,
16436,94156,41.6,615,46024,45264,36100,
16439,94152,41.7,615.18,44573,43901,35058,
16442,94156,41.7,615.09,45738,44894,35726,
16445,94153,41.7,615.26,44323,43877,34927,
16448,94152,41.7,615,41539,41379,33146,
16452,94150,41.7,615.09,38808,39418,31690,
16455,94154,41.8,615.09,38951,39451,31637,
16458,94152,41.8,614.38,39304,39445,31600,
16461,94158,41.8,614.29,39856,40097,31876,
16464,94155,41.8,614.65,39969,39915,32111,
16467,94149,41.8,615.26,36743,37534,30017,
16470,94159,41.8,614.73,39537,39732,31917,
16474,94155,41.8,614.38,41780,41477,33189,
16477,94157,41.8,614.65,42026,41640,33227,
16480,94154,41.8,614.65,42752,42340,33648,
16483,94155,41.8,614.38,42881,42699,33961,
16486,94161,41.9,614.82,42747,42318,33761,
16489,94159,41.9,615.18,42249,42061,33219,
16492,94156,41.9,614.91,39515,39763,31970,
16495,94148,41.9,615.35,35028,36018,28917,
16499,94157,41.9,615.62,30465,31894,26003,
16502,94153,42,615.53,27813,30025,24444,
16505,94152,42,615,26804,29137,23864,
16508,94149,42,615.62,26856,29266,23888,
16511,94150,42,615.35,26241,28817,23476,
16514,94153,42,615.18,26946,29500,23994,
16517,94150,42,615.09,27275,29649,24179,
16521,94156,42.1,614.38,27577,29639,24488,
16524,94152,42.1,615.44,28752,30760,25112,
16527,94158,42.1,615.44,28572,30653,24792,
16530,94152,42.1,615.26,26184,28518,23430,
16533,94148,42.1,615.62,24246,27021,22242,
16536,94150,42.1,615.35,23861,26569,21914,
16539,94146,42.2,615,28583,31078,25091,
16542,94159,42.1,614.82,37511,37821,30157,
16546,94152,42.2,614.91,40783,40782,32501,
16549,94153,42.2,614.91,42914,42305,33594,
16552,94153,42.2,615,45317,44249,35202,
16555,94152,42.2,615.26,46725,45535,36126,
16558,94159,42.2,614.56,46504,45314,36049,
16561,94161,42.2,614.47,42854,42408,33611,
16564,94162,42.3,614.38,41546,41054,32720,
16568,94160,42.3,614.73,47249,45591,36473,
16571,94155,42.3,614.73,50222,48441,38441,
16574,94157,42.3,615,50835,48927,38792,
16577,94156,42.2,614.65,49855,47917,37967,
16580,94151,42.2,615,49617,47998,37933,
16583,94150,42.2,615,50272,48294,38335,
16586,94149,42.3,614.91,51022,49107,38813,
16589,94155,42.3,615.18,51122,49196,38934,
16593,94151,42.3,615.09,51157,49103,38901,
16596,94156,42.3,614.91,50716,48682,38565,
16599,94154,42.3,614.73,51430,49324,38989,
16602,94147,42.3,614.65,52719,50378,39894,
16605,94148,42.3,615.44,53282,50940,40109,
16608,94157,42.3,614.73,53562,51088,40471,
16611,94156,42.4,614.65,54201,51783,40876,
16615,94150,42.4,615.18,53713,51259,40488,
16618,94154,42.4,615,54469,51938,41025,
16621,94150,42.4,614.91,54174,51654,40729,
16624,94159,42.4,614.82,55118,52377,41273,
16627,94155,42.5,614.82,55085,52351,41398,
16630,94156,42.5,615.18,54660,51970,41071,
16633,94158,42.5,614.65,54731,52141,41211,
16636,94156,42.5,615.18,54766,52122,41206,
16640,94158,42.5,614.82,55627,52889,41893,
16643,94156,42.5,614.91,56208,53267,42128,
16646,94152,42.5,615.09,56675,53605,42348,
16649,94158,42.5,614.91,57251,54132,42819,
16652,94155,42.5,614.82,57782,54480,43020,
16655,94158,42.5,614.73,58158,54790,43241,
16658,94152,42.5,614.73,57673,54624,43019,
16662,94154,42.5,615,51550,49250,39225,
16665,94153,42.6,615.09,45810,45050,35790,
16668,94149,42.6,614.29,43800,43597,34600,
16671,94151,42.6,614.56,46489,45527,36122,
16674,94155,42.6,614.82,48130,46991,37218,
16677,94155,42.6,615.35,52371,50731,40070,
16680,94154,42.6,614.47,48688,47934,38311,
16683,94160,42.6,614.47,38687,39377,31547,
16687,94157,42.6,614.73,38421,39363,31610,
16690,94155,42.6,615,35297,36656,29459,
16693,94153,42.7,615,31336,32789,26790,
16696,94157,42.7,614.82,28247,30732,24989,
16699,94162,42.7,614.03,34836,36088,29325,
16702,94165,42.7,614.73,32773,34263,27829,
16705,94163,42.7,614.29,40802,40388,33109,
16709,94157,42.7,614.56,55914,53820,42255,
16712,94165,42.7,613.67,57982,55066,43618,
16715,94157,42.6,615.26,56494,53551,42233,
16718,94156,42.6,614.38,56640,53360,42258,
16721,94157,42.6,614.2,56064,53403,42370,
16724,94149,42.6,615.09,55798,52772,41851,
16727,94155,42.6,614.91,55490,52489,41946,
16730,94158,42.6,614.38,54995,52418,41546,
16734,94152,42.6,614.82,54931,52319,41424,
16737,94154,42.6,614.91,54609,51972,41260,
16740,94159,42.6,614.65,53903,51448,40871,
16743,94160,42.6,614.65,53656,51327,40684,
16746,94157,42.6,614.56,52260,50193,39771,
16749,94153,42.6,614.56,50861,48943,38871,
16752,94152,42.6,614.91,50607,48716,38779,
16756,94154,42.6,614.82,52178,49987,39874,
16759,94155,42.6,614.91,50650,48797,38867,
16762,94155,42.6,615.44,46490,45804,36864,
16765,94155,42.6,615.09,41961,41955,33492,
16768,94160,42.6,614.2,41779,41712,33406,
16771,94154,42.6,614.56,46792,45530,36790,
16774,94156,42.6,615.26,53132,51134,40523,
16777,94153,42.7,615.18,54716,52126,41339,
16781,94156,42.7,614.65,54868,52365,41499,
16784,94161,42.7,614.91,54166,51703,41044,
16787,94149,42.7,615,53327,51045,40417,
16790,94155,42.7,615.18,53653,51376,40752,
16793,94150,42.7,614.91,53009,50672,40189,
16796,94155,42.7,614.73,52376,50276,39801,
16799,94152,42.7,615.26,51397,49413,39424,
16803,94156,42.7,614.73,50212,48563,38669,
16806,94155,42.7,614.82,50236,48553,38637,
16809,94157,42.8,614.65,50747,48901,38900,
16812,94159,42.8,614.65,50917,49089,38984,
16815,94161,42.8,615.09,50588,48727,38747,
16818,94154,42.8,614.82,49956,48103,38291,
16821,94155,42.8,615.44,49601,48088,38159,
16824,94156,42.9,615,50320,48715,38609,
16828,94153,42.9,614.65,51011,49112,39066,
16831,94157,42.9,614.65,51405,49402,39310,
16834,94159,42.9,615.35,49975,48353,38616,
16837,94155,42.9,615.26,49078,47632,37623,
16840,94156,42.9,614.73,47961,46575,37305,
16843,94155,42.9,614.11,49477,48087,37900,
16846,94153,42.9,614.73,49064,47701,37909,
16850,94156,42.9,615,49354,47979,38082,
16853,94155,42.9,614.73,50958,49206,39030,
16856,94151,42.9,615.09,51437,49621,39238,
16859,94153,42.9,614.91,51163,49303,39254,
16862,94156,43,614.91,50941,49298,38906,
16865,94152,43,614.73,50145,48502,38526,
16868,94154,42.9,614.65,49704,48088,38329,
16871,94155,42.9,614.73,49966,48424,38422,
16875,94156,42.9,615,50276,48556,38694,
16878,94155,42.9,615.26,49856,48229,38406,
16881,94149,42.9,615.09,50050,48369,38442,
16884,94156,42.9,615.44,49453,47916,38081,
16887,94148,43,615.26,48911,47528,37817,
16890,94144,43,615,48597,47247,37621,
16893,94149,43,615.53,48566,47197,37587,
16897,94150,43,615.53,49435,47934,38054,
16900,94152,43,615.09,49314,47842,38079,
16903,94152,43,615.26,48839,47436,37745,
16906,94152,43.1,615.44,48450,47160,37541,
16909,94157,43.1,615.26,49835,48255,38445,
16912,94153,43.1,614.47,50253,48683,38579,
16915,94153,43.1,615.09,50749,49141,39140,
16918,94152,43.1,614.91,50836,49090,39006,
16922,94156,43.1,615.18,50550,48884,38872,
16925,94156,43.1,614.82,49305,47887,38152,
16928,94156,43.1,615.26,48932,47599,37861,
16931,94154,43.1,615.26,49606,48017,38123,
16934,94156,43.1,614.38,49266,47876,37972,
16937,94158,43.1,614.2,48310,47006,37584,
16940,94153,43.2,614.73,47180,46146,36829,
16944,94149,43.2,615,46810,45890,36566,
16947,94157,43.2,615,47908,46777,37248,
16950,94155,43.2,615.09,48267,47081,37390,
16953,94154,43.2,614.56,49067,47902,38201,
16956,94156,43.2,614.65,49549,48250,38331,
16959,94159,43.2,614.82,50443,48920,38653,
16962,94154,43.2,614.91,51105,49380,39289,
16965,94159,43.2,614.65,51388,49418,39467,
16969,94159,43.2,614.91,50853,49082,38991,
16972,94154,43.2,615.18,49495,48021,38233,
16975,94160,43.2,614.56,50402,48681,38750,
16978,94156,43.2,614.73,50495,48827,38772,
16981,94155,43.2,614.29,49473,47975,38234,
16984,94160,43.3,614.38,48487,47275,37597,
16987,94154,43.3,614.56,48997,47608,37926,
16991,94156,43.3,614.38,50518,48787,38812,
16994,94159,43.3,614.29,51013,49098,39102,
16997,94164,43.3,614.47,50388,48680,38731,
17000,94157,43.2,614.56,50685,48939,38986,
17003,94165,43.2,614.11,50693,48698,38790,
17006,94161,43.2,614.11,50938,49086,39019,
17009,94157,43.2,614.38,51225,49355,39225,
17012,94161,43.3,614.11,50117,48480,38630,
17016,94161,43.3,614.56,50163,48448,38520,
17019,94159,43.3,614.29,49106,47540,37879,
17022,94156,43.3,614.2,48621,47158,37507,
17025,94159,43.3,614.47,49595,47989,38249,
17028,94158,43.3,614.91,49451,47815,38034,
17031,94162,43.3,614.65,48881,47405,37754,
17034,94159,43.3,614.56,49008,47552,37829,
17038,94156,43.3,614.82,49520,47738,38006,
17041,94157,43.3,614.56,50035,48297,38491,
17044,94157,43.4,614.82,50843,49013,38975,
17047,94156,43.4,614.73,51557,49548,39460,
17050,94159,43.4,613.85,51222,49348,39230,
17053,94155,43.4,614.47,51159,49180,39118,
17056,94159,43.4,614.11,52028,49784,39699,
17059,94162,43.4,613.94,52246,50016,39767,
17063,94160,43.4,614.73,51113,49158,39118,
17066,94161,43.4,614.38,50774,48836,38866,
17069,94163,43.4,613.94,50197,48359,38463,
17072,94162,43.4,614.29,48902,47399,37698,
17075,94158,43.4,614.38,47027,45804,36521,
17078,94165,43.5,614.47,47165,45886,36543,
17081,94162,43.5,614.65,47962,46747,37184,
17085,94161,43.5,615,49088,47562,37847,
17088,94164,43.5,614.2,49726,47926,38198,
17091,94162,43.5,614.47,49858,48042,38233,
17094,94163,43.5,614.29,49953,47948,38124,
17097,94159,43.5,613.67,49738,47969,38153,
17100,94161,43.5,614.2,49563,47926,38120,
17103,94160,43.5,614.2,50251,48226,38404,
17106,94158,43.5,614.38,50253,48334,38424,
17110,94160,43.5,614.38,50659,48686,38642,
17113,94164,43.5,614.47,50666,48672,38689,
17116,94161,43.5,613.94,50493,48471,38519,
17119,94164,43.5,614.38,50846,48732,38817,
17122,94160,43.5,614.38,50980,48914,38888,
17125,94162,43.5,614.2,50922,48829,38858,
17128,94161,43.5,614.2,50751,48555,38595,
17132,94163,43.6,614.47,51205,49022,38952,
17135,94161,43.6,614.56,51087,48967,38929,
17138,94157,43.6,613.94,51042,48882,38773,
17141,94161,43.6,614.2,51147,49035,38997,
17144,94153,43.6,614.11,51025,48870,38869,
17147,94161,43.6,614.65,50102,48203,38152,
17150,94157,43.6,614.73,47585,45963,36669,
17153,94159,43.6,614.47,47387,45913,36583,
17157,94157,43.6,614.29,48361,46647,37185,
17160,94152,43.6,614.47,47485,45993,36577,
17163,94160,43.6,614.73,46179,44848,35837,
17166,94158,43.6,614.91,45007,43801,34932,
17169,94163,43.6,614.47,45380,44095,35242,
17172,94160,43.6,614.29,45838,44509,35475,
17175,94157,43.6,614.65,45353,44230,35020,
17179,94162,43.6,614.29,44253,43280,34497,
17182,94158,43.6,614.82,43840,42894,34232,
17185,94155,43.6,614.56,45347,44168,35258,
17188,94158,43.6,614.82,46211,44744,35735,
17191,94155,43.6,615,46268,44899,35707,
17194,94157,43.6,614.91,45834,44512,35442,
17197,94155,43.6,614.73,45419,44101,35057,
17200,94152,43.5,614.82,45333,44192,35146,
17204,94162,43.6,614.65,47326,45589,36266,
17207,94152,43.6,614.91,49293,47375,37661,
17210,94157,43.6,614.29,49733,47610,37758,
17213,94152,43.5,614.82,49768,47569,37747,
17216,94157,43.5,614.38,49823,47865,37762,
17219,94154,43.5,615.09,49997,47886,37926,
17222,94158,43.6,613.94,50074,47895,38036,
17226,94160,43.6,614.47,49779,47693,37869,
17229,94159,43.6,614.47,49122,47234,37558,
17232,94158,43.6,614.47,50301,47970,38014,
17235,94156,43.5,614.91,50547,48324,38166,
17238,94155,43.5,614.47,50194,48208,38142,
17241,94163,43.5,614.47,49614,47675,37718,
17244,94156,43.5,614.47,49146,47177,37542,
17247,94165,43.5,614.11,48000,46296,36645,
17251,94161,43.5,614.73,48210,46360,36918,
17254,94154,43.4,614.91,47455,45803,36186,
17257,94157,43.4,615.18,47414,45658,36240,
17260,94160,43.4,614.47,47117,45218,36151,
17263,94155,43.4,614.29,49171,47433,37562,
17266,94163,43.4,614.73,49187,47214,37508,
17269,94154,43.4,615.09,48292,46423,36853,
17273,94153,43.4,615.09,47991,46115,36758,
17276,94150,43.4,614.29,48782,47039,37217,
17279,94157,43.4,614.65,49059,47093,37302,
17282,94153,43.4,614.91,50132,47787,37677,
17285,94164,43.4,614.2,50279,48093,38058,
17288,94154,43.3,614.38,50172,47951,37919,
17291,94159,43.3,615.18,49669,47501,37748,
17294,94166,43.3,614.2,48344,46462,36905,
17298,94165,43.3,614.2,48967,47157,37442,
17301,94160,43.3,615.26,49138,47291,37117,
17304,94163,43.3,614.47,49112,47256,37391,
17307,94163,43.3,614.65,46091,45125,36138,
17310,94163,43.3,614.29,34037,35312,27608,
17313,94160,43.3,614.29,24363,26865,22160,
17316,94161,43.3,614.56,25096,27421,22711,
17320,94162,43.3,614.29,36157,37577,29828,
17323,94155,43.3,614.11,46712,45069,35689,
17326,94159,43.3,613.94,48170,46351,36716,
17329,94162,43.3,614.2,46747,45073,35965,
17332,94161,43.3,614.03,45835,44513,35288,
17335,94160,43.3,614.47,42843,42143,33393,
17338,94160,43.3,614.65,44550,43197,34340,
17341,94166,43.3,614.2,48414,46334,36967,
17345,94162,43.3,613.94,49194,46973,37299,
17348,94159,43.3,614.38,48412,46484,36924,
17351,94161,43.3,614.38,47972,46062,36709,
17354,94165,43.3,614.2,47139,45479,35917,
17357,94158,43.3,614.73,45925,44422,35413,
17361,94158,43.3,614.56,46160,44471,35688,
17364,94158,43.3,614.38,45737,44125,35183,
17367,94159,43.3,614.38,45672,44481,35311,
17370,94162,43.2,614.03,45235,43787,34774,
17373,94159,43.2,614.38,45269,44196,35196,
17376,94162,43.2,614.03,45818,44221,35508,
17379,94155,43.2,614.47,46959,45184,35983,
17382,94160,43.2,614.82,47414,45553,36117,
17386,94163,43.2,614.38,47950,46273,36643,
17389,94156,43.2,614.65,48045,46491,36863,
17392,94156,43.2,615,47991,46338,36822,
17395,94159,43.2,614.56,48293,46404,36921,
17398,94158,43.2,614.47,48694,46762,37114,
17401,94159,43.2,614.73,48782,46813,37156,
17404,94156,43.2,614.73,48769,46864,37185,
17408,94154,43.2,614.65,49724,47495,37563,
17411,94154,43.2,614.38,50025,47882,37896,
17414,94165,43.2,614.73,50132,47986,37963,
17417,94160,43.2,614.47,49989,47815,37983,
17420,94160,43.2,614.82,46923,45091,35839,
17423,94159,43.2,614.65,43486,42542,33849,
17426,94167,43.2,613.67,47094,45326,36169,
17429,94166,43.2,614.29,49801,47884,37793,
17433,94161,43.2,614.73,50631,48349,38341,
17436,94162,43.2,614.2,50731,48434,38490,
17439,94158,43.2,614.47,50551,48340,38322,
17442,94163,43.1,613.59,50475,48284,38175,
17445,94164,43.1,613.94,49816,47637,37893,
17448,94159,43.1,614.2,48599,46719,37114,
17451,94162,43.1,614.03,49582,47537,37724,
17455,94160,43.1,614.38,50261,48033,38174,
17458,94161,43.1,614.56,50287,48064,38194,
17461,94164,43.1,614.03,49844,47693,37908,
17464,94159,43.1,614.47,49814,47765,37836,
17467,94162,43.1,614.2,50079,47872,38170,
17470,94159,43.1,614.65,49854,47878,38038,
17473,94158,43.1,614.82,49468,47550,37802,
17476,94158,43.1,614.82,49323,47396,37644,
17480,94154,43.1,614.65,49708,47710,37855,
17483,94161,43.1,614.2,50058,48004,38076,
17486,94158,43.1,614.47,50288,48150,38245,
17489,94158,43.1,614.38,50555,48421,38453,
17492,94160,43.1,614.38,50625,48552,38611,
17495,94160,43.1,614.11,50275,48165,38358,
17498,94161,43.1,614.56,50382,48471,38511,
17502,94160,43.1,614.56,50269,48193,38266,
17505,94160,43.1,614.91,50255,48110,38165,
17508,94158,43.1,614.47,50328,48395,38472,
17511,94161,43,614.29,50459,48602,38539,
17514,94161,43,614.47,50493,48376,38554,
17517,94165,43,614.65,50232,48101,38257,
17520,94160,43,615.09,49107,47385,37672,
17523,94163,43,614.56,48771,47017,37401,
17527,94153,43,614.29,48827,47082,37453,
17530,94161,43,614.2,48600,46925,37337,
17533,94168,43,614.29,49164,47503,37784,
17536,94170,43,614.11,49463,47418,37673,
17539,94161,43,613.41,49989,48031,38133,
17542,94165,43,613.41,50196,48200,38200,
17545,94162,42.9,614.38,50570,48419,38600,
17549,94160,43,614.65,50076,48050,38325,
17552,94167,42.9,614.03,49990,48072,38137,
17555,94154,42.9,614.56,49800,47843,38021,
17558,94156,42.9,615.09,49800,47889,38053,
17561,94160,42.9,614.65,49992,47961,38149,
17564,94155,42.9,614.38,50480,48391,38409,
17567,94162,42.9,614.65,50394,48239,38392,
17570,94159,42.9,614.56,50417,48339,38392,
17574,94157,42.9,614.73,50107,47979,38267,
17577,94160,42.9,614.73,49126,47326,37649,
17580,94158,42.9,614.38,49089,47335,37735,
17583,94157,42.9,614.56,48795,46947,37391,
17586,94157,42.9,614.29,48558,46867,37149,
17589,94158,42.9,614.47,48819,47088,37535,
17592,94162,42.9,614.65,48916,47139,37478,
17596,94160,42.9,614.29,48616,46845,37155,
17599,94156,42.9,614.65,47993,46494,37073,
17602,94156,42.9,614.73,47859,46097,36640,
17605,94157,42.9,614.82,47859,46168,36792,
17608,94158,42.9,614.38,47743,46076,36704,
17611,94161,42.9,614.38,47205,45692,36396,
17614,94160,42.9,614.82,46903,45466,36192,
17617,94153,42.9,614.56,46913,45513,36267,
17621,94158,42.9,614.73,46504,45155,36020,
17624,94156,42.9,614.91,47306,45871,36472,
17627,94157,42.9,614.47,48269,46478,37016,
17630,94155,42.9,614.73,48440,46680,37129,
17633,94158,42.9,614.82,48256,46597,37103,
17636,94155,42.9,614.91,48415,46577,37060,
17639,94163,42.9,614.29,48968,47136,37601,
17643,94158,42.9,614.38,50086,47995,38089,
17646,94155,42.9,614.91,50961,48756,38676,
17649,94153,42.9,614.82,50958,48545,38544,
17652,94159,42.9,614.82,50097,47979,38108,
17655,94159,42.9,614.73,50817,48486,38500,
17658,94162,42.9,614.56,51141,48739,38735,
17661,94157,42.9,614.73,51336,48933,38878,
17664,94159,42.9,614.82,51356,48946,38914,
17668,94158,42.9,615.18,51489,49067,38991,
17671,94155,42.9,614.47,51597,49130,39003,
17674,94158,42.9,614.47,51416,49020,39066,
17677,94158,42.9,614.47,51183,48720,38778,
17680,94159,42.9,615,51071,48712,38732,
17683,94159,42.9,614.47,51100,48695,38732,
17686,94158,42.9,614.65,51234,48813,38803,
17690,94151,42.9,614.91,51292,48728,38725,
17693,94157,42.9,614.38,51204,48779,38821,
17696,94164,42.9,614.29,51712,49058,39127,
17699,94153,42.8,614.73,51393,48966,38882,
17702,94155,42.9,614.73,51254,48781,38790,
17705,94157,42.8,615.26,51194,48719,38733,
17708,94154,42.8,614.56,51207,48748,38590,
17711,94152,42.8,614.82,51016,48586,38548,
17715,94150,42.8,615.35,50980,48449,38548,
17718,94156,42.8,615.09,51059,48708,38690,
17721,94155,42.8,615,50897,48371,38439,
17724,94149,42.8,615.18,50710,48340,38367,
17727,94145,42.8,615.35,50644,48255,38320,
17730,94151,42.8,615.18,50663,48290,38305,
17733,94153,42.8,614.65,50736,48271,38378,
17737,94154,42.8,615.44,50351,47973,38172,
17740,94154,42.8,615.35,49535,47396,37740,
17743,94153,42.8,614.82,49558,47214,37687,
17746,94154,42.8,615.35,50435,48081,38212,
17749,94154,42.8,615.09,50553,47996,38197,
17752,94154,42.8,614.82,50582,48090,38215,
17755,94154,42.8,614.91,50285,47882,38075,
17758,94162,42.8,614.91,50370,47901,38110,
17762,94155,42.8,614.73,50524,47993,38176,
17765,94152,42.8,614.56,50637,48102,38263,
17768,94154,42.8,614.91,50486,47968,38165,
17771,94153,42.8,614.91,50220,47683,37985,
17774,94151,42.8,614.56,50227,47756,38055,
17777,94155,42.8,615.09,50425,47965,38150,
17780,94151,42.8,615,50135,47664,38018,
17784,94154,42.8,615,50157,47582,37923,
17787,94157,42.8,615.09,50420,47855,38169,
17790,94154,42.8,614.65,50372,47923,38022,
17793,94151,42.8,615.09,50064,47556,37785,
17796,94157,42.8,615,49677,47402,37790,
17799,94157,42.8,615.26,49105,46676,37382,
17802,94154,42.8,614.82,48065,45822,36550,
17805,94154,42.8,615,47050,45081,35971,
17809,94157,42.8,614.65,46790,44936,35794,
17812,94158,42.8,615,47048,45121,36039,
17815,94148,42.8,615.18,47881,45714,36519,
17818,94154,42.8,614.73,47933,45782,36448,
17821,94152,42.8,614.73,48438,46222,36733,
17824,94157,42.8,614.82,48186,45927,36596,
17827,94156,42.8,614.65,47878,45683,36396,
17831,94163,42.8,614.56,47624,45491,36301,
17834,94157,42.8,614.65,47318,45137,36034,
17837,94153,42.8,615.18,48130,45830,36488,
17840,94146,42.8,615.09,48456,46032,36917,
17843,94156,42.8,614.65,48463,46068,36553,
17846,94155,42.8,614.47,48793,46350,36880,
17849,94152,42.8,615.62,48581,46285,36786,
17852,94147,42.8,615.26,47713,45317,36224,
17856,94151,42.8,615.18,40880,40067,31918,
17859,94148,42.7,614.65,41681,41022,32573,
17862,94154,42.7,615,42984,41737,33438,
17865,94154,42.7,614.38,42308,41400,32896,
17868,94156,42.7,614.65,40514,39814,31876,
17871,94155,42.7,615.09,44992,43103,34237,
17874,94157,42.7,614.56,47661,45483,36170,
17878,94160,42.7,615,48028,45647,36269,
17881,94150,42.7,615,47792,45492,36184,
17884,94151,42.7,615.35,47339,44945,35881,
17887,94150,42.7,615,47061,44794,35692,
17890,94151,42.7,614.82,46812,44725,35507,
17893,94153,42.7,614.82,46889,44694,35582,
17896,94151,42.7,615.44,47138,44940,35915,
17899,94156,42.7,615.09,47200,45057,35951,
17903,94149,42.7,614.82,47064,44990,35799,
17906,94155,42.7,614.91,47306,45088,35889,
17909,94154,42.7,614.91,47451,45216,36024,
17912,94155,42.7,614.91,47432,45227,35939,
17915,94153,42.7,615.26,47110,44943,35711,
17918,94152,42.7,614.91,46398,44252,35223,
17921,94153,42.7,615,46725,44549,35429,
17925,94156,42.7,614.91,47498,45214,36084,
17928,94154,42.7,615,48286,45860,36489,
17931,94150,42.7,615.09,48655,46200,36856,
17934,94154,42.7,615.18,48617,46049,36704,
17937,94153,42.7,615,48210,45804,36408,
17940,94152,42.7,615.26,48189,45844,36303,
17943,94157,42.7,615.09,47703,45480,36150,
17946,94159,42.7,614.73,47864,45611,36198,
17950,94151,42.7,614.65,48206,45815,36434,
17953,94147,42.6,615,48276,45819,36470,
17956,94160,42.7,614.56,48524,46017,36639,
17959,94159,42.7,614.73,48001,45541,36306,
17962,94157,42.6,614.82,47548,45259,35998,
17965,94157,42.6,614.91,47129,44992,35859,
17968,94153,42.7,614.82,47377,45105,35944,
17972,94155,42.6,615.53,47720,45403,36135,
17975,94146,42.6,614.91,48052,45487,36190,
17978,94152,42.6,615,47719,45434,36251,
17981,94155,42.6,614.91,48400,45961,36531,
17984,94154,42.6,615.35,48808,46215,36760,
17987,94156,42.6,614.82,48808,46235,36790,
17990,94157,42.6,614.73,48656,45990,36578,
17993,94158,42.6,615.09,48821,46256,36762,
17997,94158,42.6,614.91,49086,46383,36918,
18000,94150,42.6,615.44,49562,46836,37276,
18003,94148,42.6,615.18,49602,46963,37265,
18006,94152,42.6,615.26,47885,45306,36178,
18009,94150,42.6,614.82,43521,42072,33739,
18012,94156,42.6,614.82,41717,40543,32521,
18015,94151,42.6,615.18,45775,43612,34693,
18019,94153,42.6,614.82,49462,46750,37233,
18022,94157,42.6,614.73,49974,47188,37554,
18025,94151,42.6,614.65,49864,47239,37581,
18028,94150,42.6,614.65,49839,47061,37476,
18031,94149,42.6,615.53,49835,47108,37420,
18034,94153,42.6,615.09,49911,47118,37457,
18037,94148,42.6,615.53,49907,47084,37493,
18040,94149,42.6,615,49961,47221,37571,
18044,94151,42.5,615.44,49905,47002,37500,
18047,94140,42.5,615.97,49805,46964,37333,
18050,94151,42.5,615.44,49809,47030,37446,
18053,94143,42.5,615.18,49749,46924,37392,
18056,94147,42.5,615.62,49753,46932,37401,
18059,94153,42.5,615.44,49756,46984,37393,
18062,94143,42.6,615.53,49721,46934,37337,
18066,94148,42.5,615.53,49631,46797,37304,
18069,94144,42.6,615.62,49675,46889,37359,
18072,94145,42.6,615.97,49765,46973,37422,
18075,94148,42.6,615.71,49760,47008,37467,
18078,94148,42.6,615.35,49885,47196,37548,
18081,94149,42.6,615.71,49784,47030,37476,
18084,94150,42.6,615.44,49758,46944,37487,
18087,94149,42.6,615.71,49796,47079,37470,
18091,94147,42.5,615.8,49740,46908,37322,
18094,94148,42.6,615.44,49726,46955,37406,
18097,94147,42.6,615.62,49488,46867,37331,
18100,94145,42.6,616.06,49496,46757,37237,
18103,94141,42.6,615.88,49448,46746,37214,
18106,94147,42.6,615.8,49172,46510,37085,
18109,94148,42.6,614.73,49202,46522,37087,
18113,94141,42.6,615.8,49227,46629,37070,
18116,94142,42.6,615.26,49204,46531,37106,
18119,94150,42.5,615.88,49236,46594,37123,
18122,94145,42.5,615.71,49296,46635,37183,
18125,94146,42.5,615.8,49001,46395,36908,
18128,94144,42.5,615.8,48028,45498,36335,
18131,94146,42.5,615.62,47326,45020,35955,
18134,94148,42.5,615.62,47336,45023,35956,
18138,94146,42.5,615.62,47416,45125,35965,
18141,94148,42.5,615.62,48269,45725,36532,
18144,94147,42.5,615,48814,46292,36924,
18147,94154,42.5,614.91,48419,45892,36635,
18150,94148,42.5,615.18,48379,45801,36522,
18153,94146,42.5,615.71,48480,46040,36697,
18156,94149,42.5,615.09,48128,45757,36329,
18160,94149,42.5,615.35,47681,45239,36116,
18163,94150,42.5,615.71,48056,45676,36477,
18166,94142,42.5,615.97,47904,45548,36238,
18169,94152,42.5,615.09,47390,45101,36000,
18172,94147,42.5,615.26,47542,45332,36049,
18175,94146,42.5,615.44,47276,45055,35633,
18178,94151,42.5,615.26,47218,45040,35761,
18181,94154,42.5,614.82,47100,44791,36023,
18185,94149,42.5,615.8,46911,44526,35689,
18188,94148,42.5,615.18,46055,44205,35337,
18191,94149,42.5,615.62,45261,43231,34708,
18194,94151,42.5,614.91,45808,44036,35110,
18197,94144,42.5,615.18,44274,42660,33975,
18200,94151,42.5,615,43397,41918,33568,
18203,94152,42.5,615.53,44458,42645,34042,
18207,94147,42.5,614.47,43907,42299,33694,
18210,94152,42.5,614.73,44374,42567,33964,
18213,94156,42.5,614.82,45282,43415,34702,
18216,94152,42.5,614.91,45749,43736,34954,
18219,94153,42.5,615.09,46509,44244,35233,
18222,94162,42.5,614.56,47097,44951,35724,
18225,94149,42.5,614.91,47420,45053,35955,
18228,94156,42.5,615,46806,44600,35522,
18232,94154,42.5,614.73,45908,43855,35067,
18235,94152,42.5,615,46259,44107,35075,
18238,94151,42.5,615.09,47715,45331,36111,
18241,94156,42.5,614.2,47542,45182,36030,
18244,94152,42.5,615.18,47352,45039,35940,
18247,94156,42.5,615,47265,45049,35742,
18250,94148,42.5,614.73,47372,45011,35803,
18254,94153,42.5,615.35,48190,45644,36447,
18257,94152,42.5,615.18,48532,45897,36535,
18260,94160,42.5,614.73,48477,45958,36490,
18263,94149,42.5,615,48355,45735,36485,
18266,94152,42.5,615.35,48550,45961,36545,
18269,94152,42.5,615.35,48405,45848,36451,
18272,94149,42.5,615.26,48156,45609,36336,
18275,94151,42.5,615.35,48579,45958,36535,
18279,94146,42.5,615.18,48694,46068,36675,
18282,94149,42.5,615.8,48750,46112,36692,
18285,94150,42.5,614.91,48842,46247,36751,
18288,94152,42.5,615.09,48702,46145,36666,
18291,94149,42.4,615.26,48372,45737,36378,
18294,94149,42.5,614.91,48141,45593,36288,
18297,94153,42.5,615.35,48120,45590,36275,
18301,94155,42.4,615.26,48140,45593,36286,
18304,94154,42.4,615.53,47823,45297,36002,
18307,94145,42.5,615.18,47258,44926,35773,
18310,94153,42.4,614.82,47230,45074,35806,
18313,94151,42.4,615.62,46783,44618,35581,
18316,94149,42.5,615.35,46226,44123,35276,
18319,94152,42.5,615.53,46500,44274,35258,
18322,94152,42.5,615.71,46485,44132,35143,
18326,94150,42.4,615.09,46688,44435,35401,
18329,94151,42.4,614.91,46809,44398,35457,
18332,94148,42.4,615.18,46611,44294,35257,
18335,94152,42.4,614.91,45939,43766,34884,
18338,94147,42.4,615,45223,43439,34609,
18341,94148,42.4,615.8,45699,43526,34663,
18344,94148,42.4,615.53,45697,43583,34539,
18348,94152,42.4,615,44534,42474,33946,
18351,94150,42.4,615.35,42940,41293,32959,
18354,94156,42.4,614.91,43000,41234,32985,
18357,94149,42.4,615.09,42537,40994,32776,
18360,94151,42.4,614.82,42006,40528,32293,
18363,94156,42.4,615.35,41715,40187,32165,
18366,94151,42.4,615.26,41700,40224,32189,
18369,94154,42.4,614.91,41870,40354,32271,
18373,94151,42.4,615.35,42216,40906,32666,
18376,94154,42.4,615.18,42844,41130,32910,
18379,94154,42.4,615.18,44164,42340,33699,
18382,94152,42.4,614.82,45259,43033,34311,
18385,94156,42.4,614.91,45771,43446,34550,
18388,94153,42.4,614.73,46194,43823,34890,
18391,94152,42.4,615.35,46233,43847,34879,
18395,94151,42.4,615,46582,43957,35130,
18398,94157,42.4,615.35,46427,44086,35061,
18401,94156,42.4,615.62,46503,44116,35060,
18404,94151,42.4,615,45864,43454,34618,
18407,94146,42.4,615.26,44788,42623,34088,
18410,94153,42.4,614.82,45066,42833,34144,
18413,94147,42.4,615.18,44993,42813,34127,
18416,94144,42.4,615.18,45149,42942,34275,
18420,94155,42.4,615.35,45378,43128,34321,
18423,94153,42.4,615.53,46236,43781,34802,
18426,94156,42.4,614.65,46567,44074,35007,
18429,94152,42.4,615.26,46282,43918,34874,
18432,94154,42.4,615,46746,44308,35138,
18435,94155,42.4,615,46422,43976,34929,
18438,94154,42.4,614.91,46313,43900,34944,
18442,94155,42.4,614.47,44654,42777,33685,
18445,94155,42.3,614.65,44536,42329,33743,
18448,94152,42.3,615,45181,43026,34202,
18451,94154,42.3,614.82,45402,43226,34383,
18454,94149,42.3,615.26,44708,42567,33994,
18457,94157,42.3,615.09,43995,41948,33272,
18460,94150,42.3,615.09,43377,41365,33048,
18463,94156,42.3,615.09,42859,41020,32672,
18467,94147,42.3,615.18,43273,41546,33201,
18470,94154,42.3,615.44,43768,41787,33368,
18473,94145,42.3,615.09,43384,41421,33054,
18476,94151,42.3,615,43074,41190,32788,
18479,94155,42.3,614.91,43054,41103,32783,
18482,94150,42.3,615.44,44330,42038,33663,
18485,94151,42.3,615.35,45566,43237,34370,
18489,94158,42.3,614.29,45528,43107,34341,
18492,94153,42.3,615.35,44167,41956,33432,
18495,94159,42.3,614.73,42441,40691,32532,
18498,94154,42.3,615.09,41593,39920,31807,
18501,94156,42.3,614.29,41190,39594,31638,
18504,94156,42.3,614.73,41885,40090,32029,
18507,94157,42.3,614.65,42475,40692,32427,
18510,94157,42.3,614.38,41469,39736,31780,
18514,94159,42.3,614.82,41096,39441,31534,
18517,94156,42.3,614.56,41395,39681,31782,
18520,94158,42.3,614.56,40966,39363,31491,
18523,94162,42.3,614.82,41263,39643,31668,
18526,94154,42.3,614.65,41303,39572,31634,
18529,94154,42.3,615.09,42110,40257,32153,
18532,94160,42.3,614.2,43369,41368,33028,
18536,94151,42.3,614.82,43369,41297,32819,
18539,94159,42.3,614.56,43285,41293,32806,
18542,94152,42.3,614.91,43595,41520,33086,
18545,94159,42.3,614.56,44589,42296,33671,
18548,94155,42.3,614.82,44497,42164,33624,
18551,94155,42.3,614.47,43983,41796,33314,
18554,94155,42.3,615.09,44469,42135,33627,
18558,94153,42.3,615.26,45930,43503,34590,
18561,94151,42.3,614.91,47121,44333,35244,
18564,94153,42.3,615.18,47488,44612,35427,
18567,94158,42.3,615,47688,44776,35525,
18570,94155,42.2,615.35,47819,44906,35689,
18573,94151,42.2,614.82,47829,44959,35737,
18576,94155,42.3,615.09,47822,44906,35687,
18579,94158,42.3,615.18,47786,44902,35608,
18583,94152,42.2,614.56,47782,44850,35658,
18586,94153,42.2,615.35,47333,44478,35384,
18589,94156,42.2,615.18,46569,43918,34966,
18592,94148,42.2,615.35,46413,43767,34827,
18595,94147,42.2,615.53,46469,43844,34849,
18598,94148,42.2,615.18,46278,43711,34721,
18601,94151,42.2,615.8,45638,43231,34431,
18605,94149,42.2,615.18,45526,43044,34232,
18608,94150,42.2,614.91,46352,43704,34861,
18611,94146,42.2,615.53,45533,43130,34351,
18614,94146,42.2,615.35,45543,43104,34301,
18617,94146,42.2,615.35,45367,42981,34238,
18620,94146,42.2,615.53,45506,43040,34312,
18623,94155,42.2,615.26,46875,44255,35185,
18626,94151,42.2,615.71,47051,44354,35252,
18630,94149,42.2,615.35,46872,44152,35170,
18633,94149,42.2,615.44,47344,44510,35405,
18636,94150,42.2,614.91,47774,44964,35790,
18639,94147,42.2,615.62,47747,44894,35711,
18642,94147,42.2,615.53,47475,44617,35447,
18645,94148,42.2,616.06,46806,44074,35071,
18648,94143,42.2,615.88,45922,43458,34630,
18652,94143,42.2,615.53,45658,43230,34493,
18655,94146,42.2,616.15,46354,43794,34833,
18658,94145,42.2,615.8,47135,44397,35334,
18661,94147,42.2,615.35,47449,44664,35535,
18664,94145,42.2,615.97,47025,44303,35275,
18667,94142,42.2,615.71,46870,44157,35190,
18670,94148,42.2,615.88,46728,44088,35086,
18673,94150,42.2,615.44,46615,44053,35068,
18677,94149,42.2,615.53,46276,43709,34801,
18680,94148,42.2,615.71,45746,43254,34509,
18683,94146,42.2,615.71,44715,42532,33947,
18686,94151,42.2,615.18,43018,40962,32729,
18689,94150,42.2,615.35,40655,39240,31441,
18692,94149,42.2,615.62,39195,37985,30553,
18695,94150,42.2,614.82,39288,38134,30505,
18699,94147,42.2,614.91,40401,38941,31155,
18702,94148,42.2,615.35,40421,38976,31189,
18705,94152,42.2,615,40033,38795,31024,
18708,94154,42.2,615.18,39946,38561,30920,
18711,94146,42.2,615.26,39747,38426,30829,
18714,94152,42.2,614.91,40542,39014,31209,
18717,94149,42.2,615.35,40261,38905,31046,
18720,94149,42.2,615.18,39131,37970,30384,
18724,94152,42.2,615.35,41598,39879,31799,
18727,94150,42.2,614.91,42814,40870,32596,
18730,94148,42.2,615.53,43605,41473,33110,
18733,94156,42.2,615.44,44554,42278,33762,
18736,94156,42.2,615.09,44269,42103,33557,
18739,94153,42.2,614.91,44450,42397,33758,
18742,94157,42.2,614.65,45372,42966,34291,
18746,94152,42.2,615.18,45680,43272,34459,
18749,94156,42.2,615.44,45264,42955,34239,
18752,94150,42.2,615.26,44428,42222,33678,
18755,94154,42.2,615,42316,40626,32451,
18758,94155,42.2,614.73,41117,39736,31765,
18761,94153,42.2,615,41477,40136,32022,
18764,94155,42.2,615.09,42388,40654,32500,
18767,94157,42.2,615.09,43196,41464,32929,
18771,94152,42.2,615.44,44534,42448,33636,
18774,94151,42.2,615.26,44960,42827,34108,
18777,94155,42.2,615.09,44744,42884,33987,
18780,94153,42.2,615.26,44244,42134,33563,
18783,94153,42.2,614.56,43547,41620,33143,
18786,94158,42.2,614.65,42978,41168,32923,
18789,94155,42.2,614.82,43147,41635,33063,
18793,94158,42.1,614.82,43100,41609,33132,
18796,94145,42.1,614.82,43646,41768,33471,
18799,94153,42.1,614.38,44252,42250,33700,
18802,94152,42.1,614.29,44210,42509,33812,
18805,94153,42.1,615.26,44588,42620,33774,
18808,94149,42.1,614.82,44605,42542,33906,
18811,94152,42.1,614.29,43988,42118,33529,
18814,94151,42.1,615.53,43571,41736,33374,
18818,94152,42.1,615.09,43743,41991,33412,
18821,94153,42.1,614.73,45234,43062,34260,
18824,94155,42.1,615.18,46494,44111,35008,
18827,94142,42.1,615.62,46509,44144,35084,
18830,94149,42.1,615.09,46584,44162,35284,
18833,94152,42.1,615.26,46945,44470,35418,
18836,94154,42.1,614.73,45624,43692,34777,
18840,94152,42.1,615.09,45235,43306,34304,
18843,94153,42.1,615.09,45543,43471,34400,
18846,94151,42.1,615.35,45840,43557,34668,
18849,94156,42.1,614.73,45827,43793,34653,
18852,94160,42.1,614.47,45367,43230,34225,
18855,94159,42.1,615,45297,43158,34350,
18858,94157,42.1,614.65,45390,43338,34399,
18861,94153,42.1,615.18,45275,43279,34369,
18865,94156,42.1,615,44650,42753,34030,
18868,94157,42.1,614.56,44090,42294,33616,
18871,94160,42.1,614.73,43755,41956,33531,
18874,94155,42.1,614.56,43377,41677,33225,
18877,94159,42.1,614.38,43820,41838,33387,
18880,94152,42.1,614.56,43973,42195,33549,
18884,94154,42.1,614.47,44117,42203,33511,
18887,94160,42.1,614.11,43410,41675,33067,
18890,94157,42,615.09,43633,41926,33300,
18893,94156,42,614.91,43809,41976,33416,
18896,94155,42,614.82,43069,41430,32935,
18899,94150,42,615.26,42864,41326,32939,
18902,94157,42,614.65,43042,41600,33076,
18906,94153,42,615.18,42686,41187,32771,
18909,94151,42,615.35,42281,40899,32512,
18912,94153,42,614.65,41376,40078,31964,
18915,94151,42,614.73,41310,40002,31961,
18918,94148,42,615.35,41654,40293,32027,
18921,94156,42,615.18,42375,40926,32549,
18924,94157,42,615,43260,41820,33174,
18927,94158,42,614.91,44042,42206,33628,
18931,94154,42,615.26,44154,42384,33679,
18934,94154,42,614.91,44451,42611,33828,
18937,94152,42,614.73,45232,43365,34478,
18940,94156,42,614.65,45560,43624,34545,
18943,94157,42,614.91,45295,43292,34420,
18946,94155,42,614.56,45268,43262,34390,
18949,94159,42,614.56,45574,43517,34542,
18953,94160,42,614.91,45875,43882,34883,
18956,94160,41.9,614.47,45645,43579,34582,
18959,94149,41.9,614.38,45513,43492,34564,
18962,94161,42,614.29,45308,43305,34343,
18965,94156,41.9,614.73,45247,43266,34209,
18968,94161,41.9,613.85,45580,43520,34524,
18971,94159,41.9,614.29,45696,43662,34666,
18974,94156,41.9,613.85,46031,43870,34864,
18978,94162,41.9,614.73,45990,43951,34827,
18981,94159,41.9,614.38,46144,44141,35037,
18984,94162,41.9,614.38,47507,45292,35932,
18987,94163,41.9,614.2,47843,45323,36046,
18990,94162,41.9,614.47,47131,44917,35606,
18993,94160,41.9,614.29,46306,44143,35186,
18996,94160,41.9,614.03,46201,44219,35084,
19000,94156,41.9,614.2,47386,45011,35718,
19003,94161,41.9,614.11,48380,45849,36402,
19006,94161,41.9,614.73,48817,46216,36565,
19009,94158,41.9,614.47,48160,45771,36357,
19012,94157,41.9,614.65,46476,44324,35143,
19015,94159,41.9,614.29,45768,43771,34787,
19018,94167,41.9,614.2,46738,44459,35395,
19021,94157,41.9,615,47822,45419,36002,
19025,94157,41.9,614.03,48041,45604,36148,
19028,94158,41.9,614.2,47947,45478,36047,
19031,94166,41.8,614.47,47949,45488,36093,
19034,94156,41.8,614.11,47684,45296,35937,
19037,94164,41.8,614.11,47759,45388,36033,
19040,94163,41.8,614.56,48067,45568,36168,
19043,94157,41.8,614.47,47791,45417,36024,
19047,94159,41.8,614.65,47046,44684,35541,
19050,94158,41.8,614.2,45417,43650,34593,
19053,94163,41.8,614.11,45058,43242,34359,
19056,94159,41.8,614.29,45695,43664,34719,
19059,94156,41.8,613.94,46510,44281,35255,
19062,94155,41.8,614.47,47224,44845,35634,
19065,94157,41.8,614.2,46551,44435,35291,
19068,94162,41.8,614.47,46046,43972,34962,
19072,94165,41.8,613.94,45988,43899,34908,
19075,94159,41.8,614.47,46129,43943,34863,
19078,94160,41.8,614.47,46268,44120,35022,
19081,94159,41.8,614.29,46800,44478,35408,
19084,94163,41.8,614.38,46955,44632,35517,
19087,94162,41.8,614.38,47079,44680,35564,
19090,94157,41.8,614.11,46221,44112,35003,
19094,94160,41.8,614.38,45064,43075,34263,
19097,94161,41.8,614.47,44974,43038,34251,
19100,94160,41.8,613.85,45063,43143,34325,
19103,94160,41.8,614.65,44608,42660,34012,
19106,94163,41.8,613.85,44070,42356,33770,
19109,94158,41.8,614.73,44601,42822,34052,
19112,94157,41.8,614.2,44365,42606,33951,
19115,94160,41.8,614.73,44415,42600,33928,
19119,94161,41.8,614.11,44620,42853,34082,
19122,94158,41.8,614.38,44106,42376,33731,
19125,94161,41.8,614.29,43545,41913,33423,
19128,94169,41.8,614.2,44201,42425,33815,
19131,94163,41.8,614.65,45166,43174,34397,
19134,94158,41.8,614.73,45470,43491,34532,
19137,94161,41.8,614.47,45936,43818,34857,
19141,94159,41.8,614.65,45825,43760,34813,
19144,94161,41.8,614.38,45623,43566,34606,
19147,94156,41.8,613.94,45332,43367,34451,
19150,94158,41.8,614.65,45148,43060,34344,
19153,94158,41.8,614.56,43731,42090,33535,
19156,94159,41.8,614.38,43677,42050,33564,
19159,94159,41.8,614.65,44388,42574,33881,
19162,94158,41.8,614.82,44325,42571,33857,
19166,94162,41.8,614.56,43494,41942,33289,
19169,94157,41.8,614.91,43229,41703,33207,
19172,94153,41.8,614.38,43365,41695,33225,
19175,94158,41.8,614.65,43728,42098,33505,
19178,94158,41.8,614.82,45765,43591,34639,
19181,94155,41.8,614.56,47128,44717,35527,
19184,94158,41.8,614.91,47588,45288,35818,
19188,94160,41.8,614.73,47332,44942,35737,
19191,94159,41.8,614.91,47068,44654,35609,
19194,94158,41.8,614.2,46801,44520,35344,
19197,94160,41.8,615.26,46596,44329,35188,
19200,94153,41.8,614.47,46654,44382,35256,
19203,94161,41.8,614.11,45064,43100,34438,
19206,94160,41.8,614.56,44470,42784,33904,
19209,94162,41.8,614.91,45639,43499,34517,
19213,94154,41.7,615.09,46208,43931,34964,
19216,94159,41.8,614.73,46979,44633,35425,
19219,94161,41.7,615.09,47089,44693,35406,
19222,94157,41.8,614.29,46992,44695,35492,
19225,94153,41.7,614.38,46789,44397,35357,
19228,94151,41.7,614.73,46588,44405,35310,
19231,94151,41.7,614.2,46078,43928,34839,
19235,94154,41.7,615.09,46004,43831,34808,
19238,94152,41.7,615.35,46329,44130,34984,
19241,94152,41.7,614.65,46375,44234,34989,
19244,94150,41.7,614.29,46167,43925,34905,
19247,94152,41.7,615.09,45726,43541,34640,
19250,94151,41.7,615.88,44607,42687,33910,
19253,94151,41.7,615,45157,43077,34244,
19256,94151,41.7,615.26,46397,44150,35070,
19260,94146,41.7,614.91,46274,44025,35130,
19263,94153,41.7,615.26,46198,44037,34877,
19266,94157,41.7,615.26,46584,44190,35115,
19269,94151,41.7,615.18,46506,44244,35098,
19272,94155,41.7,615.09,46440,44125,34994,
19275,94149,41.7,615.53,46062,43842,34836,
19278,94152,41.7,615.26,45394,43300,34298,
19282,94147,41.7,615,44738,42679,33920,
19285,94149,41.7,615.53,45178,43067,34271,
19288,94150,41.7,614.73,46518,44176,35085,
19291,94154,41.7,614.65,46311,44143,35081,
19294,94151,41.7,614.82,45680,43597,34543,
19297,94149,41.7,615.26,45658,43610,34504,
19300,94157,41.7,615.35,45808,43584,34585,
19303,94149,41.7,615.71,46039,43766,34732,
19307,94150,41.7,615.26,45481,43376,34469,
19310,94144,41.7,615.44,44880,42838,34036,
19313,94148,41.7,615.8,45095,42961,34164,
19316,94150,41.7,615.71,45442,43279,34397,
19319,94149,41.7,615.09,45037,42977,34104,
19322,94147,41.7,615.71,45954,43732,34684,
19325,94150,41.7,615.44,46520,44188,35046,
19329,94153,41.7,615.44,46453,44107,35019,
19332,94147,41.7,615.71,46567,44143,35058,
19335,94147,41.7,615.62,46285,44007,34892,
19338,94148,41.7,615.35,45813,43619,34615,
19341,94156,41.7,615.18,46066,43788,34755,
19344,94148,41.7,615.53,45361,43109,34287,
19347,94144,41.7,615.62,43980,42121,33666,
19350,94153,41.7,615.35,43393,41649,33052,
19354,94151,41.7,615.18,44249,42430,33732,
19357,94149,41.7,615.26,44328,42367,33703,
19360,94147,41.7,615.18,43605,41794,33273,
19363,94144,41.7,614.82,43161,41371,32869,
19366,94157,41.7,615.53,43819,41893,33358,
19369,94152,41.7,615.18,45057,42893,34007,
19372,94150,41.7,615,44018,42208,33461,
19376,94155,41.7,614.73,43035,41443,32840,
19379,94146,41.7,615,42576,40836,32530,
19382,94148,41.7,615.09,43424,41558,33089,
19385,94143,41.7,615.26,43710,41725,33211,
19388,94154,41.7,615,42930,41094,32696,
19391,94148,41.7,615,42308,40708,32376,
19394,94144,41.7,615,42620,40928,32610,
19397,94148,41.7,614.82,44552,42374,33695,
19401,94150,41.7,615.8,44996,42873,33980,
19404,94152,41.7,615.26,43987,42020,33414,
19407,94152,41.7,614.82,43620,41651,33106,
19410,94152,41.7,615.18,44520,42505,33742,
19413,94149,41.7,615.26,44854,42655,33868,
19416,94153,41.7,615,44655,42532,33786,
19419,94152,41.7,615.44,44919,42657,33897,
19423,94153,41.7,615.26,45054,42719,33933,
19426,94148,41.7,614.91,45103,42889,34034,
19429,94152,41.7,615.71,45978,43517,34521,
19432,94152,41.7,614.65,46543,44022,34868,
19435,94147,41.7,615.44,45472,43089,34252,
19438,94149,41.7,615.8,44872,42627,33870,
19441,94145,41.7,614.91,44626,42246,33610,
19445,94147,41.7,615.71,44066,41995,33373,
19448,94146,41.7,615.53,44466,42293,33684,
19451,94151,41.7,615.26,44311,42104,33471,
19454,94145,41.7,615.18,44742,42496,33796,
19457,94148,41.7,615.26,45359,43033,34180,
19460,94147,41.7,615.8,45768,43295,34379,
19463,94148,41.7,614.91,46158,43647,34642,
19466,94150,41.7,615.18,46509,43973,34851,
19470,94144,41.7,615.44,47132,44427,35233,
19473,94151,41.7,615.18,46542,43924,34774,
19476,94148,41.7,615.35,46488,43816,34844,
19479,94149,41.7,615.09,46455,43821,34802,
19482,94153,41.7,615.35,46317,43743,34696,
19485,94152,41.7,615.26,46380,43655,34716,
19488,94150,41.7,615.71,46420,43775,34631,
19492,94157,41.7,615.26,46496,43943,34841,
19495,94144,41.7,615.18,46338,43689,34636,
19498,94146,41.7,615.35,46443,43890,34769,
19501,94145,41.7,615.26,46792,44122,34958,
19504,94146,41.7,615.71,47388,44612,35292,
19507,94145,41.7,615.53,47707,44925,35566,
19510,94151,41.7,615.44,48123,45157,35866,
19513,94148,41.7,615.88,47458,44831,35471,
19517,94148,41.7,615.26,47161,44421,35223,
19520,94149,41.7,615.35,46785,44166,34927,
19523,94145,41.7,615.97,46423,43718,34634,
19526,94144,41.7,615.53,46967,44111,34900,
19529,94139,41.7,616.06,47238,44360,35253,
19532,94151,41.7,615.44,46771,44093,34941,
19535,94153,41.7,615.35,46875,44181,35101,
19539,94147,41.7,615.09,46688,43986,35013,
19542,94147,41.7,615.53,45461,42972,34131,
19545,94145,41.7,615.71,45140,42795,33882,
19548,94141,41.7,615.8,45688,43235,34315,
19551,94149,41.7,615.44,46339,43902,34674,
19554,94153,41.7,615.53,46291,43598,34704,
19557,94149,41.7,615.44,45119,42764,33782,
19560,94152,41.7,615.35,45323,42760,33896,
19564,94151,41.7,615.18,45793,43255,34272,
19567,94144,41.7,615.44,45874,43293,34350,
19570,94155,41.7,614.91,46345,43747,34539,
19573,94149,41.7,615.71,45747,43254,34107,
19576,94146,41.7,616.15,44991,42579,33822,
19579,94151,41.7,615.62,45139,42801,33936,
19582,94145,41.7,615.18,45684,43204,34233,
19586,94144,41.7,615.53,45207,42779,33836,
19589,94147,41.7,615.35,45113,42678,33842,
19592,94150,41.7,615.35,44920,42573,33658,
19595,94151,41.7,615.18,43763,41501,33008,
19598,94153,41.7,615,42510,40599,32343,
19601,94149,41.7,614.91,42427,40529,32263,
19604,94154,41.7,614.82,42982,41109,32552,
19607,94149,41.7,614.73,43096,41062,32560,
19611,94152,41.7,614.65,43147,41115,32622,
19614,94144,41.7,615.09,43192,41054,32530,
19617,94149,41.7,614.38,43579,41411,32871,
19620,94150,41.7,614.73,44059,41954,33422,
19623,94147,41.7,615.09,44030,41730,33080,
19626,94155,41.7,614.82,43675,41587,32951,
19629,94149,41.7,615.26,42510,40751,32374,
19633,94149,41.7,615.26,42103,40196,31915,
19636,94149,41.7,615.09,42317,40398,32111,
19639,94148,41.7,615.09,42756,40801,32460,
19642,94144,41.7,615.35,42589,40629,32331,
19645,94155,41.7,615.09,43486,41295,32784,
19648,94148,41.7,614.91,43700,41590,32987,
19651,94146,41.7,614.91,43205,41052,32427,
19654,94148,41.7,615.35,42826,40754,32351,
19658,94151,41.7,615.35,42686,40692,32297,
19661,94151,41.7,615.09,41841,40131,31728,
19664,94148,41.7,615.26,41651,39761,31612,
19667,94148,41.7,615.44,40738,39269,30937,
19670,94151,41.7,615.35,40728,39108,31061,
19673,94143,41.7,615.53,40210,38712,30796,
19676,94147,41.7,615.35,41377,39794,31600,
19680,94147,41.7,615.09,42984,40959,32538,
19683,94143,41.7,615.44,43573,41336,32967,
19686,94145,41.7,615.62,44560,42325,33597,
19689,94148,41.7,615.62,43955,41656,33069,
19692,94153,41.7,615.44,44208,41971,33256,
19695,94150,41.7,615.62,44956,42640,33631,
19698,94152,41.7,615.09,43838,41639,32990,
19701,94151,41.7,614.91,42428,40727,32288,
19705,94150,41.7,615.88,43820,41562,32866,
19708,94154,41.7,615.35,45485,42887,33967,
19711,94152,41.7,615.35,46213,43481,34526,
19714,94152,41.7,615.18,45864,43367,34321,
19717,94147,41.7,615.18,45585,43184,34169,
19720,94154,41.7,615.26,45204,42826,33929,
19723,94151,41.7,615.35,44810,42529,33747,
19727,94151,41.7,615.26,43758,41552,32937,
19730,94147,41.7,615.18,43566,41385,32856,
19733,94144,41.6,615.88,43095,40883,32443,
19736,94146,41.7,615.35,41738,39976,31823,
19739,94151,41.7,615.09,41045,39375,31354,
19742,94153,41.6,615.09,41871,40218,31792,
19745,94154,41.6,615.09,43593,41610,32874,
19748,94154,41.6,615,43844,41746,33051,
19752,94153,41.6,614.91,44084,41827,33129,
19755,94149,41.6,614.73,44817,42273,33601,
19758,94154,41.6,615,46024,43470,34391,
19761,94157,41.6,615,46351,43715,34652,
19764,94159,41.6,614.65,46468,43884,34688,
19767,94156,41.6,614.65,46113,43417,34317,
19770,94153,41.6,614.47,46474,44011,34718,
19774,94151,41.6,614.56,46079,43398,34353,
19777,94160,41.6,615.09,45109,42829,33883,
19780,94157,41.6,614.03,44533,42322,33544,
19783,94155,41.6,614.73,45382,42855,33871,
19786,94157,41.6,614.82,46516,43948,34760,
19789,94156,41.6,614.65,46177,43678,34505,
19792,94160,41.6,614.65,45899,43420,34399,
19795,94160,41.6,614.2,46837,44105,34961,
19799,94158,41.6,614.47,46742,44121,34918,
19802,94160,41.6,614.47,46726,44008,34992,
19805,94151,41.6,615,46651,43828,34773,
19808,94154,41.6,615,44962,42697,33829,
19811,94162,41.6,615.18,43494,41519,32937,
19814,94159,41.6,614.82,42707,40818,32424,
19817,94157,41.6,614.91,42736,40841,32550,
19821,94155,41.6,614.73,43241,41255,32740,
19824,94152,41.6,615.44,43872,41705,33067,
19827,94156,41.6,614.65,43822,41754,33036,
19830,94153,41.6,614.91,42757,40798,32446,
19833,94155,41.6,615,42158,40475,32200,
19836,94152,41.6,614.65,41428,39889,31694,
19839,94161,41.6,614.56,41551,39903,31657,
19842,94157,41.5,614.38,42571,40723,32366,
19846,94155,41.6,614.47,43444,41434,32898,
19849,94156,41.6,614.56,44597,42313,33581,
19852,94154,41.5,614.82,45083,42728,33979,
19855,94151,41.5,614.91,46395,43889,34684,
19858,94150,41.5,615.09,47947,45133,35714,
19861,94155,41.5,615,48369,45433,35913,
19864,94158,41.5,615,48831,45840,36238,
19868,94156,41.5,614.82,48976,45971,36256,
19871,94158,41.5,615,48404,45490,36023,
19874,94155,41.5,615.09,47520,44770,35432,
19877,94158,41.5,614.73,47348,44727,35401,
19880,94156,41.5,615.09,48374,45480,35994,
19883,94160,41.5,615,48966,45984,36363,
19886,94154,41.5,614.91,48835,45868,36303,
19889,94152,41.5,614.03,48727,45789,36238,
19893,94154,41.5,614.65,48345,45515,35982,
19896,94158,41.5,614.65,47908,45180,35749,
19899,94158,41.5,614.65,47596,44889,35497,
19902,94161,41.5,614.73,47138,44512,35307,
19905,94165,41.5,613.94,47303,44640,35394,
19908,94161,41.5,614.38,47239,44652,35384,
19911,94163,41.5,613.67,47225,44681,35360,
19915,94161,41.5,614.29,47462,44821,35414,
19918,94161,41.5,614.29,47226,44567,35337,
19921,94168,41.5,614.03,46947,44433,35162,
19924,94162,41.5,614.29,45987,43655,34635,
19927,94162,41.5,614.11,44990,42893,34086,
19930,94157,41.5,614.2,42999,41381,33020,
19933,94155,41.5,615.26,41594,40173,32011,
19936,94158,41.5,614.56,41323,39964,31847,
19940,94157,41.5,614.03,41860,40287,32051,
19943,94164,41.5,614.03,42892,41248,32704,
19946,94159,41.5,614.73,43299,41585,33095,
19949,94161,41.5,614.56,43192,41410,32897,
19952,94161,41.5,614.29,43719,41837,33297,
19955,94156,41.5,614.56,43677,41823,33220,
19958,94157,41.5,614.38,42786,41151,32594,
19962,94162,41.5,614.38,40704,39527,31569,
19965,94156,41.5,614.47,40010,38930,31018,
19968,94156,41.4,614.65,40776,39651,31456,
19971,94155,41.5,614.73,42429,40751,32489,
19974,94157,41.4,614.38,43730,41988,33389,
19977,94160,41.4,614.38,45532,43279,34269,
19980,94153,41.5,614.91,45972,43726,34679,
19983,94157,41.5,614.38,45714,43474,34544,
19987,94160,41.5,614.65,45735,43523,34558,
19990,94153,41.4,614.47,45852,43714,34605,
19993,94158,41.4,614.56,45944,43726,34689,
19996,94158,41.4,615.26,46046,43804,34732,
19999,94156,41.4,615.09,46316,44056,34901,
20002,94149,41.4,614.65,46285,44046,34957,
20005,94155,41.4,614.65,45749,43610,34546,
20009,94154,41.4,614.65,44539,42547,33808,
20012,94161,41.4,614.56,43960,42127,33571,
20015,94157,41.4,614.47,44377,42496,33736,
20018,94163,41.4,614.2,45096,43042,34197,
20021,94160,41.4,614.38,45700,43761,34714,
20024,94158,41.4,614.65,45113,43066,34324,
20027,94155,41.4,614.82,44115,42418,33691,
20030,94157,41.4,614.73,43578,41921,33344,
20034,94156,41.4,614.82,43655,41965,33361,
20037,94156,41.4,614.56,43958,42123,33585,
20040,94161,41.4,614.2,43961,42202,33510,
20043,94159,41.4,614.38,43809,42210,33533,
20046,94153,41.4,614.56,43554,41877,33278,
20049,94153,41.4,614.82,44016,42274,33609,
20052,94163,41.4,615.26,44602,42743,34007,
20056,94157,41.4,615,44580,42636,33888,
20059,94155,41.4,614.91,44583,42757,34019,
20062,94158,41.4,615,44936,43015,34250,
20065,94150,41.4,615.09,45355,43264,34403,
20068,94157,41.4,614.82,45294,43283,34421,
20071,94157,41.4,614.73,44889,42964,34170,
20074,94156,41.4,614.91,44262,42443,33784,
20077,94158,41.4,614.73,43954,42236,33543,
20081,94156,41.4,614.65,43748,42185,33647,
20084,94159,41.4,614.65,43317,41733,33245,
20087,94160,41.4,614.11,43374,41817,33278,
20090,94160,41.4,614.82,43795,42141,33536,
20093,94159,41.4,614.38,44609,42767,34027,
20096,94159,41.4,614.91,45052,43225,34179,
20099,94153,41.4,614.29,44878,43033,34226,
20103,94160,41.4,614.73,44875,43016,34182,
20106,94150,41.4,615,44894,43084,34255,
20109,94160,41.4,614.73,44954,43024,34325,
20112,94158,41.4,614.47,45497,43533,34704,
20115,94159,41.4,614.73,45967,43942,34872,
20118,94160,41.4,614.56,45950,43957,34950,
20121,94155,41.4,614.65,45826,43950,34721,
20124,94165,41.4,614.47,45693,43696,34806,
20128,94156,41.4,614.91,45754,43956,34746,
20131,94163,41.4,614.2,45983,43943,34937,
20134,94156,41.4,614.82,46247,44189,35114,
20137,94159,41.4,614.29,46164,44131,35082,
20140,94163,41.4,613.94,46227,44118,35026,
20143,94159,41.4,614.56,46509,44345,35221,
20146,94157,41.4,614.65,46501,44456,35407,
20150,94157,41.4,614.82,46365,44409,35208,
20153,94158,41.4,614.73,46257,44201,34971,
20156,94161,41.4,614.73,46226,44185,35102,
20159,94158,41.4,614.82,46276,44303,35129,
20162,94155,41.4,614.56,46576,44495,35286,
20165,94161,41.4,614.82,46738,44626,35488,
20168,94157,41.4,614.38,47102,45046,35832,
20171,94153,41.4,614.65,47046,44917,35486,
20175,94159,41.4,614.29,47128,44962,35707,
20178,94159,41.4,614.65,47154,44980,35711,
20181,94157,41.4,614.56,47216,45030,35661,
20184,94162,41.4,614.82,46789,44663,35513,
20187,94156,41.4,614.65,46148,44114,35048,
20190,94151,41.4,614.91,45484,43566,34569,
20193,94164,41.4,614.47,45133,43315,34390,
20197,94160,41.4,614.73,45081,43173,34240,
20200,94156,41.4,614.82,45198,43270,34413,
20203,94155,41.4,614.73,45319,43434,34508,
20206,94156,41.4,615,45209,43380,34490,
20209,94155,41.4,614.73,45325,43501,34552,
20212,94158,41.4,614.65,45769,43776,34750,
20215,94151,41.4,615.26,45754,43791,34817,
20218,94152,41.4,614.56,45693,43766,34898,
20222,94152,41.4,615.26,45472,43582,34696,
20225,94153,41.4,614.91,45052,43265,34452,
20228,94154,41.4,614.56,44150,42710,33937,
20231,94150,41.4,614.56,43784,42265,33652,
20234,94156,41.4,614.73,43825,42215,33578,
20237,94155,41.4,614.91,43852,42289,33593,
20240,94155,41.4,614.56,44285,42561,33859,
20244,94157,41.4,614.29,44694,42954,34171,
20247,94161,41.4,614.65,44954,43204,34270,
20250,94157,41.4,614.29,45290,43424,34600,
20253,94157,41.4,614.56,45253,43305,34519,
20256,94154,41.4,614.56,45208,43323,34457,
20259,94156,41.4,614.2,45059,43242,34360,
20262,94154,41.4,615,44432,42840,34084,
20265,94159,41.4,614.73,43409,42006,33398,
20269,94153,41.4,614.11,43176,41790,33212,
20272,94159,41.4,614.82,44312,42847,34025,
20275,94160,41.4,614.56,44910,43105,34221,
20278,94163,41.4,615.18,45094,43257,34527,
20281,94153,41.4,615,45453,43585,34596,
20284,94158,41.4,614.65,46064,44067,34962,
20287,94160,41.4,614.73,46169,44134,35090,
20291,94164,41.4,614.03,45939,43942,34981,
20294,94159,41.4,614.11,45631,43722,34680,
20297,94159,41.4,614.11,45456,43522,34532,
20300,94163,41.4,614.11,45070,43324,34428,
20303,94158,41.4,614.47,44782,43126,34292,
20306,94153,41.4,614.82,44755,43142,34333,
20309,94157,41.4,614.03,44604,42973,34129,
20312,94157,41.4,614.29,44499,42938,34135,
20316,94156,41.4,614.56,44879,43252,34238,
20319,94160,41.4,614.56,44945,43356,34289,
20322,94155,41.4,614.38,44481,42756,33930,
20325,94157,41.4,614.11,44329,42929,33845,
20328,94158,41.4,614.73,44093,42672,33943,
20331,94154,41.4,614.82,45072,43279,34401,
20334,94160,41.4,614.82,45713,43737,34730,
20338,94156,41.4,614.47,45875,43922,34817,
20341,94162,41.4,614.2,45861,43908,34796,
20344,94158,41.4,614.38,45704,43962,34856,
20347,94160,41.4,614.56,45282,43519,34540,
20350,94163,41.4,614.47,45104,43266,34433,
20353,94162,41.4,614.2,45074,43324,34316,
20356,94159,41.4,614.73,45074,43320,34440,
20359,94158,41.4,614.56,45771,43896,34626,
20363,94160,41.4,614.2,45970,43936,34880,
20366,94161,41.4,614.82,45850,44115,35046,
20369,94152,41.4,614.73,45618,43739,34712,
20372,94154,41.4,615,45554,43682,34633,
20375,94158,41.4,614.91,45308,43490,34504,
20378,94161,41.4,614.38,44490,42755,33961,
20381,94159,41.4,614.11,44762,43064,34167,
20385,94160,41.4,614.82,45517,43838,34510,
20388,94163,41.4,614.82,45974,44149,34738,
20391,94161,41.4,614.56,46555,44515,35184,
20394,94157,41.4,615.09,46669,44506,35357,
20397,94155,41.4,614.56,46723,44691,35355,
20400,94161,41.4,615.35,46604,44557,35101,
20403,94156,41.4,614.91,46583,44440,35171,
20406,94160,41.4,614.91,46002,43995,34949,
20410,94158,41.4,614.65,45579,43771,34721,
20413,94158,41.4,614.91,45842,43884,34731,
20416,94159,41.4,614.47,45841,43799,34690,
20419,94159,41.4,614.2,45345,43385,34380,
20422,94159,41.4,614.56,44922,43176,34169,
20425,94160,41.4,613.85,45346,43400,34355,
20429,94156,41.4,614.38,46133,43928,34723,
20432,94156,41.4,614.73,46614,44506,35227,
20435,94159,41.3,614.91,46744,44581,35335,
20438,94152,41.3,614.65,46782,44515,35269,
20441,94153,41.4,614.56,46937,44653,35407,
20444,94157,41.4,615.18,46865,44700,35357,
20447,94155,41.3,614.47,46537,44363,35165,
20451,94156,41.3,614.56,46543,44443,35121,
20454,94149,41.3,615.44,46314,44159,34900,
20457,94157,41.3,614.38,45827,43758,34687,
20460,94153,41.3,615.18,45471,43626,34489,
20463,94148,41.4,614.38,45621,43690,34606,
20466,94155,41.3,615.35,45885,43837,34736,
20469,94153,41.3,614.91,46259,44129,34903,
20472,94151,41.3,615.26,46714,44447,35298,
20476,94155,41.3,615,47226,44909,35653,
20479,94157,41.3,614.91,47224,44924,35554,
20482,94155,41.3,615,46873,44676,35419,
20485,94150,41.3,615.35,45972,43878,34826,
20488,94156,41.3,615.26,45487,43583,34510,
20491,94148,41.3,614.73,46194,43972,34981,
20494,94153,41.3,615.18,46379,44206,35021,
20498,94152,41.3,615.26,45656,43682,34632,
20501,94151,41.3,615.26,45047,43141,34197,
20504,94149,41.3,615,45005,43076,34158,
20507,94152,41.3,615.09,45309,43378,34394,
20510,94152,41.3,615,45885,43930,34798,
20513,94153,41.3,614.91,46568,44380,35137,
20516,94146,41.3,615.18,46870,44653,35310,
20520,94146,41.3,615.26,47016,44736,35449,
20523,94144,41.3,615.26,46964,44655,35309,
20526,94156,41.3,614.73,46981,44708,35396,
20529,94149,41.3,615.18,47127,44926,35555,
20532,94151,41.3,615.44,46989,44807,35360,
20535,94149,41.3,615.18,47044,44762,35463,
20538,94148,41.3,615.18,46875,44640,35404,
20541,94149,41.3,615.53,46850,44517,35323,
20545,94151,41.3,615.44,46864,44622,35524,
20548,94152,41.3,615.44,46410,44229,34955,
20551,94152,41.3,615.71,45341,43417,34463,
20554,94147,41.3,615.35,45693,43646,34590,
20557,94151,41.3,615.44,46657,44461,35238,
20560,94154,41.3,614.82,46289,44097,34967,
20563,94148,41.3,615.18,46148,43975,34993,
20567,94151,41.3,615.35,46318,44147,34976,
20570,94152,41.3,614.65,46913,44618,35393,
20573,94153,41.3,615.18,47479,45012,35689,
20576,94151,41.3,615.35,47796,45367,36015,
20579,94154,41.3,615.09,47811,45433,35963,
20582,94153,41.3,615.18,47642,45277,35861,
20585,94151,41.3,614.91,47298,45014,35644,
20588,94148,41.3,615.35,46890,44635,35362,
20592,94150,41.3,614.56,46412,44278,35124,
20595,94151,41.3,615.18,46236,44163,34867,
20598,94147,41.3,615.09,46093,44084,34909,
20601,94153,41.3,615.18,46337,44170,35053,
20604,94154,41.3,614.82,46808,44603,35426,
20607,94152,41.3,615.26,47024,44731,35525,
20610,94154,41.3,615,46707,44536,35388,
20614,94155,41.3,614.65,46382,44218,35130,
20617,94153,41.3,615.44,46220,44146,35005,
20620,94156,41.3,615,45880,43828,34645,
20623,94154,41.3,614.82,45293,43264,34385,
20626,94156,41.3,614.65,44442,42615,33828,
20629,94153,41.3,615.26,43680,42058,33411,
20632,94155,41.3,614.56,43070,41524,33070,
20635,94160,41.3,614.82,42341,40962,32607,
20639,94151,41.3,614.91,43780,42335,33635,
20642,94156,41.3,614.47,45646,43697,34559,
20645,94156,41.3,614.65,45315,43522,34473,
20648,94161,41.3,614.82,44997,43090,34199,
20651,94161,41.3,614.65,44993,43071,34391,
20654,94161,41.3,614.56,45547,43541,34561,
20657,94157,41.3,614.91,46115,43998,34913,
20661,94159,41.3,614.73,46325,44147,35033,
20664,94158,41.3,614.29,46194,44109,34968,
20667,94156,41.3,614.65,45572,43575,34606,
20670,94159,41.3,614.56,44635,42813,33962,
20673,94153,41.3,615.26,44801,42915,34038,
20676,94160,41.3,614.2,45197,43269,34434,
20679,94159,41.3,614.38,45492,43557,34632,
20682,94161,41.3,614.38,45887,43811,34797,
20686,94154,41.3,614.11,46070,43943,34772,
20689,94157,41.3,614.47,44996,43024,34197,
20692,94158,41.3,615,44511,42740,33966,
20695,94158,41.3,614.56,44074,42425,33836,
20698,94149,41.3,615.18,43145,41786,33129,
20701,94161,41.3,614.11,43011,41512,33017,
20704,94151,41.3,614.73,42237,40678,32548,
20708,94153,41.3,614.56,40726,39696,31649,
20711,94159,41.3,614.38,41060,40053,31915,
20714,94158,41.3,614.56,40673,39766,31679,
20717,94154,41.3,615.09,40521,39758,31720,
20720,94164,41.3,614.47,40689,39698,31471,
20723,94157,41.3,614.56,40804,39806,31735,
20726,94159,41.3,614.73,41004,39919,31881,
20729,94157,41.3,614.65,41558,40436,32133,
20733,94156,41.3,614.47,41638,40378,32248,
20736,94161,41.3,614.82,41920,40781,32470,
20739,94161,41.3,614.2,40996,39912,31885,
20742,94159,41.3,614.65,40165,39324,31152,
20745,94158,41.3,614.91,40412,39538,31466,
20748,94157,41.3,614.82,40965,39934,31709,
20751,94156,41.3,614.56,41225,40129,31967,
20755,94150,41.3,614.82,41857,40600,32452,
20758,94155,41.3,615.09,42281,40869,32645,
20761,94158,41.3,614.65,42707,41226,32843,
20764,94154,41.3,614.47,42925,41460,32997,
20767,94159,41.3,614.56,43109,41572,33068,
20770,94158,41.3,614.91,43120,41507,33095,
20773,94159,41.3,614.56,42951,41435,32883,
20776,94158,41.3,614.82,41930,40616,32375,
20780,94158,41.3,615.09,40479,39592,31576,
20783,94157,41.3,614.91,39172,38607,30701,
20786,94154,41.3,614.73,38093,37593,29909,
20789,94156,41.3,614.82,40262,39387,31483,
20792,94150,41.3,615.44,43555,42239,33444,
20795,94159,41.3,614.56,44615,42815,34030,
20798,94159,41.3,614.2,43549,41986,33326,
20802,94155,41.3,614.29,43395,41814,33233,
20805,94158,41.3,614.47,43333,42001,33238,
20808,94155,41.3,614.73,43875,42326,33535,
20811,94154,41.3,614.65,44325,42744,33848,
20814,94157,41.2,614.73,44389,42729,33888,
20817,94155,41.3,615.09,43946,42433,33573,
20820,94157,41.3,614.65,42523,41235,32811,
20823,94159,41.3,614.56,42258,41166,32566,
20827,94153,41.3,614.38,43439,41953,33232,
20830,94161,41.3,614.38,45117,43240,34323,
20833,94157,41.2,614.56,46277,44359,34935,
20836,94157,41.3,614.56,46909,44568,35459,
20839,94155,41.2,614.65,47170,44973,35611,
20842,94157,41.2,614.56,47335,45060,35703,
20845,94155,41.2,615,47389,45094,35648,
20849,94161,41.2,614.82,47584,45285,35898,
20852,94150,41.2,614.56,47930,45515,36072,
20855,94155,41.2,614.65,48070,45637,36080,
20858,94155,41.2,615,47808,45429,36025,
20861,94158,41.2,614.91,47721,45387,35913,
20864,94155,41.2,615.26,47711,45363,35950,
20867,94156,41.2,614.82,47329,44952,35811,
20870,94153,41.2,614.73,46383,44322,35191,
20874,94153,41.2,614.82,45568,43713,34603,
20877,94158,41.2,614.47,45223,43298,34449,
20880,94154,41.2,614.91,45897,44004,34864,
20883,94155,41.2,614.73,46761,44561,35360,
20886,94157,41.2,615.09,47108,44879,35598,
20889,94155,41.2,615,47284,45105,35571,
20892,94156,41.2,615,47609,45228,35870,
20896,94158,41.2,614.82,47934,45429,36086,
20899,94156,41.2,615.09,48278,45842,36190,
20902,94155,41.2,614.82,48178,45631,36308,
20905,94155,41.2,615.09,48136,45674,36150,
20908,94151,41.2,614.91,47961,45526,36099,
20911,94158,41.2,614.82,47883,45527,36105,
20914,94152,41.2,614.73,47833,45496,36093,
20917,94156,41.2,614.91,47673,45326,36007,
20921,94153,41.2,614.91,47375,45019,35703,
20924,94153,41.2,614.73,47161,44934,35679,
20927,94155,41.2,614.73,46391,44259,34994,
20930,94149,41.2,614.82,45417,43434,34443,
20933,94160,41.2,615,44666,42907,34075,
20936,94154,41.2,615.35,44888,42994,34175,
20939,94152,41.2,614.2,45695,43710,34694,
20943,94152,41.2,614.82,46007,43918,34970,
20946,94155,41.2,614.2,46155,44135,35024,
20949,94152,41.2,615.09,46297,44156,35074,
20952,94154,41.2,614.73,45966,43960,34931,
20955,94158,41.2,614.82,44249,42715,33955,
20958,94158,41.2,614.29,43457,41934,33246,
20961,94156,41.2,614.91,44027,42473,33745,
20964,94156,41.2,614.38,44455,42711,33884,
20968,94157,41.2,614.65,44417,42767,33801,
20971,94157,41.2,614.65,44396,42625,33830,
20974,94155,41.2,614.65,44990,42934,34122,
20977,94158,41.2,614.65,45408,43543,34412,
20980,94154,41.2,614.73,45181,43247,34403,
20983,94155,41.2,615,45113,43372,34215,
20986,94159,41.2,614.91,45050,43191,34408,
20990,94154,41.2,614.82,44733,42879,34109,
20993,94156,41.2,614.73,44728,42960,34120,
20996,94151,41.2,615,45127,43207,34311,
20999,94158,41.2,615,45716,43775,34697,
21002,94157,41.2,614.65,45735,43738,34670,
21005,94154,41.2,614.82,45826,43732,34698,
21008,94157,41.2,614.91,45919,44089,34734,
21011,94156,41.2,614.65,45612,43577,34595,
21015,94154,41.2,614.82,45016,43045,34255,
21018,94154,41.2,614.82,44969,43071,34036,
21021,94156,41.2,614.47,45321,43317,34341,
21024,94154,41.2,615.09,45717,43641,34641,
21027,94156,41.2,614.65,46038,43877,34809,
21030,94153,41.2,614.65,45973,43829,34784,
21033,94149,41.2,614.82,45542,43406,34465,
21037,94151,41.2,615.18,44744,42920,34236,
21040,94149,41.1,615.18,44654,42854,33866,
21043,94149,41.1,615.62,44807,43019,34104,
21046,94152,41.1,615.09,44289,42520,33712,
21049,94149,41.1,615.35,43133,41344,33051,
21052,94153,41.1,615.88,42033,40752,32326,
21055,94146,41.1,615.53,42571,41063,32726,
21058,94155,41.1,615,43680,41920,33306,
21062,94148,41.1,615.09,42890,41409,32939,
21065,94154,41.2,615.35,42682,41247,32724,
21068,94153,41.1,615.35,44531,42651,33798,
21071,94155,41.1,615.09,45027,43072,34224,
21074,94149,41.1,615.26,44550,42673,33886,
21077,94149,41.1,615.62,44693,42757,33903,
21080,94155,41.1,615.18,45164,43228,34203,
21084,94150,41.1,615.09,45180,43245,34332,
21087,94151,41.1,614.82,45196,43227,34180,
21090,94152,41.1,615.09,44962,42965,34055,
21093,94150,41.1,614.91,43814,42053,33515,
21096,94154,41.1,614.91,42720,41246,32712,
21099,94159,41.1,615,42865,41459,32911,
21102,94150,41.1,615,44195,42281,33559,
21105,94143,41.1,615.8,44458,42803,33952,
21109,94150,41.1,615.26,43928,42294,33381,
21112,94155,41.1,615,43978,42275,33578,
21115,94157,41.1,614.47,43634,41888,33269,
21118,94156,41.1,614.56,43307,41481,32921,
21121,94156,41.1,615,43776,42098,33390,
21124,94154,41.1,615.26,43998,42154,33423,
21127,94153,41.1,615.35,44089,42220,33448,
21131,94149,41.1,615,44743,42619,33827,
21134,94144,41.1,615.26,45136,42911,33992,
21137,94152,41.1,615.62,45391,43415,34509,
21140,94148,41.1,615.71,45717,43594,34292,
21143,94149,41.1,615.09,46201,44013,34647,
21146,94148,41.1,615.18,46498,44238,35003,
21149,94156,41.1,615.71,46289,44006,34839,
21152,94151,41.1,615.26,46083,43770,34789,
21156,94151,41.1,615.18,45082,43170,34165,
21159,94145,41.1,615.71,43927,42153,33419,
21162,94149,41.1,615.71,43115,41498,33060,
21165,94150,41.1,615.44,42664,40923,32443,
21168,94153,41.1,615.62,42263,40737,32333,
21171,94148,41.1,615.44,42456,40816,32597,
21174,94154,41.1,615.18,42498,40999,32473,
21178,94153,41.1,615,41670,40152,31926,
21181,94152,41.1,615.44,40627,39366,31320,
21184,94153,41.1,615.18,39198,38267,30531,
21187,94153,41.1,614.73,38024,37490,29739,
21190,94151,41.1,615,37722,37174,29533,
21193,94148,41.1,615.18,37212,36728,29336,
21196,94149,41.1,615,36502,36246,28862,
21199,94149,41.1,615.53,35759,35440,28254,
21203,94147,41.1,615,35817,35530,28301,
21206,94147,41.1,614.91,37200,36683,29041,
21209,94155,41.1,614.82,38235,37536,29912,
21212,94153,41.1,614.82,38295,37735,29908,
21215,94152,41.1,615.18,38836,37915,30317,
21218,94150,41.1,614.82,38948,38129,30069,
21221,94152,41.1,615.53,39161,38263,30361,
21225,94149,41.1,615.53,40296,39142,31122,
21228,94149,41.1,614.56,41151,39872,31733,
21231,94159,41.1,614.82,40203,39099,30873,
21234,94158,41.1,614.82,39352,38502,30566,
21237,94155,41.1,615.18,39106,38237,30234,
21240,94156,41.1,615.09,39003,38140,30286,
21243,94153,41.1,614.91,39779,38569,30722,
21246,94161,41.1,614.38,40816,39638,31322,
21250,94157,41.1,614.56,41270,39869,31555,
21253,94153,41.1,615.09,41663,40242,31832,
21256,94151,41.1,615.35,41507,40072,31836,
21259,94155,41.1,615.09,41245,40177,31805,
21262,94156,41.1,614.56,40013,38855,30785,
21265,94153,41.1,615,38732,38001,30097,
21268,94150,41,615.09,37941,37307,29647,
21272,94155,41.1,614.82,37815,37184,29516,
21275,94154,41.1,615,37977,37527,29758,
21278,94156,41.1,615.18,39074,38139,30316,
21281,94153,41.1,615.09,39908,38800,30790,
21284,94149,41.1,615.09,40746,39422,31409,
21287,94153,41,614.56,41691,40356,31750,
21290,94153,41.1,615,42001,40349,32152,
21293,94154,41,614.73,41852,40345,31985,
21297,94162,41,614.73,41980,40391,32025,
21300,94153,41,615,42655,41090,32478,
21303,94149,41,614.91,42883,41275,32596,
21306,94151,41,614.91,40859,39279,31237,
21309,94154,41,614.73,38085,37256,29694,
21312,94153,41,614.82,37739,37008,29558,
21315,94156,41,614.29,39353,38573,30571,
21319,94159,41,615.09,40803,39446,31235,
21322,94154,41,615.09,40830,39595,31382,
21325,94152,41,615.35,40531,39382,31070,
21328,94154,41,615,40087,39025,30899,
21331,94154,41,615.18,40638,39580,31385,
21334,94150,41,614.82,41044,39868,31548,
21337,94156,41,614.91,40836,39693,31423,
21340,94154,41,614.91,41298,39981,31697,
21344,94161,41,615,42554,40930,32480,
21347,94153,41,614.65,44035,42302,33397,
21350,94150,41,615.53,44448,42491,33645,
21353,94152,41,614.65,43269,41601,32873,
21356,94151,41,615.44,42093,40635,32162,
21359,94151,41,615.09,42045,40512,32130,
21362,94153,41,614.82,42802,41274,32579,
21366,94156,41,614.56,43181,41421,32795,
21369,94156,41,614.82,42280,40796,32272,
21372,94149,41,615.18,41666,40180,31912,
21375,94150,41,614.91,41220,39810,31590,
21378,94152,41,615.35,41152,39865,31612,
21381,94152,40.9,615.35,41821,40397,32058,
21384,94154,41,615.09,43008,41264,32837,
21387,94150,40.9,615.26,44024,42236,33455,
21391,94154,40.9,614.91,44364,42479,33615,
21394,94155,40.9,614.82,43253,41571,32873,
21397,94155,40.9,614.91,41607,40198,31935,
21400,94152,40.9,615,42194,40654,32365,
21403,94158,40.9,614.65,43335,41622,32960,
21406,94158,40.9,614.82,42303,40827,32328,
21409,94155,40.9,615.44,40311,39464,30997,
21413,94155,40.9,614.73,39629,38748,30676,
21416,94161,40.9,615.09,40635,39494,31355,
21419,94153,40.9,615.18,41694,40419,32000,
21422,94153,40.9,615,41569,40273,31887,
21425,94152,40.9,614.03,41277,39905,31580,
21428,94150,40.9,615.44,42165,40744,32289,
21431,94155,40.9,614.91,43394,41661,33009,
21434,94154,40.9,614.91,43822,42034,33282,
21438,94153,40.9,614.38,43230,41585,32942,
21441,94155,40.9,614.91,42232,40633,32181,
21444,94157,40.9,615.26,42285,40874,32380,
21447,94156,40.9,614.47,42537,40985,32474,
21450,94159,40.9,614.65,43350,41761,33031,
21453,94160,40.9,614.56,44283,42377,33367,
21456,94160,40.9,614.65,43852,41920,33376,
21460,94148,40.9,614.73,43418,41956,33077,
21463,94146,40.9,614.73,43707,41828,33426,
21466,94156,40.9,614.82,44114,42305,33415,
21469,94152,40.9,615.26,44130,42457,33647,
21472,94163,40.9,615,43707,41951,33221,
21475,94151,40.9,615.09,43451,41708,33080,
21478,94152,40.9,615.18,43975,42143,33311,
21481,94151,40.9,615.44,44815,42917,33669,
21485,94154,40.9,615.62,44770,42881,33962,
21488,94152,40.9,615.18,43661,41979,33163,
21491,94151,40.9,614.56,43101,41382,32851,
21494,94149,40.9,615.09,42877,41040,32551,
21497,94149,40.9,615.26,43502,41767,33092,
21500,94150,40.9,614.73,44312,42276,33622,
21503,94146,40.9,615.18,43947,41951,33175,
21507,94152,40.9,614.65,42663,41157,32644,
21510,94152,40.9,615.18,42549,41040,32273,
21513,94153,40.9,615.44,43100,41389,32800,
21516,94156,40.9,614.82,43740,41974,33198,
21519,94156,40.9,614.65,44215,42384,33457,
21522,94152,40.9,614.91,44166,42151,33410,
21525,94156,40.9,614.73,44184,42313,33554,
21528,94156,40.9,615.09,43453,41680,32955,
21532,94155,40.9,615,42430,40687,32308,
21535,94162,40.9,614.47,42899,41249,32616,
21538,94148,40.9,614.65,43985,42134,33347,
21541,94151,40.9,615.09,44100,42187,33379,
21544,94150,40.9,614.65,43360,41595,32857,
21547,94151,40.8,615.09,43340,41584,32923,
21550,94154,40.8,614.82,44097,42215,33414,
21554,94154,40.8,615.44,44027,42170,33374,
21557,94153,40.8,615.18,43400,41763,33115,
21560,94159,40.8,614.82,42693,40999,32560,
21563,94159,40.8,615,40362,39129,31086,
21566,94153,40.8,614.91,39031,38199,30106,
21569,94156,40.8,614.91,40829,39615,31242,
21572,94159,40.8,615.09,39289,38026,30337,
21575,94156,40.8,615.35,31368,32282,26118,
21579,94154,40.8,614.82,23993,26041,21026,
21582,94155,40.8,614.91,23862,25841,20830,
21585,94155,40.8,615.18,28152,29185,23749,
21588,94152,40.8,614.47,32364,33098,26189,
21591,94154,40.8,615,38487,37525,29707,
21594,94157,40.8,615.18,41841,40192,31978,
21597,94156,40.8,615.35,43504,41703,32936,
21601,94155,40.8,615.62,42952,41277,32614,
21604,94157,40.8,615,41346,39898,31664,
21607,94157,40.8,615.26,42693,40918,32293,
21610,94155,40.8,615,44552,42504,33687,
21613,94158,40.8,615.26,44825,42617,33732,
21616,94155,40.8,614.91,44549,42574,33624,
21619,94161,40.8,614.82,43856,41813,33015,
21623,94151,40.8,614.73,42542,41045,32498,
21626,94156,40.8,614.82,40893,39733,31407,
21629,94159,40.8,615.26,40554,39474,31302,
21632,94155,40.8,614.65,37944,37484,29782,
21635,94155,40.8,614.91,27292,28092,22878,
21638,94157,40.8,614.91,18079,21325,17670,
21641,94151,40.8,615,16185,19808,16313,
21644,94159,40.8,614.82,15035,18586,15620,
21648,94156,40.8,614.65,14584,18407,15402,
21651,94155,40.8,614.73,14300,18150,15020,
21654,94159,40.8,614.82,14186,18119,15170,
21657,94159,40.8,614.47,14195,18058,15145,
21660,94152,40.8,614.82,15129,18931,15769,
21663,94155,40.8,615.26,16768,20004,16546,
21666,94155,40.8,614.38,20181,22750,18893,
21670,94156,40.8,615,26081,28039,22568,
21673,94160,40.8,615,33118,33177,26855,
21676,94159,40.8,615,38238,37645,29756,
21679,94153,40.8,614.47,42013,40396,31947,
21682,94155,40.8,615.09,43116,41248,32558,
21685,94160,40.8,614.82,43387,41519,32757,
21688,94156,40.8,614.65,42828,41187,32508,
21691,94152,40.8,614.82,42449,40798,32311,
21695,94155,40.7,615.18,42819,41101,32482,
21698,94161,40.7,614.29,43407,41461,32928,
21701,94157,40.7,614.29,43630,41588,32889,
21704,94159,40.7,614.56,43264,41428,32910,
21707,94162,40.7,614.29,40862,39318,31292,
21710,94160,40.7,614.29,39010,38066,30232,
21713,94162,40.7,614.2,40974,39506,31552,
21717,94159,40.7,614.56,42867,41210,32569,
21720,94158,40.7,614.56,43372,41495,32846,
21723,94155,40.7,615.09,43988,41933,33387,
21726,94158,40.7,614.73,44704,42571,33716,
21729,94155,40.7,614.73,45307,43151,33968,
21732,94160,40.7,614.91,44903,42586,33793,
21735,94155,40.7,614.47,44063,42103,33374,
21738,94157,40.7,614.65,43623,41820,33133,
21742,94156,40.7,614.65,43535,41650,32903,
21745,94159,40.7,614.82,44053,42206,33369,
21748,94159,40.7,614.38,44515,42525,33583,
21751,94157,40.7,614.82,45039,42877,33762,
21754,94154,40.7,614.82,45086,42828,34002,
21757,94157,40.7,614.38,43338,41315,32762,
21760,94155,40.7,614.82,42576,40885,32412,
21764,94155,40.7,614.82,44438,42493,33593,
21767,94159,40.7,614.91,45403,43252,34228,
21770,94157,40.7,614.73,45215,43044,34045,
21773,94164,40.7,614.47,45149,42827,33865,
21776,94159,40.7,614.82,45285,42953,33941,
21779,94156,40.7,614.73,45507,43228,34204,
21782,94157,40.7,614.91,45443,43139,34193,
21785,94161,40.7,614.38,45422,43269,34043,
21789,94160,40.7,614.91,45308,43088,34101,
21792,94162,40.7,614.82,44337,42212,33489,
21795,94161,40.7,614.73,44266,42172,33448,
21798,94156,40.7,614.2,45187,42856,34025,
21801,94157,40.7,614.73,45179,42980,33815,
21804,94160,40.7,614.65,44520,42420,33692,
21807,94158,40.6,614.56,43255,41522,32631,
21811,94156,40.7,614.2,43097,41388,32672,
21814,94151,40.6,614.47,42093,40440,32054,
21817,94158,40.6,614.38,37091,36488,28881,
21820,94161,40.6,614.56,36976,36492,28850,
21823,94159,40.6,614.38,41062,39411,31205,
21826,94156,40.6,614.29,44316,42248,33513,
21829,94159,40.6,614.91,44392,42114,33362,
21832,94156,40.6,614.29,44019,42109,33391,
21836,94162,40.6,614.29,44021,41981,33294,
21839,94158,40.6,614.56,44305,42211,33549,
21842,94155,40.6,614.38,44469,42262,33486,
21845,94153,40.6,614.73,44532,42500,33426,
21848,94158,40.6,615.09,44465,42291,33224,
21851,94154,40.6,614.29,44481,42346,33521,
21854,94156,40.6,614.11,44003,42113,33282,
21858,94155,40.6,614.73,43723,41761,33054,
21861,94154,40.6,614.82,44012,41809,33098,
21864,94159,40.6,614.82,44478,42176,33438,
21867,94157,40.6,614.91,44786,42812,33887,
21870,94156,40.6,614.73,44823,42660,33773,
21873,94159,40.6,614.65,44896,42698,33734,
21876,94160,40.6,615.26,44816,42624,33543,
21879,94155,40.6,614.73,44511,42360,33480,
21883,94154,40.6,614.56,44156,42051,33371,
21886,94160,40.6,615,44245,42114,33418,
21889,94160,40.6,614.82,44436,42247,33467,
21892,94159,40.6,614.2,44425,42268,33494,
21895,94155,40.6,614.38,44350,42135,33356,
21898,94161,40.6,615,44073,41988,33290,
21901,94158,40.6,614.65,43106,41031,32539,
21905,94152,40.6,614.11,40881,39327,31199,
21908,94156,40.6,615,41243,39655,31568,
21911,94156,40.6,614.73,43214,41267,32724,
21914,94158,40.6,614.56,43281,41392,32715,
21917,94155,40.6,615.09,42882,40993,32468,
21920,94152,40.6,615,42713,40745,32419,
21923,94157,40.6,615.09,43095,40962,32537,
21926,94156,40.6,614.73,43325,41357,32740,
21930,94157,40.6,614.56,43124,41104,32614,
21933,94151,40.6,614.82,43123,40991,32535,
21936,94155,40.5,614.47,43160,41198,32793,
21939,94155,40.6,614.47,43129,41141,32640,
21942,94151,40.5,614.73,43394,41406,32809,
21945,94148,40.5,615,43709,41642,32976,
21948,94154,40.5,614.65,43968,41859,33125,
21952,94150,40.5,614.65,44274,42067,33381,
21955,94158,40.5,615.44,44392,42200,33375,
21958,94152,40.5,614.65,44451,42177,33350,
21961,94162,40.5,614.82,44515,42150,33588,
21964,94152,40.5,614.73,44723,42499,33593,
21967,94149,40.5,615.35,44647,42451,33545,
21970,94145,40.5,615.26,44518,42301,33432,
21973,94147,40.5,615.44,44667,42347,33497,
21977,94154,40.5,614.47,44746,42462,33567,
21980,94157,40.5,614.29,44639,42368,33503,
21983,94149,40.5,615.18,44563,42553,33740,
21986,94154,40.5,614.91,44235,42057,33385,
21989,94153,40.5,614.82,43827,41574,32964,
21992,94151,40.5,615.44,42891,41029,32478,
21995,94151,40.5,615.35,42751,40803,32444,
21999,94153,40.5,615.44,43163,41208,32528,
22002,94153,40.5,614.91,43377,41231,32724,
22005,94157,40.5,615.26,43705,41677,32907,
22008,94153,40.5,615.09,44036,41909,33129,
22011,94152,40.5,614.73,44403,42222,33481,
22014,94145,40.5,615,44646,42532,33543,
22017,94149,40.5,614.73,44734,42436,33604,
22020,94153,40.5,615.09,44966,42692,33782,
22024,94154,40.5,614.73,45118,42603,33753,
22027,94157,40.5,614.82,44982,42774,33654,
22030,94159,40.5,614.38,44998,42748,33751,
22033,94149,40.5,615.35,44962,42830,33821,
22036,94149,40.5,615.53,45203,42801,33804,
22039,94151,40.5,615.35,45040,42755,33864,
22042,94151,40.5,615.35,45137,42953,33806,
22046,94151,40.5,615.09,45325,43222,34238,
22049,94151,40.5,615.26,45096,42803,33882,
22052,94153,40.5,615.18,45046,42778,33897,
22055,94150,40.5,615.18,45068,42724,33789,
22058,94153,40.5,615.26,44969,42512,33920,
22061,94150,40.5,615,45034,42802,33762,
22064,94154,40.5,614.82,45027,42719,33827,
22067,94156,40.5,614.91,45086,42688,33871,
22071,94153,40.5,614.91,45053,42711,33775,
22074,94148,40.5,614.91,45148,42989,33990,
22077,94152,40.5,615,45072,42810,33880,
22080,94158,40.5,614.56,45172,42732,33792,
22083,94147,40.5,614.73,45015,42840,33702,
22086,94150,40.5,615,45089,42853,33919,
22089,94153,40.5,615,45244,42996,34077,
22093,94153,40.5,615,45287,42794,33873,
22096,94147,40.5,615.35,45308,43019,33990,
22099,94152,40.5,615.18,45374,43077,34072,
22102,94153,40.5,615,45225,43002,34021,
22105,94156,40.5,615.09,45237,42952,33973,
22108,94150,40.5,615.44,45134,42711,33917,
22111,94151,40.5,615.18,45205,42786,33901,
22114,94151,40.4,615.44,45028,42592,33839,
22118,94154,40.5,615.71,45474,43041,33855,
22121,94152,40.4,615.26,45231,42896,33892,
22124,94154,40.4,615.44,45166,42825,33873,
22127,94151,40.4,615.53,44996,42992,33775,
22130,94153,40.4,615.53,45007,42774,33897,
22133,94151,40.4,615.44,45174,42906,34030,
22136,94156,40.4,615.26,45178,42912,33870,
22140,94153,40.4,615.26,45180,42920,33927,
22143,94153,40.4,615,45090,42636,33659,
22146,94153,40.4,615.8,45217,43127,33902,
22149,94155,40.4,614.91,45315,43026,34036,
22152,94156,40.4,615.35,45378,43055,34129,
22155,94149,40.4,615.35,45290,42989,34024,
22158,94147,40.4,615.71,45422,43148,34162,
22161,94150,40.4,615,45514,43233,34174,
22165,94147,40.4,616.24,45524,42972,34055,
22168,94147,40.4,615.09,45561,43281,34226,
22171,94148,40.4,615.35,45474,43222,34085,
22174,94148,40.4,615.53,45519,43139,34213,
22177,94146,40.4,615.71,45499,43192,34209,
22180,94147,40.4,615.44,45772,43512,34387,
22183,94149,40.4,615.62,45538,43431,34290,
22187,94150,40.4,615.53,45684,43389,34095,
22190,94147,40.4,615.71,45499,43170,34180,
22193,94153,40.4,615.35,45556,43189,34010,
22196,94152,40.4,615.18,45592,43295,34274,
22199,94148,40.4,615.26,45679,43486,34382,
22202,94143,40.4,615.35,45503,43304,34211,
22205,94151,40.4,615.44,45418,43232,34042,
22208,94152,40.4,615.44,45562,43125,34119,
22212,94148,40.4,615.53,45732,43109,34415,
22215,94153,40.4,615.26,45922,43351,34237,
22218,94153,40.4,615.53,45659,43415,34281,
22221,94150,40.4,615.53,45638,43337,34263,
22224,94156,40.4,615.09,45708,43440,34269,
22227,94151,40.4,615.18,45607,43496,34409,
22230,94154,40.4,614.82,45701,43559,34362,
22234,94153,40.4,614.82,45718,43528,34237,
22237,94154,40.4,615,45750,43293,34360,
22240,94159,40.4,614.73,45643,43423,34255,
22243,94157,40.4,615.09,45747,43466,34387,
22246,94158,40.4,614.56,45646,43266,34193,
22249,94155,40.4,614.82,45681,43535,34407,
22252,94167,40.4,614.29,45524,43430,34307,
22255,94154,40.4,614.82,45593,43282,34342,
22259,94154,40.4,614.82,45581,43107,34258,
22262,94155,40.4,614.82,45557,43265,34160,
22265,94157,40.4,614.56,45499,43051,33930,
22268,94158,40.4,614.47,45567,43263,34186,
22271,94160,40.4,615.09,45508,43050,34076,
22274,94154,40.4,614.82,45442,43274,34061,
22277,94158,40.4,614.65,45517,43413,34209,
22281,94158,40.4,614.91,45550,43264,34146,
22284,94155,40.4,614.56,45448,43162,34134,
22287,94162,40.4,614.65,45427,43137,34159,
22290,94158,40.4,614.56,45439,43077,34089,
22293,94152,40.4,614.91,45372,43084,34179,
22296,94163,40.4,614.38,45427,43241,34180,
22299,94157,40.4,614.47,45427,43169,34131,
22302,94159,40.4,614.2,45448,43066,34046,
22306,94153,40.4,614.38,45387,42975,34068,
22309,94158,40.4,614.56,45425,43029,34063,
22312,94162,40.3,614.47,45181,43051,33991,
22315,94152,40.3,614.65,45380,43066,34152,
22318,94153,40.3,614.91,45438,43125,34064,
22321,94160,40.3,614.2,45370,43037,33930,
22324,94156,40.3,614.2,45363,43096,34018,
22328,94160,40.3,614.73,45420,43100,34075,
22331,94158,40.3,614.65,45356,43065,34045,
22334,94155,40.3,614.82,45238,42764,33778,
22337,94160,40.3,615,45299,43033,34020,
22340,94155,40.3,615,45351,43107,34008,
22343,94157,40.3,614.91,45284,42975,34039,
22346,94159,40.3,614.2,45267,43081,33809,
22349,94157,40.3,614.65,45190,42745,33807,
22353,94152,40.3,614.56,45219,42928,33985,
22356,94155,40.3,614.82,45344,43168,34051,
22359,94158,40.3,614.47,45257,42974,33902,
22362,94158,40.3,615.09,45303,43021,34021,
22365,94153,40.3,615.09,45295,42968,33960,
22368,94154,40.3,614.29,45273,42946,33943,
22371,94153,40.3,614.82,45235,43033,33927,
22375,94159,40.3,614.56,45250,42960,33902,
22378,94155,40.3,615.18,45283,42966,33966,
22381,94157,40.3,614.73,45189,43174,33961,
22384,94153,40.3,614.65,45281,42955,33906,
22387,94154,40.3,615.53,45336,43056,34034,
22390,94150,40.3,614.82,45285,42892,33951,
22393,94154,40.3,615.09,45312,43027,33959,
22397,94158,40.3,614.82,45273,42851,33874,
22400,94149,40.3,615,45331,42947,33924,
22403,94156,40.3,614.91,45268,43013,33950,
22406,94153,40.3,614.91,45320,43073,34000,
22409,94154,40.3,615.53,45208,42745,33714,
22412,94159,40.3,615.35,45269,42928,33956,
22415,94152,40.3,615.35,45363,43134,34087,
22418,94146,40.3,615.35,45251,42921,33769,
22422,94149,40.3,615.53,45321,43204,34025,
22425,94147,40.3,615.26,45255,42734,33809,
22428,94153,40.3,614.82,45324,43158,33836,
22431,94149,40.3,615.53,45315,42914,33927,
22434,94151,40.3,615.35,45282,43020,33912,
22437,94153,40.3,615.09,45383,43008,33998,
22440,94152,40.3,614.91,45354,43071,34020,
22444,94149,40.3,615.62,45317,42793,34074,
22447,94154,40.3,615.71,45252,42808,34015,
22450,94149,40.3,614.91,45394,43209,33880,
22453,94150,40.3,615.35,45239,43113,34018,
22456,94147,40.3,615.26,45306,43044,33897,
22459,94150,40.3,615.35,45362,43129,33963,
22462,94150,40.3,615.35,45418,43200,34025,
22465,94154,40.3,615,45382,43009,33970,
22469,94154,40.3,615.09,45398,43155,33798,
22472,94147,40.3,615.35,45339,43134,33911,
22475,94152,40.3,615.18,45268,43094,33971,
22478,94154,40.3,614.82,45645,43107,34111,
22481,94149,40.3,615.09,45329,43112,34048,
22484,94151,40.3,614.91,45306,43154,33915,
22487,94152,40.3,615.26,45293,42948,33892,
22491,94153,40.3,615.44,45367,43079,34011,
22494,94150,40.3,615.35,45290,43014,34006,
22497,94153,40.3,614.47,45297,43021,33980,
22500,94152,40.3,615.09,45408,43204,34042,
22503,94152,40.3,614.91,45269,43001,33967,
22506,94152,40.3,615.18,45199,42953,33925,
22509,94155,40.3,615,45144,42989,33845,
22512,94154,40.3,615.09,45244,42985,33957,
22516,94155,40.3,615.09,45073,42766,33585,
22519,94154,40.3,615.35,45287,43132,34007,
22522,94150,40.3,614.91,45290,43052,34050,
22525,94151,40.3,615,45331,43222,34074,
22528,94153,40.3,615.44,45369,43133,34024,
22531,94154,40.3,615.35,45453,43372,34324,
22534,94155,40.3,615.18,45321,42831,33823,
22538,94158,40.3,614.82,45314,43071,34000,
22541,94150,40.3,615.26,45247,43197,33966,
22544,94148,40.3,615.26,45423,43175,34163,
22547,94150,40.3,615.44,45310,43111,33885,
22550,94154,40.3,615,45335,43089,33974,
22553,94157,40.3,615.26,45346,43059,33976,
22556,94153,40.3,615.09,45395,43005,34076,
22559,94154,40.3,615.09,45381,42980,33856,
22563,94157,40.3,615.09,45383,43014,34035,
22566,94149,40.3,615.18,45296,42999,33851,
22569,94152,40.3,615,45354,43028,33954,
22572,94151,40.3,615.26,45415,43122,34079,
22575,94151,40.3,614.91,45383,43172,33891,
22578,94156,40.3,615.53,45553,42891,34293,
22581,94152,40.3,614.82,45345,43120,34053,
22585,94148,40.3,615.09,45457,43262,34057,
22588,94156,40.3,615,45479,42952,34147,
22591,94151,40.3,615.09,45374,43091,33912,
22594,94151,40.3,614.91,45361,43094,33995,
22597,94151,40.3,615.26,45340,42976,33848,
22600,94152,40.3,615.09,45311,43232,33962,
22603,94151,40.3,615,45144,43052,33897,
22606,94145,40.3,615.26,45184,42808,33812,
22610,94154,40.3,615.18,45372,43169,34079,
22613,94154,40.3,614.73,45389,43234,34051,
22616,94155,40.3,614.65,45297,42876,34049,
22619,94156,40.3,615.09,45489,43047,34067,
22622,94151,40.3,614.91,45351,43225,34020,
22625,94155,40.3,615.26,45533,43347,34067,
22628,94151,40.3,615.09,45637,43118,33799,
22632,94155,40.3,614.65,45560,43383,34044,
22635,94152,40.3,614.82,45594,43466,34089,
22638,94146,40.3,614.91,45555,43214,33932,
22641,94157,40.3,614.65,45501,43266,34115,
22644,94154,40.3,614.65,45685,43548,34226,
22647,94154,40.3,614.91,45657,43112,33897,
22650,94154,40.3,614.65,45471,43101,33996,
22653,94153,40.3,614.91,45504,43099,33986,
22657,94152,40.3,614.91,45532,43312,34107,
22660,94150,40.3,615,45690,43368,34140,
22663,94156,40.3,614.56,46006,43463,34550,
22666,94157,40.3,614.47,45720,43668,34516,
22669,94156,40.3,614.73,45745,43491,34166,
22672,94155,40.3,614.73,45576,43450,33970,
22675,94159,40.3,614.65,45752,43417,33982,
22679,94156,40.3,614.73,45723,43352,34187,
22682,94154,40.3,614.65,45495,43028,34119,
22685,94154,40.3,614.65,45741,43477,34237,
22688,94153,40.3,614.91,45623,43051,33937,
22691,94155,40.3,615,45841,43634,34160,
22694,94152,40.3,614.91,45727,43260,34100,
22697,94151,40.3,615.09,45670,43376,34199,
22700,94152,40.3,615.09,45571,43243,34102,
22704,94153,40.3,614.56,45676,43380,34196,
22707,94153,40.3,615,45607,43245,34214,
22710,94156,40.3,614.38,45545,43117,33932,
22713,94159,40.3,614.47,45631,43351,34186,
22716,94149,40.3,614.47,45713,43389,34244,
22719,94153,40.3,614.65,45601,43251,34046,
22722,94159,40.3,614.2,45682,43382,34200,
22726,94159,40.3,614.56,45718,43585,34288,
22729,94159,40.3,614.29,45684,43382,34250,
22732,94157,40.3,614.29,45694,43241,34241,
22735,94164,40.3,613.76,45708,43355,34210,
22738,94158,40.3,613.94,45687,43430,34232,
22741,94157,40.3,614.11,45715,43364,34267,
22744,94160,40.3,614.65,45721,43582,34387,
22747,94164,40.3,614.29,45905,43628,34523,
22751,94157,40.3,614.29,46011,43732,34103,
22754,94161,40.3,614.73,46092,43853,34560,
22757,94161,40.3,614.2,45856,43592,34196,
22760,94160,40.3,614.29,45831,43689,34489,
22763,94158,40.3,614.29,45852,43631,34402,
22766,94159,40.3,613.85,45708,43401,34059,
22769,94154,40.3,614.11,45811,43568,34303,
22773,94163,40.3,614.56,45793,43414,34239,
22776,94160,40.3,614.03,45885,43482,34272,
22779,94158,40.3,613.76,45804,43528,34381,
22782,94161,40.3,614.03,45811,43761,34266,
22785,94163,40.3,614.29,45733,43370,34326,
22788,94163,40.3,614.2,45915,43752,34306,
22791,94165,40.3,614.2,46005,43936,34649,
22794,94159,40.3,614.65,45925,43536,34550,
22798,94160,40.3,614.29,45911,43480,34322,
22801,94163,40.3,614.29,45813,43649,34361,
22804,94160,40.3,614.11,45768,43359,34378,
22807,94161,40.3,614.11,45763,43532,34420,
22810,94166,40.3,614.2,45872,43634,34333,
22813,94161,40.3,614.2,45753,43530,34295,
22816,94164,40.3,614.03,45740,43589,34311,
22820,94156,40.3,614.47,45627,43194,34143,
22823,94160,40.3,615,45767,43521,34306,
22826,94159,40.3,614.11,45728,43395,34279,
22829,94161,40.3,614.47,45720,43646,34311,
22832,94158,40.3,614.56,45587,43297,34028,
22835,94160,40.3,615.09,45594,43397,34045,
22838,94159,40.3,614.11,45510,43409,34123,
22841,94159,40.3,614.47,45547,43297,34128,
22845,94158,40.3,614.47,45530,43337,34134,
22848,94162,40.3,614.38,45554,43343,34195,
22851,94162,40.3,614.11,45436,43297,34099,
22854,94157,40.3,614.47,45403,43075,33899,
22857,94161,40.3,614.65,45617,43516,34244,
22860,94160,40.3,614.73,45561,43273,34179,
22863,94161,40.3,614.38,45656,43451,34282,
22867,94160,40.3,614.38,45680,43531,34280,
22870,94163,40.3,614.47,45694,43362,34154,
22873,94157,40.3,615.18,45557,43349,34166,
22876,94157,40.3,614.29,45395,43244,34077,
22879,94154,40.3,614.29,45290,43229,34025,
22882,94160,40.3,614.47,45052,42751,33655,
22885,94162,40.2,614.73,44848,42693,33711,
22888,94161,40.3,614.47,44386,42493,33529,
22892,94156,40.3,614.56,43856,42112,33167,
22895,94160,40.3,614.82,43040,41471,32703,
22898,94150,40.3,614.47,42907,41337,32631,
22901,94158,40.3,614.38,43229,41398,32635,
22904,94161,40.3,614.38,43547,41895,33083,
22907,94157,40.2,614.65,43719,41877,33063,
22910,94156,40.2,614.82,43696,41885,32953,
22914,94159,40.2,614.82,43535,41843,33050,
22917,94157,40.3,615.35,43534,41832,32872,
22920,94159,40.2,614.47,43505,41676,32921,
22923,94159,40.2,614.47,43714,41832,33027,
22926,94162,40.3,614.91,43864,41892,33065,
22929,94152,40.3,614.65,43926,41816,33042,
22932,94156,40.3,614.65,44011,42142,33238,
22935,94158,40.3,614.65,44038,42212,33231,
22939,94156,40.2,614.56,44126,42191,33270,
22942,94159,40.2,614.73,43759,41921,33030,
22945,94154,40.2,614.91,43158,41526,32640,
22948,94151,40.2,614.91,43088,41269,32546,
22951,94159,40.2,614.65,43799,41761,32839,
22954,94155,40.2,614.65,45025,42832,33709,
22957,94157,40.2,614.91,45311,43016,33866,
22961,94151,40.2,614.73,45399,43288,34030,
22964,94154,40.2,614.82,45464,43093,34017,
22967,94158,40.2,614.03,45417,43270,34075,
22970,94164,40.2,614.73,45463,43244,34026,
22973,94162,40.2,614.56,45563,43374,34026,
22976,94160,40.3,614.29,45616,43393,34157,
22979,94155,40.2,615.18,45612,43351,34189,
22982,94156,40.3,615,45525,43355,33980,
22986,94157,40.2,614.73,45570,43355,34127,
22989,94155,40.2,614.38,45602,43528,34071,
22992,94153,40.3,614.38,45577,43370,34226,
22995,94154,40.2,614.91,45602,43369,34142,
22998,94157,40.2,615,45663,43443,34170,
23001,94156,40.2,615.09,45680,43458,34186,
23004,94158,40.3,614.47,45605,43307,34128,
23008,94160,40.2,615.26,45687,43435,34194,
23011,94156,40.2,614.47,45622,43354,34145,
23014,94153,40.2,614.56,45759,43563,34278,
23017,94153,40.2,614.82,45724,43444,34213,
23020,94152,40.3,614.56,45800,43542,34260,
23023,94148,40.3,614.82,45849,43617,34318,
23026,94146,40.2,615.26,45812,43551,34289,
23029,94152,40.3,615,45864,43623,34359,
23033,94154,40.2,615,45848,43614,34340,
23036,94155,40.2,614.73,45866,43615,34326,
23039,94151,40.2,615.09,45840,43555,34284,
23042,94156,40.2,614.56,45861,43626,34291,
23045,94152,40.3,615.53,45894,43665,34357,
23048,94150,40.3,615,45908,43703,34395,
23051,94153,40.3,614.82,45937,43694,34394,
23055,94157,40.3,615,45908,43638,34343,
23058,94155,40.3,614.82,45914,43579,34229,
23061,94151,40.3,614.56,45930,43603,34334,
23064,94163,40.3,614.73,46013,43691,34396,
23067,94161,40.2,614.47,46000,43660,34337,
23070,94160,40.3,614.11,45915,43622,34379,
23073,94159,40.3,614.47,45968,43500,34169,
23076,94159,40.2,614.29,45965,43499,34452,
23080,94156,40.2,614.65,45938,43634,34374,
23083,94155,40.3,614.47,45845,43365,34222,
23086,94155,40.3,615.09,46009,43718,34442,
23089,94155,40.3,614.56,46096,43698,34466,
23092,94157,40.3,614.47,46043,43711,34431,
23095,94160,40.3,614.65,46065,43688,34482,
23098,94157,40.3,614.65,45857,43653,34549,
23102,94157,40.3,614.56,46029,43626,34473,
23105,94164,40.3,614.11,45928,43646,34366,
23108,94165,40.3,614.38,45933,43630,34232,
23111,94161,40.3,614.29,46021,43631,34283,
23114,94160,40.3,614.47,45952,43613,34309,
23117,94155,40.3,614.65,45788,43481,34140,
23120,94158,40.3,614.73,45939,43583,34090,
23123,94152,40.3,614.91,45994,43807,34382,
23127,94152,40.3,615,45961,43749,34413,
23130,94160,40.3,614.29,46019,43693,34337,
23133,94161,40.3,614.47,46069,43816,34564,
23136,94160,40.3,613.94,45827,43351,34060,
23139,94160,40.3,614.29,46051,43538,34388,
23142,94158,40.3,614.38,45990,43765,34415,
23145,94165,40.3,614.03,46007,43801,34529,
23149,94162,40.3,613.85,45970,43686,34347,
23152,94161,40.3,614.56,45998,43644,34452,
23155,94160,40.3,614.56,46005,43706,34503,
23158,94160,40.3,614.29,45898,43850,34281,
23161,94162,40.3,614.29,45818,43611,34332,
23164,94157,40.3,614.47,45783,43526,34244,
23167,94158,40.3,614.65,45797,43275,34046,
23170,94161,40.3,614.65,45746,43496,34218,
23174,94158,40.3,614.65,45647,43417,34163,
23177,94158,40.3,614.73,45303,43158,33987,
23180,94157,40.3,614.65,45101,43178,33894,
23183,94155,40.3,614.65,44915,42873,33771,
23186,94154,40.3,614.91,44877,42839,33705,
23189,94157,40.3,614.65,44966,42854,33694,
23192,94155,40.3,615.26,45003,43017,33819,
23196,94160,40.3,614.11,45195,43082,33967,
23199,94161,40.3,614.91,45306,43238,34058,
23202,94159,40.3,614.56,45446,43298,34073,
23205,94159,40.3,614.03,45326,43208,33939,
23208,94158,40.3,614.11,45346,43240,34005,
23211,94157,40.3,614.91,45213,43160,33921,
23214,94157,40.3,614.73,45047,42990,33746,
23217,94155,40.3,614.73,45051,42926,33831,
23221,94157,40.3,614.73,45254,43175,33940,
23224,94158,40.3,615,45449,43252,34056,
23227,94160,40.3,614.56,45362,43216,34006,
23230,94155,40.3,614.56,45331,43096,33921,
23233,94161,40.3,614.56,45159,42950,33897,
23236,94159,40.3,614.73,45282,43004,33903,
23239,94160,40.3,614.11,45068,42950,33913,
23243,94155,40.3,614.03,45043,42838,33690,
23246,94154,40.3,614.47,45142,43237,33834,
23249,94152,40.3,615.26,45254,43094,33898,
23252,94155,40.3,614.29,45183,42953,33703,
23255,94160,40.3,614.11,45342,43283,34017,
23258,94155,40.3,614.2,45542,43292,34086,
23261,94157,40.3,614.2,45613,43365,34088,
23264,94154,40.3,614.56,45514,43067,33907,
23268,94157,40.3,614.2,45601,43239,34031,
23271,94154,40.3,614.38,45603,43394,34045,
23274,94162,40.3,614.2,45696,43351,34097,
23277,94158,40.3,614.73,45754,43412,34128,
23280,94154,40.3,614.65,45731,43434,34038,
23283,94164,40.3,614.65,45782,43443,34157,
23286,94163,40.3,614.2,45677,43463,33937,
23290,94159,40.3,614.65,45840,43431,34308,
23293,94157,40.3,614.82,45769,43408,34139,
23296,94157,40.4,614.47,45661,43146,33937,
23299,94162,40.4,614.65,45664,43355,33973,
23302,94158,40.4,614.65,45772,43468,34174,
23305,94156,40.3,614.2,45704,43303,34229,
23308,94158,40.3,614.47,45687,43268,34025,
23311,94155,40.4,614.11,45697,43559,33940,
23315,94154,40.4,614.03,45874,43508,34188,
23318,94159,40.4,614.29,45727,43091,33937,
23321,94158,40.4,614.47,45706,43290,34117,
23324,94157,40.4,614.47,45643,43229,33890,
23327,94155,40.3,614.65,45695,43069,34013,
23330,94157,40.4,614.82,45621,43121,33830,
23333,94155,40.3,614.91,45674,43365,33892,
23337,94158,40.4,614.47,45825,43440,34147,
23340,94153,40.3,614.82,45559,42981,33921,
23343,94152,40.3,614.91,45768,43219,34155,
23346,94155,40.3,614.65,45810,43390,34183,
23349,94157,40.4,614.47,45663,43165,33952,
23352,94156,40.4,614.65,45676,43268,34097,
23355,94157,40.4,614.91,45686,43445,33965,
23358,94152,40.3,615.53,45652,43334,34075,
23362,94154,40.4,614.65,45712,43513,34018,
23365,94156,40.4,614.47,45735,43410,34101,
23368,94152,40.4,614.2,45775,43272,34068,
23371,94156,40.4,614.65,45774,43389,34095,
23374,94155,40.4,614.91,45728,43353,34087,
23377,94152,40.4,614.38,45735,43167,33840,
23380,94157,40.3,615.35,45803,43318,34183,
23384,94150,40.3,614.2,45762,43266,34051,
23387,94157,40.3,614.82,45807,43448,34181,
23390,94159,40.4,614.47,45920,43254,34197,
23393,94162,40.4,614.47,45816,43459,34069,
23396,94160,40.4,614.29,45861,43676,34092,
23399,94154,40.3,614.56,45780,43395,34013,
23402,94159,40.3,614.82,45684,43226,34106,
23405,94153,40.4,614.38,45771,43243,34161,
23409,94152,40.3,614.65,45721,43251,34007,
23412,94153,40.4,614.56,45860,43459,33967,
23415,94156,40.4,614.73,45861,43491,34212,
23418,94156,40.4,614.56,45826,43264,34014,
23421,94152,40.4,614.56,45920,43480,34211,
23424,94155,40.3,614.82,45934,43624,34242,
23427,94155,40.4,614.91,45826,43619,34131,
23431,94155,40.3,614.38,45744,43513,34268,
23434,94156,40.3,614.91,45915,43497,34042,
23437,94151,40.3,615.18,45850,43537,34236,
23440,94158,40.3,614.82,45840,43488,34194,
23443,94151,40.3,614.56,45951,43596,34170,
23446,94154,40.3,614.56,45814,43605,34133,
23449,94151,40.3,615.26,45863,43465,34277,
23452,94152,40.3,614.82,45933,43683,34316,
23456,94155,40.4,614.56,45818,43531,34066,
23459,94154,40.3,614.73,45927,43637,34296,
23462,94154,40.3,615.09,45941,43637,34379,
23465,94156,40.3,614.29,46021,43663,34382,
23468,94156,40.3,614.82,46097,43986,34456,
23471,94155,40.3,615.18,46033,43812,34427,
23475,94162,40.3,614.56,45942,43730,34349,
23478,94154,40.3,615.18,45980,43815,34170,
23481,94153,40.4,615.09,46271,44101,34450,
23484,94156,40.3,614.65,45929,43409,34174,
23487,94155,40.4,614.47,45983,43807,34461,
23490,94157,40.4,614.2,46035,43737,34325,
23493,94162,40.4,614.65,45948,43700,34465,
23497,94155,40.4,614.47,45984,43742,34427,
23500,94152,40.4,614.73,45975,43725,34382,
23503,94157,40.3,614.47,45921,43748,34371,
23506,94155,40.3,614.47,46000,43812,34450,
23509,94158,40.3,614.65,45901,43772,34204,
23512,94161,40.3,614.38,45896,43686,34280,
23515,94157,40.4,614.11,45929,43940,34343,
23519,94155,40.4,614.73,45958,43838,34426,
23522,94156,40.3,614.38,46071,43670,34411,
23525,94157,40.4,614.11,45813,43824,34302,
23528,94161,40.4,614.73,45997,43511,34415,
23531,94155,40.4,614.38,45799,43869,34417,
23534,94146,40.4,614.91,46029,43889,34566,
23537,94149,40.3,615.44,45881,43574,34307,
23540,94161,40.4,614.65,45902,43711,34139,
23544,94160,40.4,614.38,46026,43622,34426,
23547,94160,40.4,615.09,45924,43727,34377,
23550,94161,40.4,615.09,45938,43678,34244,
23553,94155,40.4,614.47,45958,43837,34342,
23556,94160,40.3,614.56,46076,43885,34504,
23559,94160,40.3,614.65,46038,43777,34507,
23562,94159,40.4,614.73,46069,43977,34476,
23566,94152,40.4,614.91,46017,43704,34383,
23569,94154,40.4,614.56,46094,43769,34371,
23572,94152,40.3,614.56,46170,44095,34661,
23575,94159,40.3,614.73,46193,43823,34514,
23578,94154,40.4,614.56,46166,43770,34395,
23581,94152,40.4,614.73,46112,43785,34306,
23584,94153,40.4,614.65,46136,43784,34433,
23587,94159,40.4,615,46104,43749,34356,
23591,94155,40.3,615.26,46440,44258,34810,
23594,94159,40.4,614.82,46093,43871,34467,
23597,94152,40.3,614.73,46462,44093,34527,
23600,94158,40.3,614.65,46203,43843,34219,
23603,94158,40.4,614.47,46220,43845,34322,
23606,94155,40.3,614.91,46266,43872,34303,
23609,94160,40.3,614.65,46302,44102,34553,
23613,94156,40.3,615,46251,44080,34349,
23616,94157,40.3,614.91,46329,43900,34311,
23619,94156,40.3,615,46296,43638,34271,
23622,94162,40.3,614.56,46365,43938,34477,
23625,94157,40.3,615,46443,43900,34637,
23628,94161,40.3,614.56,46415,44007,34500,
23631,94157,40.3,614.65,46423,44120,34531,
23634,94154,40.3,614.38,46364,43777,34369,
23638,94156,40.3,614.73,46479,44080,34534,
23641,94156,40.3,614.65,46489,43989,34574,
23644,94157,40.3,614.47,46483,44139,34517,
23647,94160,40.3,614.29,46520,44012,34589,
23650,94153,40.3,614.38,46505,44085,34552,
23653,94160,40.3,614.56,46508,43976,34549,
23656,94158,40.3,614.38,46472,43954,34466,
23660,94153,40.3,614.47,46529,44037,34540,
23663,94159,40.3,614.47,46354,44034,34216,
23666,94158,40.3,614.47,46574,43940,34551,
23669,94155,40.3,614.38,46652,44113,34735,
23672,94153,40.3,614.47,46541,43955,34756,
23675,94151,40.3,614.56,46624,44203,34617,
23678,94152,40.3,615.62,46757,44322,34693,
23681,94150,40.3,614.82,46627,44191,34553,
23685,94158,40.3,614.82,46576,43862,34384,
23688,94149,40.3,615.18,46658,44136,34554,
23691,94150,40.3,615.26,46648,44087,34594,
23694,94153,40.3,615.26,46461,44165,34248,
23697,94154,40.3,614.47,46483,44104,34489,
23700,94155,40.3,614.73,46438,44039,34286,
23703,94154,40.3,615.09,46493,43987,34440,
23707,94152,40.3,614.91,46509,44082,34533,
23710,94153,40.3,614.56,46395,44049,34573,
23713,94155,40.3,614.82,46330,43710,34544,
23716,94157,40.3,614.56,46383,43668,34246,
23719,94159,40.3,614.47,46489,44126,34249,
23722,94154,40.3,614.91,46327,43922,34449,
23725,94159,40.3,614.03,46287,43838,34447,
23728,94154,40.3,614.29,46324,43831,34336,
23732,94157,40.3,615.26,46366,43644,34271,
23735,94157,40.3,614.03,46487,43732,34502,
23738,94156,40.3,614.91,46185,43797,34312,
23741,94157,40.3,613.94,46204,43871,34348,
23744,94156,40.3,614.47,46242,43732,34474,
23747,94158,40.3,614.65,46270,43629,34198,
23750,94165,40.3,614.11,46221,43705,34293,
23754,94155,40.3,614.73,46261,43743,34369,
23757,94158,40.3,614.11,46108,43790,34330,
23760,94161,40.3,614.91,46147,43523,34305,
23763,94158,40.3,614.65,46174,43793,34305,
23766,94156,40.3,614.38,46235,43728,34326,
23769,94159,40.3,614.38,46146,43666,34198,
23772,94158,40.3,614.2,46026,43619,34248,
23775,94158,40.3,614.82,45934,43622,34006,
23779,94161,40.3,614.56,46041,43530,34169,
23782,94161,40.3,614.56,46281,43827,34383,
23785,94156,40.3,614.65,46173,43751,34141,
23788,94159,40.3,614.56,46221,43736,34277,
23791,94161,40.3,614.03,46284,43798,34350,
23794,94159,40.3,614.73,46278,43823,34385,
23797,94159,40.3,614.56,46285,43822,34377,
23801,94162,40.3,614.82,46320,43866,34328,
23804,94157,40.3,614.38,46278,43830,34381,
23807,94160,40.3,614.47,46360,44047,34321,
23810,94165,40.3,614.29,46331,43849,34382,
23813,94157,40.3,614.56,46180,43519,34185,
23816,94157,40.3,614.65,46262,44062,34479,
23819,94157,40.3,614.82,46544,44103,34666,
23822,94156,40.3,614.56,46463,43943,34453,
23826,94156,40.3,614.56,46478,44043,34455,
23829,94155,40.3,614.82,46305,43582,34225,
23832,94154,40.3,614.56,46458,43941,34243,
23835,94156,40.3,614.91,46381,43848,34337,
23838,94156,40.3,614.73,46319,43955,34321,
23841,94156,40.3,614.47,46300,43558,34387,
23844,94155,40.3,614.65,46374,43814,34345,
23848,94160,40.3,615.26,46388,43883,34348,
23851,94159,40.3,614.56,46228,43786,34305,
23854,94160,40.3,614.82,46428,43840,34424,
23857,94160,40.3,614.82,46222,43935,34348,
23860,94157,40.3,614.47,46453,43840,34417,
23863,94157,40.3,614.38,46396,43895,33978,
23866,94157,40.3,614.56,46387,43906,34312,
23869,94157,40.3,614.73,46342,43798,34211,
23873,94157,40.3,614.73,46398,43887,34351,
23876,94155,40.3,614.47,46335,43570,34163,
23879,94159,40.3,614.29,46262,43845,34330,
23882,94167,40.3,614.29,46281,43798,34281,
23885,94161,40.3,614.47,46114,43483,34226,
23888,94160,40.3,614.38,46185,43688,34261,
23891,94159,40.3,614.03,46085,43459,34145,
23895,94161,40.3,614.11,46435,44007,34462,
23898,94159,40.3,614.38,46216,43695,34361,
23901,94161,40.3,614.03,46169,43777,34277,
23904,94160,40.3,614.38,46268,43656,34365,
23907,94160,40.3,614.65,46206,43766,34357,
23910,94154,40.3,614.47,46483,44141,34614,
23913,94157,40.3,614.65,46316,44036,34452,
23916,94154,40.3,614.56,46341,44081,34574,
23920,94162,40.3,614.2,46292,43761,34441,
23923,94161,40.3,614.38,46319,44024,34410,
23926,94159,40.3,614.38,46330,43713,34386,
23929,94160,40.3,614.65,46375,43774,34575,
23932,94154,40.3,615,46333,43869,34300,
23935,94160,40.3,614.2,46128,43709,34370,
23938,94159,40.3,614.65,46244,43870,34350,
23942,94160,40.3,614.73,46285,43831,34354,
23945,94157,40.3,614.47,46303,43858,34448,
23948,94160,40.2,614.56,46200,43754,34419,
23951,94157,40.3,614.47,46482,44052,34515,
23954,94157,40.3,614.11,46523,44152,34631,
23957,94160,40.2,614.03,46525,44139,34574,
23960,94159,40.3,614.73,46645,44214,34476,
23963,94160,40.3,614.91,46622,44182,34714,
23967,94161,40.3,614.47,46327,44100,34329,
23970,94161,40.2,614.73,45725,43382,34063,
23973,94158,40.3,615.26,45434,43259,33920,
23976,94154,40.2,614.91,45610,43426,34025,
23979,94155,40.3,614.56,45684,43489,34061,
23982,94157,40.2,614.56,45748,43608,34090,
23985,94156,40.2,614.73,46195,43941,34401,
23989,94158,40.2,614.73,46727,44272,34710,
23992,94161,40.2,614.56,46807,44352,34784,
23995,94160,40.3,614.11,46725,44275,34716,
23998,94156,40.2,614.65,46746,44383,34732,
24001,94154,40.2,614.73,46729,44267,34703,
24004,94162,40.2,614.29,46714,44317,34700,
24007,94156,40.2,614.56,46634,44102,34549,
24010,94154,40.2,614.82,46728,44318,34715,
24014,94156,40.2,614.29,46832,44399,34776,
24017,94158,40.2,614.29,46812,44397,34759,
24020,94154,40.2,615.09,46712,44179,34440,
24023,94163,40.2,614.38,46818,44384,34769,
24026,94154,40.2,614.47,46874,44425,34800,
24029,94155,40.2,615.18,46865,44383,34785,
24032,94155,40.2,614.73,46857,44408,34695,
24036,94154,40.2,614.47,46832,44412,34756,
24039,94152,40.2,614.82,46766,44144,34755,
24042,94156,40.2,614.82,46750,44477,34597,
24045,94152,40.2,615.09,46835,44385,34754,
24048,94155,40.2,614.56,46862,44376,34714,
24051,94155,40.2,614.47,46865,44334,34678,
24054,94154,40.2,614.56,46793,44299,34604,
24057,94160,40.2,614.38,46962,44417,34737,
24061,94160,40.2,614.47,46910,44441,34818,
24064,94157,40.2,614.29,46877,44432,34857,
24067,94160,40.2,614.2,46993,44476,34900,
24070,94155,40.2,614.73,46843,44267,34811,
24073,94158,40.2,614.29,46932,44475,34802,
24076,94159,40.2,614.47,46984,44643,34659,
24079,94159,40.2,614.29,47036,44449,34915,
24083,94156,40.2,614.2,46924,44560,34844,
24086,94163,40.3,614.29,47168,44616,34888,
24089,94156,40.2,614.56,47087,44589,34812,
24092,94163,40.2,614.47,46995,44115,34665,
24095,94159,40.3,615,46848,44124,34521,
24098,94151,40.2,614.47,47061,44807,34881,
24101,94160,40.2,614.11,47220,44671,34953,
24104,94159,40.3,614.82,47152,44626,34951,
24108,94160,40.3,614.65,47156,44704,35020,
24111,94161,40.2,614.11,47126,44720,34974,
24114,94162,40.2,614.65,47153,44623,35038,
24117,94160,40.3,614.38,47159,44662,34919,
24120,94158,40.3,614.2,47230,44806,34958,
24123,94164,40.3,614.47,47212,44617,34920,
24126,94154,40.2,614.29,47145,44682,34761,
24130,94159,40.2,614.11,47203,44780,34912,
24133,94157,40.2,614.2,47234,44681,34909,
24136,94161,40.3,614.47,47200,44712,34879,
24139,94161,40.2,614.29,47212,44712,34942,
24142,94160,40.2,614.65,47244,44729,34955,
24145,94167,40.2,613.85,47248,44964,35066,
24148,94161,40.2,614.2,47312,44696,34935,
24151,94158,40.2,614.47,47296,44754,34763,
24155,94160,40.2,614.38,47300,44785,34944,
24158,94160,40.2,614.11,47353,44962,35183,
24161,94159,40.2,614.03,47313,44708,35032,
24164,94161,40.2,614.11,47299,44667,34906,
24167,94163,40.2,614.47,47308,44666,34975,
24170,94161,40.2,614.47,47376,44749,34921,
24173,94158,40.2,614.38,47349,44623,34905,
24177,94166,40.2,614.03,47306,44354,35017,
24180,94154,40.2,614.38,47386,44778,35060,
24183,94158,40.2,613.59,47428,44826,34974,
24186,94159,40.2,614.56,47448,44786,34906,
24189,94157,40.2,615.18,47457,44589,34803,
24192,94156,40.2,614.91,47551,44978,35051,
24195,94159,40.2,613.85,47647,44932,35079,
24198,94159,40.2,614.29,47679,44937,35146,
24202,94159,40.2,614.65,47649,44917,35096,
24205,94158,40.2,614.65,47753,45005,35108,
24208,94160,40.2,614.56,47659,44925,35080,
24211,94164,40.2,614.03,47894,45088,35070,
24214,94158,40.2,614.47,47666,45015,35093,
24217,94157,40.2,614.65,47868,45058,35247,
24220,94163,40.2,614.56,47842,44969,35048,
24224,94162,40.2,614.2,47757,44911,35142,
24227,94160,40.2,614.65,47785,45080,35152,
24230,94163,40.2,614.56,47802,44931,35099,
24233,94160,40.2,614.91,47784,44477,34776,
24236,94158,40.2,614.47,47863,45006,35160,
24239,94159,40.2,614.2,48078,45108,35355,
24242,94160,40.2,614.65,47850,44857,34989,
24245,94161,40.2,614.82,47999,45063,35106,
24249,94156,40.2,615.18,47869,44757,35118,
24252,94163,40.2,614.65,47984,45076,35134,
24255,94158,40.2,614.47,47979,44995,35084,
24258,94158,40.2,614.11,48006,44956,35154,
24261,94153,40.2,615.09,48190,45103,35178,
24264,94156,40.2,614.82,48147,45201,35204,
24267,94156,40.2,614.47,48002,45044,35274,
24271,94161,40.2,614.29,48262,45203,35349,
24274,94154,40.2,614.56,48293,45135,35314,
24277,94156,40.2,614.2,48379,45278,35305,
24280,94155,40.2,614.65,48369,45162,35326,
24283,94153,40.2,614.82,48372,45177,35288,
24286,94159,40.2,614.38,48390,45253,35266,
24289,94159,40.2,614.56,48510,45319,35326,
24292,94152,40.2,614.73,48665,45403,35430,
24296,94156,40.2,615,48820,45489,35523,
24299,94154,40.2,614.73,48847,45578,35560,
24302,94155,40.2,615.09,48910,45599,35547,
24305,94151,40.2,614.38,48872,45765,35587,
24308,94150,40.2,615.35,49075,45659,35648,
24311,94151,40.2,615,48978,45417,35488,
24314,94147,40.2,615.09,49419,46010,35890,
24318,94153,40.2,614.82,49392,45999,35843,
24321,94152,40.2,614.91,49470,46054,35797,
24324,94146,40.2,614.73,49498,46025,35845,
24327,94153,40.2,615,49531,45990,35913,
24330,94149,40.2,615.26,49575,45871,35865,
24333,94150,40.2,615.18,49697,46174,36022,
24336,94152,40.2,615.09,49730,46311,35789,
24339,94154,40.2,614.73,49885,46361,36054,
24343,94157,40.2,615,49892,46383,35987,
24346,94150,40.2,614.82,49855,46318,36030,
24349,94151,40.2,615.44,49786,46177,35930,
24352,94153,40.2,615.26,49348,45744,35583,
24355,94149,40.2,615.26,48915,45632,35381,
24358,94155,40.2,615.35,48298,45064,34830,
24361,94148,40.2,615.09,47734,44535,34677,
24365,94155,40.2,615.35,46595,43766,34057,
24368,94153,40.2,615.26,45491,42819,33270,
24371,94156,40.2,614.91,43908,41449,32283,
24374,94153,40.2,614.47,42104,40132,31309,
24377,94153,40.2,615.26,41902,40069,31134,
24380,94153,40.2,615,42122,40118,31326,
24383,94153,40.2,615,41338,39513,30743,
24386,94154,40.2,614.91,40236,38576,30105,
24390,94156,40.2,615.18,39229,37752,29385,
24393,94150,40.2,614.73,38485,37117,29054,
24396,94151,40.2,614.91,36944,36083,28221,
24399,94148,40.2,614.73,35320,34757,27010,
24402,94157,40.2,615.09,33108,32854,25826,
24405,94155,40.2,614.38,30626,30989,24344,
24408,94155,40.2,614.56,29313,29991,23224,
24412,94158,40.2,614.73,28701,29399,23059,
24415,94154,40.2,615.18,28520,29265,22941,
24418,94154,40.2,615.18,28046,28810,22650,
24421,94150,40.2,615.26,27370,28333,22277,
24424,94151,40.2,615.18,26952,28041,22038,
24427,94151,40.2,615.26,26182,27281,21510,
24430,94152,40.2,615.26,24859,26277,20668,
24433,94157,40.2,615.09,23690,25184,20013,
24437,94151,40.2,615.35,22798,24674,19543,
24440,94153,40.2,615,22510,24333,19283,
24443,94153,40.2,614.91,22374,24237,19221,
24446,94156,40.2,614.65,22032,23911,19009,
24449,94152,40.2,615.09,21427,23395,18563,
24452,94151,40.2,615.09,20870,22956,18205,
24455,94156,40.2,615.18,20205,22484,17696,
24459,94150,40.2,614.91,19466,21783,17438,
24462,94153,40.2,615,18988,21371,16930,
24465,94151,40.2,615.44,18590,20934,16567,
24468,94154,40.2,615,18326,20833,16593,
24471,94152,40.2,615.35,18087,20641,16406,
24474,94148,40.2,615.35,17881,20367,16303,
24477,94152,40.2,615.18,17632,20232,16318,
24480,94153,40.2,615.18,17500,19956,15984,
24484,94151,40.2,615.09,17337,19664,15568,
24487,94154,40.2,615.26,17300,19738,15897,
24490,94155,40.2,615,17130,19662,15638,
24493,94151,40.2,614.73,16946,19499,15579,
24496,94151,40.2,615.35,16785,19449,15513,
24499,94152,40.2,615.62,16650,19292,15506,
24502,94149,40.2,615.09,16475,19092,15278,
24506,94148,40.2,615,16479,19142,15377,
24509,94152,40.2,615.62,16325,18999,15271,
24512,94156,40.2,615,16204,18772,15185,
24515,94152,40.2,615.26,15921,18730,15038,
24518,94149,40.2,615.09,15921,18662,15016,
24521,94149,40.2,615.09,15804,18488,14736,
24524,94153,40.2,615.35,15688,18464,14817,
24527,94152,40.2,614.91,15580,18353,14718,
24531,94157,40.2,615,15382,18063,14477,
24534,94157,40.2,614.56,15379,18128,14596,
24537,94153,40.2,614.91,15316,18134,14581,
24540,94157,40.2,614.65,15151,17924,14421,
24543,94156,40.1,614.73,15362,18227,14679,
24546,94151,40.2,615.09,15075,17686,14333,
24549,94147,40.2,615.18,14901,17721,14265,
24553,94153,40.1,615.09,14871,17662,14231,
24556,94152,40.1,615,14704,17470,14029,
24559,94146,40.1,615.18,14521,17048,13895,
24562,94146,40.1,614.65,14653,17444,14046,
24565,94154,40.1,614.65,14518,17362,13976,
24568,94153,40.1,615.09,14376,16996,14200,
24571,94149,40.1,615.09,19861,25149,21389,
24574,94156,40.1,615.35,17956,22425,18200,
24578,94146,40.1,614.82,15652,19360,15695,
24581,94158,40.1,614.82,15875,19328,15780,
24584,94157,40.1,615,15817,19356,15199,
24587,94149,40.1,615.71,14852,17711,14375,
24590,94149,40.1,614.91,14897,17967,14610,
24593,94153,40.1,614.2,14249,17725,14415,
24596,94151,40.1,614.56,13257,16849,13959,
24600,94153,40.1,615.44,12808,16020,13170,
24603,94151,40.1,615.35,13222,16651,13667,
24606,94147,40.1,615.35,13599,17210,14040,
24609,94146,40.1,615.53,12823,16332,13432,
24612,94146,40.1,615.26,12179,15513,12767,
24615,94149,40.1,614.82,12209,15652,12930,
24618,94149,40.1,615.53,11856,15331,12665,
24621,94151,40.1,615,11660,15164,12527,
24625,94152,40.1,615,11755,15152,12526,
24628,94149,40.1,615.53,10952,14386,12139,
24631,94150,40.1,614.56,12854,15027,12463,
24634,94151,40.1,615.35,14310,17346,14042,
24637,94152,40.1,615.18,14986,18177,14704,
24640,94149,40.1,615.35,15062,18269,14787,
24643,94148,40.1,615.35,14934,18176,14772,
24647,94149,40.1,615.35,14731,17827,14407,
24650,94154,40.1,614.73,14696,17785,14384,
24653,94149,40.1,614.82,14641,17718,14311,
24656,94151,40,615.26,14575,17699,14296,
24659,94152,40,615.62,14371,17393,14104,
24662,94149,40,615.18,14294,17441,14097,
24665,94146,40,615.35,13036,15618,12730,
24668,94150,40,615.53,12932,15557,12667,
24672,94152,40,615.09,12998,15683,12776,
24675,94147,40,615.53,12980,15625,12688,
24678,94151,40,615.26,12966,15655,12731,
24681,94152,40,615.18,12970,15641,12725,
24684,94154,40,615.09,12923,15627,12716,
24687,94146,40,615.26,12952,15627,12735,
24690,94151,40,615.18,13269,16019,12999,
24694,94154,40,615.09,13345,16223,13145,
24697,94155,40,615.53,13181,16044,13012,
24700,94154,40,614.73,13086,15962,12937,
24703,94151,40,615.09,12967,15532,13096,
24706,94149,40,615.44,11162,19673,32839,
24709,94147,39.9,615.53,26995,37496,32999,
24712,94150,39.9,615,9192,14371,15444,
24716,94157,39.9,615.09,15864,20015,17947,
24719,94150,39.9,615.26,8986,9460,10573,
24722,94141,39.8,616.24,0,0,0,
24725,94143,39.9,615.8,1107,1268,1027,
24728,94142,39.8,615.88,547,854,505,
24731,94142,39.8,616.06,0,10,27,
24734,94143,39.8,616.15,0,0,0,
24737,94146,39.8,616.41,0,0,0,
24741,94150,39.8,615.35,0,0,0,
24744,94150,39.8,615.18,0,0,0,
24747,94143,39.8,615.26,2673,2287,2371,
24750,94145,39.8,615.44,963,688,703,
24753,94145,39.8,615.62,1445,2910,2050,
24756,94144,39.8,615.53,7011,6626,10045,
24759,94141,39.8,616.24,16355,20768,22223,
24763,94149,39.8,615.8,17181,20098,19973,
24766,94138,39.7,615.88,15095,16430,19217,
24769,94140,39.7,616.24,34504,37403,34137,
24772,94145,39.7,615.53,11504,15202,16403,
24775,94146,39.7,615.62,12562,14979,15830,
24778,94145,39.7,615.62,10637,12533,12586,
24781,94153,39.7,615.26,4133,5046,2723,
24784,94155,39.7,614.73,3551,4046,3629,
24788,94145,39.7,615.71,2107,1942,1892,
24791,94150,39.7,615.62,3707,2261,3109,
24794,94151,39.6,615.53,4219,4640,4964,
24797,94143,39.6,615.53,13439,16166,13942,
24800,94158,39.6,615,65534,65535,65535,
24803,94148,39.6,615.62,8786,9858,10127,
24806,94153,39.6,614.65,3723,1380,1471,
24810,94155,39.6,614.11,8303,9556,10960,
24813,94154,39.5,614.65,10247,7968,9198,
24816,94153,39.5,615,10681,10728,9999,
24819,94148,39.5,615.44,9527,10298,10776,
24822,94153,39.5,614.73,8648,6768,6898,
24825,94153,39.5,615.35,6315,6001,5138,
24828,94143,39.5,615.44,12444,10290,17010,
24831,94154,39.5,614.82,36717,31520,39821,
24835,94157,39.5,615,10425,12012,9278,
24838,94156,39.5,615.18,9198,9153,10185,
24841,94153,39.5,614.38,8954,6573,2770,
24844,94147,39.5,615,33568,29232,40385,
24847,94155,39.4,614.82,65534,65534,65534,
24850,94157,39.4,614.65,7267,9535,7544,
24853,94160,39.4,614.38,16139,16044,13236,
24857,94162,39.4,614.38,10690,11243,10616,
24860,94165,39.4,613.59,3620,1975,6512,
24863,94166,39.4,613.94,12107,15015,12400,
24866,94170,39.4,613.5,20344,22071,17236,
24869,94179,39.4,612.44,7545,16399,4467,
24872,94184,39.3,612,33362,31239,16625,
24875,94199,39.3,611.55,55481,62366,39737,
24878,94193,39.3,611.2,64428,36337,32251,
24882,94202,39.3,610.58,54693,65534,65534,
24885,94204,39.2,610.67,15257,16515,18897,
24888,94216,39.2,609.96,18039,24672,37645,
24891,94217,39.2,608.99,19601,27904,16409,
24894,94226,39.2,609.44,37792,19404,28228,
24897,94231,39.2,608.46,12559,16117,14533,
24900,94229,39.2,608.2,481,2407,8436,
24904,94237,39.2,606.96,8111,6327,5627,
24907,94241,39.2,607.14,11220,12636,11072,
24910,94243,39.1,606.7,14095,46299,45747,
24913,94248,39.1,606.61,27405,41527,41042,
24916,94239,39.1,607.14,15408,11430,16167,
24919,94238,39.1,607.4,7350,15162,8918,
24922,94247,39.1,606.61,13996,13352,29127,
24925,94247,39,606.34,3104,2011,1515,
24929,94250,39,606.61,32919,37786,32542,
24932,94243,39,607.23,9445,12577,9376,
24935,94244,39,607.32,13764,18954,18349,
24938,94234,39,607.58,65535,65534,65534,
24941,94241,39,607.49,65534,65535,65534,
24944,94234,38.9,607.93,65534,65535,65535,
24947,94238,38.9,607.49,26914,40591,30995,
24951,94238,38.9,607.67,65534,65535,65534,
24954,94231,38.9,608.11,65534,61681,61424,
24957,94234,38.8,608.11,65534,65534,65534,
24960,94229,38.8,607.93,38043,45520,37665,
24963,94232,38.7,607.93,24927,30156,37934,
24966,94227,38.7,608.29,17439,23247,25334,
24969,94234,37.9,607.58,21930,29731,30098,
24972,94240,37.2,607.49,65534,65535,65534,
24976,94237,36.6,607.67,65535,65534,65534,
24979,94239,36.2,607.58,65534,65534,65535,
24982,94237,35.9,607.76,65535,65534,65534,
24985,94233,35.6,607.67,65534,65535,65534,
24988,94236,35.2,607.76,24004,30518,31276,
24991,94231,35,607.23,17565,23172,24624,
24994,94239,34.7,607.49,17594,23538,24797,
24998,94238,34.4,607.76,65534,65534,65534,
25001,94238,34.1,607.76,65534,65534,60666,
25004,94236,33.8,607.67,36877,43090,34464,
25007,94229,33.7,607.23,50088,30587,52765,
25010,94235,33.7,607.84,37046,49341,47170,
25013,94233,33.8,607.93,32049,41219,32925,
25016,94227,34,608.2,65534,65535,65534,
25020,94238,34.1,608.64,17468,23197,26042,
25023,94226,34.3,608.29,17075,22385,24716,
25026,94222,34.4,608.9,64985,52270,55205,
25029,94221,34.6,609.17,17683,23791,26385,
25032,94219,34.7,609.35,18602,21054,23588,
25035,94219,34.8,608.46,65534,65534,65149,
25038,94219,34.9,608.9,62261,65301,56998,
25042,94219,35,609.52,59299,65348,55957,
25045,94218,35,608.9,65535,65535,65032,
25048,94214,34.8,609.52,65534,65534,55281,
25051,94214,34.8,610.05,17174,22527,26058,
25054,94213,34.8,609.61,21523,29909,28936,
25057,94209,34.7,610.05,65535,65534,65534,
25060,94209,34.2,610.4,38728,45307,42596,
25064,94208,34,610.05,19214,28592,30876,
25067,94210,33.9,610.76,19640,30763,21586,
25070,94200,33.9,610.58,14039,17632,16956,
25073,94202,33.8,611.2,16090,22139,24862,
25076,94201,33.8,611.46,18422,23236,23380,
25079,94194,33.7,611.29,17840,25535,28381,
25083,94190,33.8,611.55,19671,23598,28590,
25086,94188,33.9,612,15995,21945,23175,
25089,94183,34,612.08,16153,21686,24534,
25092,94187,34.1,612.08,24018,26760,26546,
25095,94181,34.2,612.08,19018,25419,24147,
25098,94180,34.3,612.44,14596,18985,21188,
25101,94177,34.4,612.79,14884,20038,22624,
25105,94168,34.4,613.23,15244,20854,23340,
25108,94170,34.5,613.5,20319,27548,30734,
25111,94167,34.6,613.85,20072,31900,28416,
25114,94162,34.6,614.91,19538,30361,32859,
25117,94165,34.6,613.59,19638,28048,28072,
25120,94167,34.7,613.5,64109,65535,65534,
25123,94168,34.7,613.32,65534,65534,65534,
25127,94170,34.7,612.97,17346,23230,26588,
25130,94173,34.8,613.23,32642,43068,41141,
25133,94154,34.8,614.73,53030,63752,56594,
25136,94168,34.9,613.67,61261,65534,61812,
25139,94154,34.8,614.47,65534,65535,65534,
25142,94172,34.9,613.94,62473,65534,60353,
25145,94169,34.9,613.5,65534,65535,65534,
25148,94168,34.9,613.76,19121,26488,26857,
25152,94160,34.9,613.59,65534,65386,50030,
25155,94167,34.9,613.59,22775,29965,28675,
25158,94167,34.9,613.85,15713,20234,22359,
25161,94158,34.9,614.2,65534,65534,65534,
25164,94156,34.9,614.73,40877,40039,42602,
25167,94156,34.9,614.91,65534,65534,62696,
25170,94149,34.9,614.65,65534,65534,58092,
25174,94146,34.9,615.18,16794,21527,21370,
25177,94138,34.9,615.62,47225,55467,50448,
25180,94144,34.9,616.85,47915,52281,54997,
25183,94132,34.9,616.94,65534,65534,63676,
25186,94137,34.8,616.06,65534,65535,65534,
25189,94134,34.8,617.12,46201,60796,48808,
25192,94129,34.7,616.94,65534,65534,53483,
25195,94128,34.7,617.47,65349,59447,65435,
25199,94122,34.7,617.74,53749,56982,48310,
25202,94119,34.7,617.74,18104,31904,17124,
25205,94112,34.7,618.45,25363,21507,24960,
25208,94114,34.7,618.54,34819,42258,36166,
25211,94106,34.7,619.51,27511,30463,27713,
25214,94100,34.6,620.39,17101,23075,23951,
25217,94098,34.6,619.77,15407,21628,20614,
25221,94093,34.6,620.39,38400,37770,36011,
25224,94089,34.6,620.48,41540,39616,32098,
25227,94083,34.6,621.01,43756,49904,48456,
25230,94076,34.6,621.28,22450,28043,27446,
25233,94077,34.6,621.98,20109,23911,27332,
25236,94069,34.6,621.89,17832,26117,25666,
25239,94061,34.6,623.4,35470,36156,32855,
25242,94056,34.6,622.95,20979,28215,24829,
25246,94055,34.5,623.22,22950,33602,37098,
25249,94050,34.5,623.48,16357,28636,16907,
25252,94046,34.5,624.19,52512,60172,53062,
25255,94030,34.5,625.7,13708,19470,23662,
25258,94032,34.5,625.79,16947,26723,25725,
25261,94037,34.5,625.61,17611,25100,26839,
25264,94025,34.5,625.87,18175,25084,28824,
25268,94026,34.4,626.23,18882,27226,29534,
25271,94023,34.4,626.14,19021,25383,25656,
25274,94027,34.4,626.67,61464,57938,39540,
25277,94008,34.4,627.91,32493,29899,24329,
25280,94017,34.4,627.2,29621,38890,37675,
25283,94021,34.3,627.2,17951,24222,25871,
25286,94014,34.4,627.55,17109,23640,23710,
25289,94023,34.4,627.02,14144,17529,22893,
25293,94023,34.4,626.76,16570,23001,25340,
25296,94020,34.4,626.49,16991,24034,23511,
25299,94009,34.4,627.38,3510,1954,2554,
25302,94018,34.4,627.64,394,418,330,
25305,94009,34.4,627.64,394,418,331,
25308,94008,34.4,627.91,395,418,331,
25311,94014,34.5,627.64,395,418,331,
25315,94010,34.5,628,395,418,331,
25318,94007,34.5,627.64,395,418,331,
25321,94010,34.5,627.91,394,418,331,
25324,94008,34.5,627.47,375,397,315,
25327,94010,34.5,627.64,377,399,315,
25330,94006,34.5,627.38,378,399,315,
25333,94013,34.6,627.82,378,399,315,
25337,94014,34.6,627.82,377,399,314,
25340,94011,34.5,627.82,377,399,314,
25343,94014,34.6,627.82,377,399,315,
25346,94012,34.6,628,371,391,308,
25349,94013,34.6,627.2,376,398,313,
25352,94008,34.6,627.64,394,417,329,
25355,94005,34.6,628.53,395,418,330,
25358,94006,34.6,627.82,394,418,331,
25362,94006,34.6,628.17,395,418,331,
25365,94005,34.6,628.62,394,418,330,
25368,94011,34.6,627.55,394,418,330,
25371,94007,34.6,628,395,418,330,
25374,94015,34.6,628.17,394,418,330,
25377,94005,34.6,627.91,390,416,328,
25380,94008,34.6,627.91,394,417,330,
25384,94009,34.6,627.55,394,417,330,
25387,94005,34.6,628.08,393,417,330,
25390,94010,34.6,627.82,394,417,330,
25393,94008,34.6,627.38,393,417,329,
25396,94005,34.5,628.35,393,416,329,
25399,94008,34.5,628,393,416,329,
25402,94002,34.5,627.91,392,415,328,
25405,94005,34.6,628.35,392,415,328,
25409,94004,34.5,628.44,392,415,328,
25412,94011,34.5,627.64,391,414,328,
25415,94008,34.6,628.08,391,414,327,
25418,94000,34.5,627.73,390,413,327,
25421,94006,34.5,627.82,389,413,326,
25424,94005,34.5,628,389,412,326,
25427,94002,34.5,628.08,389,412,326,
25431,94011,34.5,628.26,388,411,325,
25434,94002,34.5,628.26,388,411,325,
25437,94005,34.5,628.26,387,411,324,
25440,94008,34.5,627.73,387,410,324,
25443,94007,34.5,628.26,387,410,324,
25446,94004,34.5,628.08,386,410,324,
25449,94010,34.5,628.08,386,410,324,
25452,94007,34.5,628.17,386,410,323,
25456,94007,34.5,627.91,386,409,323,
25459,94006,34.5,628.53,386,409,323,
25462,94008,34.5,627.82,386,409,323,
25465,94009,34.5,627.64,386,409,323,
25468,94015,34.5,627.29,386,409,323,
25471,94006,34.5,627.91,386,409,323,
25474,94010,34.5,627.55,386,409,323,
25478,94006,34.5,627.82,385,409,323,
25481,94013,34.5,627.82,386,409,323,
25484,94007,34.5,627.55,386,409,323,
25487,94005,34.5,627.73,386,409,323,
25490,94009,34.5,627.64,386,410,323,
25493,94009,34.5,627.73,386,410,323,
25496,94003,34.5,627.73,386,410,323,
25499,94010,34.5,627.64,386,410,323,
25503,94005,34.5,627.91,387,411,324,
25506,94010,34.5,627.29,388,412,324,
25509,94007,34.5,627.73,388,412,325,
25512,94008,34.5,628.35,388,412,325,
25515,94008,34.5,627.82,388,412,325,
25518,94011,34.5,627.82,389,413,325,
25521,94012,34.5,627.73,389,413,325,
25525,94008,34.5,627.73,389,413,326,
25528,94001,34.5,628.35,390,414,326,
25531,94007,34.5,627.73,390,414,326,
25534,94007,34.5,628.08,390,414,326,
25537,94007,34.5,628.35,390,414,326,
25540,94010,34.5,627.55,391,415,326,
25543,94013,34.5,627.2,391,415,326,
25546,94009,34.5,627.55,391,415,327,
25550,94012,34.5,627.73,390,414,326,
25553,94010,34.5,627.64,389,413,325,
25556,94011,34.5,627.64,391,415,326,
25559,94007,34.4,627.73,392,416,327,
25562,94011,34.5,628.08,389,415,326,
25565,94014,34.5,627.55,395,419,330,
25568,94014,34.4,627.73,400,421,332,
25572,94004,34.4,627.64,400,422,332,
25575,94004,34.4,627.64,401,422,332,
25578,94006,34.4,627.91,401,423,333,
25581,94008,34.4,627.64,366,380,295,
25584,94006,34.4,628.26,346,360,270,
25587,94011,34.4,627.91,250,264,214,
25590,94012,34.4,628.26,260,268,230,
25593,94011,34.4,627.47,149,130,121,
25597,94011,34.4,627.38,104,91,80,
25600,94008,34.4,628,303,305,294,
25603,94009,34.4,628.17,317,338,292,
25606,94009,34.4,627.82,178,146,123,
25609,94009,34.4,627.55,101,75,76,
25612,94003,34.4,627.38,188,150,136,
25615,94005,34.4,628.35,126,107,114,
25619,94007,34.4,628.26,121,89,87,
25622,94005,34.4,627.82,114,82,78,
25625,94006,34.4,628.08,23,23,20,
25628,94007,34.3,627.91,31,26,19,
25631,94007,34.3,628.26,35,31,23,
25634,94007,34.2,627.29,35,32,24,
25637,94005,34.2,628,33,30,23,
25640,94012,34.2,627.02,31,28,20,
25644,94010,34.2,627.47,35,29,22,
25647,94013,34.1,627.55,38,27,21,
25650,94012,34,627.47,40,36,29,
25653,94009,33.9,627.29,41,37,29,
25656,94014,33.7,627.47,46,40,30,
25659,94007,33.6,627.64,46,40,31,
25662,94007,33.6,627.38,39,35,26,
25666,94008,33.5,628,39,35,27,
25669,94015,33.5,627.73,35,32,25,
25672,94007,33.5,627.73,40,39,29,
25675,94008,33.5,627.55,41,39,29,
25678,94010,33.5,627.47,50,44,35,
25681,94007,33.5,627.73,51,45,36,
25684,94004,33.4,627.38,71,62,50,
25687,94003,33.4,628.7,62,57,42,
25691,93982,33.3,628.7,43,39,33,
25694,93988,33.3,630.91,48,45,34,
25697,93963,33.3,630.83,36,32,25,
25700,93968,33.2,631.89,30,31,20,
25703,93953,33.2,632.33,26,24,18,
25706,93956,33.2,632.77,32,27,21,
25709,93940,33.2,633.39,32,29,23,
25713,93928,33.2,633.39,28,25,20,
25716,93924,33.2,631.89,25,21,16,
25719,93957,33.2,634.9,25,21,16,
25722,93947,33.2,633.22,25,23,17,
25725,93936,33.2,631.63,29,25,18,
25728,93940,33.3,631.63,30,27,21,
25731,93973,33.3,633.48,31,27,21,
25734,93939,33.3,632.86,31,28,22,
25738,93924,33.3,632.6,33,30,24,
25741,93927,33.3,634.63,34,32,25,
25744,93892,33.3,636.14,34,31,24,
25747,93891,33.3,636.58,35,31,24,
25750,93884,33.3,638,42,38,29,
25753,93877,33.2,638.35,51,43,35,
25756,93882,33.2,639.59,65,55,39,
25760,93905,33.1,638.71,62,57,40,
25763,93892,33.1,638.79,74,64,47,
25766,93911,33,637.47,94,73,48,
25769,93900,33,637.11,48,45,31,
25772,93915,33,636.85,59,60,41,
25775,93928,33,635.43,80,56,46,
25778,93932,32.9,634.19,60,63,43,
25782,93935,32.9,635.61,120,98,70,
25785,93939,32.8,635.08,133,109,78,
25788,93933,32.8,636.05,140,116,82,
25791,93912,32.7,634.45,89,84,58,
25794,93923,32.6,632.95,88,99,60,
25797,93921,32.5,636.58,123,125,86,
25800,93935,32.4,635.52,168,148,104,
25803,93921,32.3,634.81,113,91,57,
25807,93900,32.3,635.52,97,81,63,
25810,93923,32.3,637.02,108,94,63,
25813,93916,32.3,637.47,97,82,52,
25816,93903,32.2,635.25,56,53,37,
25819,93930,32.2,633.84,124,113,78,
25822,93955,32.1,634.54,126,114,75,
25825,93968,32.1,636.49,112,78,62,
25829,93972,32.1,634.37,102,99,62,
25832,93942,32,630.91,404,529,379,
25835,93958,32,632.68,384,522,316,
25838,93955,32,632.07,794,1094,590,
25841,93954,32,629.32,951,1312,911,
25844,93997,31.9,629.76,181,215,154,
25847,94003,32,628.97,48,46,36,
25850,94006,32,627.64,45,38,29,
25854,94020,32.1,626.31,57,47,37,
25857,94004,32.1,625.96,90,76,57,
25860,94029,32.1,625.25,262,214,124,
25863,94051,32.1,624.19,40,31,24,
25866,94024,32.1,624.37,65,56,43,
25869,94047,32.1,625.08,75,73,58,
25872,94042,32.1,623.31,181,146,103,
25876,94056,32.1,625.52,215,156,118,
25879,94043,32.1,624.9,277,219,207,
25882,94044,32,625.34,572,663,455,
25885,94039,32.1,624.02,641,747,527,
25888,94038,32.1,624.46,634,772,515,
25891,94024,32.1,627.02,588,611,411,
25894,94022,32.1,629.06,293,314,231,
25897,94019,32.1,626.31,239,257,200,
25901,94003,32.1,627.47,211,221,172,
25904,93990,32,629.85,110,90,64,
25907,93993,31.9,631.45,140,123,88,
25910,93969,31.9,631.71,193,227,144,
25913,93956,31.9,632.6,20,13,9,
25916,93956,31.9,635.16,27,17,13,
25919,93943,31.9,633.48,27,15,15,
25923,93937,31.9,634.28,41,34,21,
25926,93937,31.9,634.99,24,20,14,
25929,93914,31.9,634.45,52,91,46,
25932,93925,31.9,635.43,217,192,151,
25935,93919,31.9,634.81,252,186,185,
25938,93916,31.9,636.76,228,165,86,
25941,93908,31.9,635.96,222,222,159,
25944,93902,31.9,634.81,202,155,113,
25948,93912,31.9,636.14,185,160,117,
25951,93908,31.9,637.2,236,196,148,
25954,93908,31.8,636.94,160,142,117,
25957,93887,31.8,637.55,136,128,100,
25960,93893,31.8,637.55,143,127,94,
25963,93881,31.7,637.91,141,118,90,
25966,93897,31.6,639.06,194,174,132,
25970,93894,31.5,637.29,369,472,450,
25973,93902,31.5,637.02,350,435,351,
25976,93894,31.5,637.11,351,394,337,
25979,93907,31.4,638.88,312,353,281,
25982,93872,31.4,636.76,335,379,301,
25985,93903,31.4,637.55,290,323,255,
25988,93896,31.4,634.81,234,260,120,
25991,93921,31.4,637.47,195,188,125,
25995,93906,31.4,634.99,156,138,91,
25998,93925,31.4,634.01,161,160,130,
26001,93955,31.4,634.72,120,116,87,
26004,93926,31.4,632.33,205,208,159,
26007,93934,31.3,629.32,232,282,224,
26010,93980,31.2,630.56,192,166,106,
26013,93972,31.1,630.56,162,199,135,
26017,93983,31,632.24,236,244,185,
26020,93982,31,630.39,223,251,190,
26023,93959,30.9,631.09,241,257,197,
26026,93964,30.9,631.71,239,301,205,
26029,93964,30.9,632.6,253,264,223,
26032,93985,30.9,633.13,241,263,200,
26035,93961,30.9,629.94,299,323,247,
26038,93962,30.9,630.47,325,369,314,
26042,93980,30.9,631.71,323,377,305,
26045,93979,30.9,629.94,319,379,290,
26048,93972,30.9,630.39,302,326,263,
26051,93964,30.8,628.97,304,355,283,
26054,93965,30.8,629.32,277,344,277,
26057,93956,30.8,629.41,311,363,284,
26060,93974,30.8,630.12,257,302,257,
26064,93968,30.8,631.27,296,367,313,
26067,93964,30.9,630.56,250,293,285,
26070,93947,30.9,630.91,287,370,300,
26073,93966,30.9,633.22,284,295,251,
26076,93947,30.9,631.09,324,362,296,
26079,93943,30.9,631.98,303,324,269,
26082,93965,30.9,633.13,318,353,269,
26085,93951,30.9,632.68,326,388,309,
26089,93949,30.8,634.19,315,384,324,
26092,93937,30.8,633.92,267,351,206,
26095,93946,30.8,633.75,240,272,244,
26098,93953,30.7,634.72,275,261,213,
26101,93939,30.7,635.96,300,301,229,
26104,93927,30.6,634.63,280,314,257,
26107,93948,30.5,636.67,288,295,233,
26111,93963,30.5,634.28,283,378,301,
26114,93937,30.5,633.66,184,158,129,
26117,93942,30.5,633.13,268,297,229,
26120,93935,30.4,632.15,251,266,201,
26123,93946,30.4,632.33,250,255,195,
26126,93937,30.3,632.86,274,264,222,
26129,93953,30.3,632.95,264,285,222,
26132,93941,30.2,631,263,286,229,
26136,93970,30.2,630.21,186,162,134,
26139,93990,30.2,627.91,199,199,153,
26142,93966,30.2,630.83,186,191,151,
26145,93966,30.2,629.5,179,202,136,
26148,93978,30.1,631.27,194,209,152,
26151,93975,30.1,628.53,192,194,145,
26154,93996,30.1,630.21,183,180,138,
26158,94004,30.1,627.64,172,173,115,
26161,94018,30.1,626.4,175,153,119,
26164,94013,30.1,625.79,150,138,105,
26167,94044,30.1,626.76,158,154,114,
26170,94043,30.1,626.14,150,137,100,
26173,94043,30.1,624.46,151,142,107,
26176,94045,30.1,624.63,157,149,111,
26179,94053,30.1,624.28,166,155,118,
26183,94041,30.1,624.72,148,139,99,
26186,94052,30.1,625.43,164,160,135,
26189,94063,30,623.93,169,194,152,
26192,94093,30,622.78,153,172,131,
26195,94088,29.9,617.74,164,184,148,
26198,94122,30,617.3,174,195,152,
26201,94155,30,617.21,199,229,188,
26205,94154,30,615,231,277,203,
26208,94196,30,612.17,200,213,201,
26211,94204,29.9,611.73,220,270,203,
26214,94214,29.9,611.55,185,203,162,
26217,94204,29.9,610.58,209,220,199,
26220,94185,29.9,609.96,205,214,185,
26223,94217,29.8,611.64,175,191,118,
26227,94196,29.8,610.23,220,249,181,
26230,94136,29.6,614.11,224,279,253,
26233,94226,29.7,611.91,243,301,243,
26236,94153,29.6,615.8,211,260,230,
26239,94209,29.7,612.88,210,253,210,
26242,94150,29.7,611.38,243,270,237,
26245,94171,29.7,612.79,167,194,158,
26248,94184,29.6,615.09,178,199,181,
26252,94159,29.7,614.82,190,226,182,
26255,94160,29.7,616.33,206,267,223,
26258,94129,29.7,615.88,211,256,218,
26261,94120,29.7,618.89,226,281,227,
26264,94105,29.7,619.68,236,273,208,
26267,94088,29.7,620.3,280,335,275,
26270,94071,29.7,621.54,300,378,296,
26274,94062,29.7,621.81,302,372,298,
26277,94077,29.7,621.19,322,384,307,
26280,94074,29.7,623.04,318,406,317,
26283,94051,29.7,622.6,358,463,362,
26286,94057,29.7,622.33,383,450,362,
26289,94045,29.6,620.74,370,487,370,
26292,94079,29.6,622.07,371,472,376,
26295,94066,29.6,621.81,331,465,278,
26299,94065,29.6,622.51,526,672,532,
26302,94032,29.6,623.93,260,318,251,
26305,94043,29.5,624.81,301,394,303,
26308,94025,29.5,625.25,281,351,287,
26311,94025,29.5,627.91,244,334,236,
26314,94006,29.5,628.44,242,282,253,
26317,93992,29.5,629.23,277,333,246,
26321,93991,29.5,629.5,280,328,284,
26324,93996,29.5,628.35,270,354,279,
26327,94004,29.5,628.26,251,320,245,
26330,93994,29.5,627.47,248,314,251,
26333,93988,29.5,629.06,279,343,280,
26336,93951,29.5,631.09,254,312,253,
26339,93964,29.5,631.45,267,295,241,
26342,93949,29.4,631.8,225,261,215,
26346,93940,29.4,633.92,241,285,233,
26349,93946,29.4,634.1,222,274,214,
26352,93930,29.4,634.81,236,296,218,
26355,93938,29.4,633.92,235,284,201,
26358,93937,29.4,633.75,254,301,243,
26361,93950,29.4,632.6,275,337,256,
26364,93948,29.4,632.77,271,331,266,
26368,93970,29.3,631.89,280,359,280,
26371,93967,29.3,631.27,275,343,261,
26374,93964,29.3,631.71,246,290,248,
26377,93963,29.3,632.15,248,309,253,
26380,93976,29.3,629.94,280,326,286,
26383,93985,29.2,629.41,293,340,277,
26386,93959,29.3,627.73,293,373,288,
26389,93990,29.3,629.59,236,278,234,
26393,93997,29.2,630.12,247,332,280,
26396,93991,29.2,628.53,235,303,232,
26399,94001,29.2,629.59,289,391,317,
26402,94010,29.2,628.17,368,459,377,
26405,94017,29.2,626.4,506,609,506,
26408,94044,29.1,623.84,287,379,280,
26411,94065,29.1,621.98,244,307,253,
26415,94078,29.1,621.19,316,391,298,
26418,94071,29.1,620.57,321,381,307,
26421,94090,29.1,620.74,479,555,436,
26424,94094,29,619.59,599,659,436,
26427,94114,29,617.65,307,449,281,
26430,94150,29,616.94,204,226,178,
26433,94168,29,612.35,206,256,220,
26436,94199,29,611.38,233,284,249,
26440,94209,29,610.76,12,65,139,
26443,94209,28.9,610.67,80,63,49,
26446,94202,28.9,610.32,122,107,67,
26449,94213,28.8,609.61,126,82,53,
26452,94215,28.8,609.52,263,236,299,
26455,94214,28.8,610.05,176,171,149,
26458,94213,28.7,609.52,134,132,133,
26462,94214,28.7,612,237,285,213,
26465,94212,28.7,609.52,213,263,204,
26468,94216,28.6,609.26,101,98,77,
26471,94214,28.6,609.79,191,444,312,
26474,94207,28.6,609.96,287,301,294,
26477,94205,28.5,609.61,228,286,229,
26480,94211,28.5,611.02,163,217,177,
26483,94206,28.5,610.58,56,93,35,
26487,94205,28.5,610.23,45,40,30,
26490,94204,28.5,610.58,46,41,30,
26493,94214,28.5,609.61,46,40,30,
26496,94237,28.5,607.14,46,42,32,
26499,94239,28.5,607.49,47,43,33,
26502,94224,28.4,608.55,52,50,38,
26505,94216,28.4,609.79,70,64,47,
26509,94204,28.4,610.58,47,43,35,
26512,94185,28.4,612.08,55,54,43,
26515,94180,28.4,612.44,40,36,29,
26518,94160,28.4,614.29,36,35,28,
26521,94144,28.4,615.35,36,36,29,
26524,94134,28.4,617.56,30,24,22,
26527,94108,28.4,619.06,27,26,21,
26531,94112,28.4,618.27,26,28,22,
26534,94133,28.4,617.03,38,35,28,
26537,94126,28.4,617.39,39,36,29,
26540,94112,28.4,618.62,36,34,28,
26543,94088,28.4,619.86,38,36,29,
26546,94067,28.4,622.42,37,35,28,
26549,94049,28.4,623.84,40,35,30,
26553,94040,28.4,625.25,35,30,26,
26556,94041,28.4,625.25,32,30,25,
26559,94046,28.4,624.11,40,37,30,
26562,94055,28.4,623.84,40,37,30,
26565,94051,28.4,623.93,33,32,26,
26568,94057,28.3,623.84,43,40,32,
26571,94054,28.3,623.84,48,45,36,
26575,94069,28.3,622.6,57,52,40,
26578,94071,28.3,622.69,66,59,45,
26581,94067,28.3,621.54,66,59,45,
26584,94067,28.3,621.63,66,59,45,
26587,94076,28.3,621.63,64,57,46,
26590,94094,28.3,621.45,59,51,40,
26593,94090,28.3,620.3,62,52,43,
26597,94093,28.3,620.13,74,65,50,
26600,94094,28.3,620.65,75,66,48,
26603,94094,28.3,620.13,74,67,49,
26606,94093,28.3,620.3,76,67,51,
26609,94081,28.3,621.1,79,70,52,
26612,94074,28.4,622.69,77,68,51,
26615,94064,28.4,621.72,75,66,50,
26619,94052,28.4,622.95,49,45,34,
26622,94062,28.4,623.04,71,61,43,
26625,94052,28.4,623.84,73,65,49,
26628,94056,28.3,625.25,79,69,51,
26631,94057,28.3,623.84,65,60,47,
26634,94062,28.3,621.98,65,59,43,
26637,94097,28.4,620.65,65,60,46,
26640,94129,28.4,617.03,65,60,43,
26644,94168,28.4,614.38,58,49,37,
26647,94185,28.4,611.91,69,61,47,
26650,94194,28.4,611.2,72,63,48,
26653,94190,28.4,611.91,71,63,48,
26656,94194,28.4,611.29,72,64,48,
26659,94188,28.4,611.46,40,38,28,
26662,94196,28.4,611.38,85,79,62,
26666,94195,28.4,611.02,62,57,44,
26669,94196,28.3,611.11,62,56,44,
26672,94192,28.3,611.91,31,39,28,
26675,94171,28.3,612.88,94,66,64,
26678,94138,28.3,616.77,82,77,60,
26681,94097,28.3,620.21,81,78,60,
26684,94045,28.3,624.46,34,41,37,
26687,94004,28.3,628.17,81,79,62,
26691,93961,28.3,632.51,62,60,50,
26694,93938,28.3,633.92,50,52,43,
26697,93926,28.3,634.9,68,64,60,
26700,93926,28.3,635.96,92,87,68,
26703,93913,28.3,636.14,94,89,70,
26706,93933,28.4,634.63,78,76,62,
26709,93948,28.4,634.01,75,77,63,
26713,93949,28.3,633.66,71,70,57,
26716,93953,28.4,632.51,81,76,59,
26719,93954,28.4,631.98,90,85,66,
26722,93966,28.4,631.18,76,71,58,
26725,93962,28.4,631.09,72,69,55,
26728,93967,28.4,631.36,70,66,54,
26731,93962,28.4,630.83,71,68,55,
26734,93963,28.4,631.89,61,59,49,
26738,93964,28.3,630.47,76,66,55,
26741,93961,28.4,631.54,82,77,64,
26744,93964,28.4,631.98,88,84,68,
26747,93958,28.3,632.33,64,67,56,
26750,93943,28.3,632.86,79,82,62,
26753,93946,28.4,632.86,82,82,65,
26756,93945,28.3,632.68,84,79,62,
26760,93963,28.4,631.89,50,49,39,
26763,93977,28.3,630.47,71,73,58,
26766,93976,28.3,630.39,75,68,55,
26769,93974,28.3,630.21,80,75,59,
26772,93975,28.3,630.3,74,70,56,
26775,93971,28.3,631.36,69,66,55,
26778,93950,28.3,632.6,74,68,56,
26781,93935,28.3,633.39,72,68,55,
26785,93933,28.3,634.54,71,68,55,
26788,93930,28.3,635.52,71,67,54,
26791,93927,28.3,634.45,76,72,57,
26794,93927,28.3,634.9,77,70,57,
26797,93928,28.3,635.25,76,72,56,
26800,93930,28.3,634.28,74,68,56,
26803,93937,28.3,634.45,96,93,73,
26807,93928,28.3,634.28,92,89,70,
26810,93922,28.3,635.61,96,94,74,
26813,93913,28.3,635.43,95,92,73,
26816,93891,28.3,638.53,98,97,76,
26819,93875,28.3,639.68,98,95,73,
26822,93860,28.3,640.12,100,96,76,
26825,93842,28.2,642.6,102,98,79,
26828,93783,28.1,647.92,89,89,73,
26832,93821,28.3,644.46,100,98,78,
26835,93754,28.1,649.78,98,95,76,
26838,93806,28.2,644.91,99,99,76,
26841,93824,28.2,644.11,102,101,80,
26844,93827,28.2,643.58,103,99,77,
26847,93850,28.2,642.69,98,95,75,
26850,93873,28.2,639.77,99,96,76,
26854,93898,28.2,637.55,96,95,68,
26857,93926,28.2,634.37,88,83,65,
26860,93924,28.2,634.81,80,71,62,
26863,93931,28.2,634.37,91,86,67,
26866,93926,28.2,634.28,85,82,65,
26869,93936,28.2,634.81,90,86,67,
26872,93937,28.2,633.84,49,35,30,
