DS18B20,BMP390,,,SEN0463 (Geiger),,,GY271 (Magnetometer),,,,,SCD30,,,PMSA003I,,,,,,Solar Panel,,,,Time,Heater
External Temp (*C), Internal Temp (*C), Pressure (hPa), Approx. Altitude (meters), CPM, nSv/h, uSv/h, Mag. field X (mG), Mag. field Y (mG), Mag. field Z (mG), Heading (°), Magnitude (mG), CO2 (ppm), SCD30 Temp (C), Humidity (%), Particles > 0.3um / 0.1L air, Particles > 0.5um / 0.1L air, Particles > 1.0um / 0.1L air, Particles > 2.5um / 0.1L air, Particles > 5.0um / 0.1L air, Particles > 10 um / 0.1L air, Voltage (V), Power (mW), Solar Power (mW), Intensity (W/m^2), Time (seconds), Outside Heater Status
27.37,22.83,831.45,1637.16,0,0,0,42.04,3.58,17.35,4,45.62,0,0,0,24948,25390,30323,0,0,9984,5,2.5,14.71,3.69,0,Off
27.12,24.26,981.1,271.2,0,0,0,20.12,10.68,14.68,27,27.11,445,26.5,30.05,1351,1034,243,72,3,3,5,2.5,14.71,3.69,6,Off
26.94,24.26,981.08,271.32,0,0,0,39.89,6.56,15.77,9,43.39,553,26.58,29.98,4413,3518,832,178,1,1,5,2.5,14.71,3.69,12,Off
26.75,24.27,981.08,271.37,10,70,0.07,36.46,11.89,16.87,18,41.9,526,26.62,29.82,5503,4535,1079,162,0,0,5,2.5,14.71,3.69,17,Off
26.5,24.28,981.05,271.56,10,70,0.07,37.79,11,17.14,16,42.93,521,26.6,29.55,6253,5235,1264,137,0,0,5,2.5,14.71,3.69,23,Off
26.44,24.29,981.05,271.59,12,84,0.08,39.72,6.42,15.1,9,42.98,439,26.63,29.46,6695,5616,1372,129,0,0,5,2.5,14.71,3.69,28,Off
26.31,24.29,981.05,271.6,12,82,0.08,40.5,6.21,15.89,8,43.95,414,26.28,29.3,6960,5857,1427,121,0,0,5,2.5,14.71,3.69,34,Off
26,24.3,981.05,271.64,15,101,0.1,39.63,6.98,15.42,9,43.09,544,26.08,29.48,7090,5995,1438,106,4,4,5,2.5,14.71,3.69,39,Off
25.81,24.32,981.04,271.66,18,123,0.12,40.02,6.64,15.54,9,43.44,364,25.81,29.78,7208,6123,1445,91,3,3,5,2.5,14.71,3.69,45,Off
25.56,24.33,981.04,271.65,20,133,0.13,41.96,3.88,18.12,5,45.87,331,25.88,30.02,7263,6184,1464,76,0,0,5,2.5,14.71,3.69,51,Off
25.37,24.34,981.04,271.68,18,120,0.12,40.72,5.52,16.75,7,44.38,366,25.96,29.95,7301,6197,1456,62,0,0,5,2.5,14.71,3.69,56,Off
25.44,24.35,981.03,271.76,6,39,0.04,40.72,5,17.89,6,44.76,331,26.17,29.82,7338,6202,1444,58,0,0,5,2.5,14.71,3.69,62,Off
25.44,24.36,981.03,271.75,5,33,0.03,24.52,10.68,16.08,23,31.21,404,26.3,29.75,7391,6243,1473,59,0,0,5,2.5,14.71,3.69,67,Off
25.44,24.38,981.03,271.81,6,39,0.04,41.13,6.46,17.14,8,45.02,376,26.49,29.69,7529,6376,1519,52,0,0,1.91,0.36,2.14,0.54,73,Off
25.5,24.39,981.02,271.85,10,71,0.07,40.96,5.43,17.42,7,44.84,403,26.58,29.6,7622,6471,1553,55,0,0,5,2.5,14.71,3.69,78,Off
25.56,24.41,981.02,271.83,15,99,0.1,40.06,6.46,16.92,9,43.96,443,26.56,29.39,7688,6520,1565,66,0,0,5,2.5,14.71,3.69,84,Off
25.56,24.42,981.03,271.8,14,94,0.09,40.81,6.17,18.25,8,45.13,540,26.62,29.38,7736,6553,1565,70,0,0,5,2.5,14.71,3.69,90,Off
25.56,24.43,981.02,271.83,13,91,0.09,41.17,4.58,17.1,6,44.81,514,26.64,29.4,7785,6593,1595,86,0,0,5,2.5,14.71,3.69,95,Off
25.56,24.45,981.03,271.8,13,88,0.09,40.72,7.67,16.92,10,44.76,441,26.59,29.55,7840,6634,1614,90,0,0,5,2.5,14.71,3.69,101,Off
25.75,24.46,981.03,271.77,11,79,0.08,41.52,4.88,17.46,6,45.3,417,26.72,29.66,7938,6726,1644,91,0,0,5,2.5,14.71,3.69,106,Off
26,24.48,981.04,271.71,12,85,0.09,40.92,5.13,17.35,7,44.74,411,26.84,29.69,7940,6731,1661,87,0,0,5,2.5,14.71,3.69,112,Off
26,24.49,981.03,271.81,13,90,0.09,41,5.73,17.42,7,44.91,421,27.01,29.35,7922,6703,1647,72,0,0,5,2.5,14.71,3.69,118,Off
26,24.51,981.02,271.83,5,33,0.03,39.63,7.81,17.89,11,44.17,425,27.08,29.3,7898,6678,1612,61,0,0,5,2.5,14.71,3.69,123,Off
26,24.52,981,271.99,3,19,0.02,36.33,12.06,18.21,18,42.39,429,27.2,29.32,7865,6651,1582,65,0,0,5,2.5,14.71,3.69,129,Off
26.06,24.53,981,272.05,6,39,0.04,36.5,12.98,18.6,19,42.97,429,27.28,29.26,7901,6688,1589,64,0,0,5,2.5,14.71,3.69,134,Off
26.12,24.54,980.99,272.14,2,17,0.02,36.64,12.92,18.52,19,43.04,428,27.41,29.23,7984,6775,1626,53,0,0,5,2.5,14.71,3.69,140,Off
26.19,24.56,980.98,272.16,2,14,0.01,36.54,12.23,18.33,18,42.67,429,27.49,29.17,7987,6788,1620,55,0,0,5,2.5,14.71,3.69,145,Off
26.25,24.57,980.98,272.2,10,71,0.07,36.42,13.1,17.5,19,42.47,428,27.52,28.95,7946,6736,1591,59,0,0,5,2.5,14.71,3.69,151,Off
26.25,24.59,980.99,272.14,12,81,0.08,37.38,10.25,19.14,15,43.22,432,27.59,28.88,7993,6746,1602,62,0,0,5,2.5,14.71,3.69,157,Off
26.25,24.6,980.99,272.09,13,88,0.09,36.18,13.39,17.42,20,42.33,430,27.66,28.91,8148,6880,1644,75,0,0,5,2.5,14.71,3.69,162,Off
26.37,24.62,980.99,272.11,11,79,0.08,36.02,12.67,18.33,19,42.35,427,27.76,28.89,8323,7033,1680,83,0,0,5,2.5,14.71,3.69,168,Off
26.37,24.63,980.98,272.2,12,85,0.09,36.6,12.42,18.64,18,42.91,427,27.66,28.82,8475,7199,1733,83,0,0,5,2.5,14.71,3.69,173,Off
26.44,24.65,980.98,272.17,14,97,0.1,36.54,13.43,17.58,20,42.72,434,27.55,28.72,8582,7321,1783,80,0,0,2.68,0.72,4.22,1.06,179,Off
26.37,24.66,980.99,272.14,9,59,0.06,37.25,10.6,18.75,15,43.03,428,27.65,28.83,8565,7293,1763,78,0,0,5,2.5,14.71,3.69,185,Off
26.31,24.68,981,272.06,11,72,0.07,33.56,13.06,18.33,21,40.41,420,27.69,28.85,8540,7258,1747,83,0,0,5,2.5,14.71,3.69,190,Off
26.37,24.69,980.99,272.08,13,86,0.09,28.39,19.33,19.22,34,39.36,418,27.73,28.78,8479,7196,1757,81,0,0,3.38,1.14,6.73,1.69,196,Off
26.5,24.71,980.99,272.14,13,88,0.09,23.25,18.18,18.47,38,34.82,420,27.77,28.87,8381,7104,1757,79,0,0,5,2.5,14.71,3.69,201,Off
26.62,24.73,980.99,272.09,17,113,0.11,33.52,13.14,18.47,21,40.46,421,27.9,28.93,8234,6972,1742,77,0,0,5,2.5,14.71,3.69,207,Off
26.81,24.75,980.99,272.15,16,106,0.11,32.54,14.64,18.83,24,40.35,423,27.93,28.96,8216,6934,1722,73,0,0,5,2.5,14.71,3.69,212,Off
27.06,24.76,980.98,272.2,19,132,0.13,26.46,17.75,19.22,33,37.21,424,28,28.91,8312,7009,1696,73,0,0,5,2.5,14.71,3.69,218,Off
27.25,24.78,980.98,272.2,20,133,0.13,27.43,17.22,19.77,32,37.95,419,28.12,28.51,8347,7038,1684,71,0,0,5,2.5,14.71,3.69,224,Off
27.19,24.8,981,272.07,21,142,0.14,34.67,13.56,18.29,21,41.48,417,28.21,28.23,8385,7067,1712,86,0,0,5,2.5,14.71,3.69,229,Off
27.12,24.82,981,272.04,20,135,0.14,37.64,11.89,18.79,17,43.72,419,28.27,28.09,8467,7146,1728,95,0,0,5,2.5,14.71,3.69,235,Off
26.94,24.84,981,272.03,23,155,0.16,37.52,12.79,17.93,18,43.51,419,28.21,27.91,8565,7222,1736,92,0,0,5,2.5,14.71,3.69,240,Off
26.69,24.85,981,272.04,16,105,0.11,37.92,11.89,19.31,17,44.18,421,28.08,27.92,8615,7263,1753,83,0,0,5,2.5,14.71,3.69,246,Off
26.5,24.87,981,272.02,13,86,0.09,38.83,10.64,19.27,15,44.64,419,28.03,27.84,8658,7302,1769,71,0,0,5,2.5,14.71,3.69,252,Off
26.44,24.89,981,272.02,14,92,0.09,36.02,13.14,18.33,20,42.5,420,28.12,28.02,8634,7287,1759,64,0,0,5,2.5,14.71,3.69,257,Off
26.44,24.91,981,272.02,16,106,0.11,33.81,36.04,39.22,46,63.09,419,28.21,27.99,8591,7251,1723,68,0,0,4.61,2.13,12.52,3.14,263,Off
26.44,24.93,980.99,272.08,15,99,0.1,29.21,41.08,91.17,54,104.17,417,28.25,27.93,8574,7231,1727,79,0,0,5,2.5,14.71,3.69,268,Off
26.44,24.95,980.99,272.15,12,83,0.08,26.52,45.22,89.67,59,103.87,416,28.22,27.88,8687,7356,1750,82,0,0,5,2.5,14.71,3.69,274,Off
26.56,24.97,980.98,272.19,15,101,0.1,23.47,39.96,95.56,59,106.2,417,28.34,27.99,8772,7442,1746,78,0,0,4.15,1.72,10.13,2.54,279,Off
26.62,25,980.98,272.19,13,88,0.09,16.72,2.6,112.18,8,113.45,416,28.48,28.22,8678,7333,1734,66,0,0,0.72,0.05,0.31,0.08,285,Off
26.62,25.02,980.99,272.16,14,94,0.09,21.02,26.96,108.18,52,113.46,416,28.41,27.71,8546,7202,1730,60,0,0,4.32,1.86,10.96,2.75,291,Off
26.62,25.04,980.99,272.11,12,85,0.09,16.96,47.63,85.6,70,99.41,415,28.46,27.81,8283,6975,1703,57,0,0,4.92,2.42,14.22,3.57,296,Off
26.62,25.06,980.99,272.11,12,84,0.08,19.42,48.54,86.46,68,101.04,412,28.53,28.2,8061,6815,1659,56,0,0,5,2.5,14.71,3.69,302,Off
26.75,25.08,980.99,272.14,21,139,0.14,20.08,46.42,87.39,66,100.97,412,28.56,27.97,7933,6750,1626,56,0,0,5,2.5,14.71,3.69,307,Off
26.69,25.1,980.99,272.13,26,172,0.17,19.17,48.75,86.22,68,100.89,413,28.63,27.58,7952,6769,1613,51,0,0,5,2.5,14.71,3.69,313,Off
26.62,25.12,980.99,272.16,21,139,0.14,15.21,10.77,112.67,35,114.2,412,28.66,27.98,7970,6728,1569,52,0,0,3.68,1.35,7.97,2,319,Off
26.56,25.14,980.98,272.17,21,142,0.14,9.64,-10.52,109.52,-47,110.44,412,28.62,27.41,7958,6689,1553,52,0,0,3.03,0.92,5.4,1.35,324,Off
26.5,25.16,980.98,272.23,23,156,0.16,14.1,-28.85,99.12,-63,104.2,414,28.64,27.49,7912,6672,1555,51,0,0,4.18,1.75,10.3,2.58,330,Off
26.44,25.19,980.98,272.2,21,142,0.14,12.88,-47.54,77.25,-74,91.62,422,28.67,27.63,7890,6671,1556,57,0,0,4.66,2.17,12.76,3.2,335,Off
26.44,25.21,980.97,272.32,19,132,0.13,-6.88,17.58,101.83,111,103.57,439,28.67,27.55,7891,6676,1543,56,0,0,5,2.5,14.71,3.69,341,Off
26.56,25.24,980.97,272.3,18,124,0.12,14.81,19.64,17.67,52,30.29,377,28.97,28.19,7838,6625,1521,51,0,0,5,2.5,14.71,3.69,346,Off
26.5,25.26,980.98,272.22,19,126,0.13,14.06,16.93,17.54,50,28.14,394,28.96,27.75,7782,6564,1524,62,0,0,5,2.5,14.71,3.69,352,Off
26.44,25.29,980.98,272.19,22,149,0.15,15.18,15.64,19.1,45,28.98,446,28.87,27.82,7767,6570,1546,72,0,0,5,2.5,14.71,3.69,358,Off
26.37,25.31,980.99,272.13,21,142,0.14,13.27,17.83,17.35,53,28.2,429,29.01,27.97,7732,6555,1557,75,0,0,5,2.5,14.71,3.69,363,Off
26.56,25.33,980.99,272.12,23,152,0.15,13.04,-5.35,11.73,-22,18.34,409,28.98,27.38,7637,6439,1551,78,0,0,5,2.5,14.71,3.69,369,Off
26.5,25.36,980.97,272.33,17,112,0.11,51.33,2.89,18.79,3,54.74,426,28.84,27.12,7493,6268,1530,81,0,0,5,2.5,14.71,3.69,374,Off
26.56,25.38,980.95,272.42,14,92,0.09,47.06,13.23,19.93,15,52.79,414,28.86,27.31,7406,6192,1491,73,0,0,5,2.5,14.71,3.69,380,Off
26.69,25.41,980.94,272.57,8,53,0.05,53.5,-3.25,19.71,-3,57.11,417,28.93,27.37,7419,6229,1476,59,0,0,5,2.5,14.71,3.69,386,Off
26.69,25.43,980.92,272.7,15,99,0.1,50.63,19.85,25.81,21,60.19,413,28.79,27.31,7427,6250,1469,55,0,0,5,2.5,14.71,3.69,391,Off
26.62,25.45,980.91,272.81,12,83,0.08,54.06,7.25,22.17,7,58.87,413,28.84,27.12,7404,6230,1448,57,0,0,5,2.5,14.71,3.69,397,Off
26.62,25.48,980.9,272.84,13,91,0.09,53.18,6.04,21.58,6,57.71,412,28.9,27.11,7272,6108,1431,63,0,0,5,2.5,14.71,3.69,402,Off
26.5,25.5,980.9,272.93,14,97,0.1,53.67,6.29,21.54,6,58.17,410,28.98,27.1,7053,5921,1417,72,0,0,5,2.5,14.71,3.69,408,Off
26.44,25.52,980.88,273.07,13,86,0.09,45.83,16.62,22.02,19,53.5,412,29.01,27.01,6932,5813,1428,64,0,0,5,2.5,14.71,3.69,413,Off
26.37,25.54,980.87,273.12,12,85,0.09,45.43,14.52,21.58,17,52.35,411,29.08,26.92,7010,5887,1464,58,0,0,5,2.5,14.71,3.69,419,Off
26.44,25.57,980.88,273.07,11,77,0.08,52.97,5.43,21.31,5,57.36,412,29.14,26.83,7075,5940,1473,63,0,0,5,2.5,14.71,3.69,425,Off
26.44,25.59,980.89,272.94,10,66,0.07,45.18,13.02,19.18,16,50.78,413,29.18,26.79,7174,6006,1495,62,0,0,5,2.5,14.71,3.69,430,Off
26.37,25.61,980.9,272.92,7,46,0.05,39.85,17.92,18.64,24,47.5,413,29.24,26.72,7209,6038,1483,63,0,0,5,2.5,14.71,3.69,436,Off
26.44,25.63,980.9,272.9,15,99,0.1,38.31,19.08,19.97,26,47.23,417,29.29,26.66,7139,5992,1425,76,0,0,5,2.5,14.71,3.69,441,Off
26.5,25.65,980.9,272.86,21,142,0.14,40.38,17.43,19.67,23,48.18,419,29.36,26.57,7136,5989,1398,79,0,0,5,2.5,14.71,3.69,447,Off
26.5,25.67,980.9,272.9,21,142,0.14,35.58,20.85,18.96,30,45.39,420,29.35,26.51,7193,6044,1385,81,0,0,5,2.5,14.71,3.69,453,Off
26.5,25.69,980.91,272.84,19,130,0.13,39.54,16.67,19.31,22,47.05,421,29.46,26.42,7228,6081,1401,91,0,0,5,2.5,14.71,3.69,458,Off
26.56,25.71,980.9,272.9,19,132,0.13,40.85,15.52,18.52,20,47.46,422,29.51,26.36,7203,6072,1395,83,0,0,5,2.5,14.71,3.69,464,Off
26.62,25.73,980.89,272.98,18,124,0.12,45.47,14.77,19.35,17,51.58,421,29.56,26.36,7125,6018,1358,73,0,0,5,2.5,14.71,3.69,469,Off
26.69,25.75,980.89,272.96,19,126,0.13,38.54,16.58,17.67,23,45.53,417,29.59,26.41,7066,5965,1336,73,0,0,5,2.5,14.71,3.69,475,Off
26.69,25.77,980.9,272.92,19,128,0.13,42.97,11.64,17.77,15,47.94,420,29.63,26.86,7123,6003,1340,66,0,0,5,2.5,14.71,3.69,480,Off
26.56,25.79,980.89,272.96,19,129,0.13,45.17,2.17,15.5,2,47.8,423,29.04,27.09,7290,6154,1395,49,0,0,5,2.5,14.71,3.69,486,Off
26.44,25.81,980.89,272.93,14,92,0.09,43.97,-14.73,14.79,-18,48.68,484,28.32,27.21,7280,6156,1407,38,0,0,5,2.5,14.71,3.69,492,Off
26.25,25.83,980.89,272.94,7,46,0.05,49.46,-0.02,16.96,0,52.28,484,27.83,27.33,7225,6109,1397,45,0,0,5,2.5,14.71,3.69,497,Off
26.12,25.85,980.9,272.92,10,66,0.07,45.43,0.22,14.48,0,47.68,417,27.05,28.02,7258,6134,1417,53,0,0,5,2.5,14.71,3.69,503,Off
26.12,25.87,980.91,272.82,10,71,0.07,46.42,8.42,18.37,10,50.63,364,27.14,28.61,7273,6152,1418,54,0,0,5,2.5,14.71,3.69,508,Off
25.87,25.89,980.9,272.89,10,71,0.07,45.13,9.83,17.81,12,49.5,380,26.6,28.8,7251,6159,1405,48,0,0,5,2.5,14.71,3.69,514,Off
25.75,25.91,980.9,272.9,14,94,0.09,45.88,-8.88,14.33,-10,48.87,347,26.36,29.1,7344,6239,1406,47,0,0,5,2.5,14.71,3.69,520,Off
25.56,25.93,980.9,272.9,12,81,0.08,46.22,-1.96,15.73,-2,48.87,348,26.79,29.73,7369,6227,1402,55,0,0,5,2.5,14.71,3.69,525,Off
25.62,25.95,980.89,272.94,10,71,0.07,49.5,-2.17,17.14,-2,52.43,341,26.66,29.28,7317,6171,1410,54,0,0,5,2.5,14.71,3.69,531,Off
25.62,25.97,980.91,272.84,11,79,0.08,62.6,-2.81,28.25,-2,68.74,428,26.5,29.39,7324,6166,1422,54,0,0,5,2.5,14.71,3.69,536,Off
25.5,25.99,980.88,273.05,13,92,0.09,59.17,-5.68,23.67,-5,63.98,409,26.46,29.5,7378,6199,1428,59,0,0,5,2.5,14.71,3.69,542,Off
25.31,26.01,980.89,273,15,103,0.1,65.72,-8.46,31.54,-7,73.39,436,26.49,29.53,7536,6324,1453,41,0,0,5,2.5,14.71,3.69,547,Off
25.06,26.03,980.87,273.13,22,145,0.15,50.97,9.31,20.96,10,55.9,454,26.17,29.63,7564,6331,1457,38,0,0,5,2.5,14.71,3.69,553,Off
25.12,26.05,980.86,273.19,26,172,0.17,49.06,6.48,18.75,7,52.92,429,26.41,29.9,7585,6331,1463,49,0,0,5,2.5,14.71,3.69,559,Off
25.06,26.07,980.86,273.27,19,125,0.13,55.47,8.88,24.96,9,61.47,372,26.73,29.8,7611,6368,1473,51,0,0,5,2.5,14.71,3.69,564,Off
25.19,26.09,980.85,273.34,18,124,0.12,9.17,33.04,31.08,74,46.28,434,26.8,29.38,7555,6340,1446,49,0,0,5,2.5,14.71,3.69,570,Off
25.19,26.11,980.84,273.4,17,113,0.11,28.97,7.02,13,13,32.52,461,26.8,29.21,7522,6324,1429,45,0,0,5,2.5,14.71,3.69,575,Off
24.94,26.14,980.85,273.34,14,94,0.09,15.81,18,18.25,48,30.12,465,27.05,29.53,7620,6396,1445,52,0,0,5,2.5,14.71,3.69,581,Off
24.87,26.16,980.85,273.31,16,111,0.11,12.48,33.25,30.79,69,47,458,27.11,29.26,7681,6435,1454,57,0,0,5,2.5,14.71,3.69,587,Off
24.94,26.18,980.84,273.37,14,97,0.1,5.42,2.85,12.83,27,14.22,459,27.21,28.99,7773,6508,1485,60,0,0,5,2.5,14.71,3.69,592,Off
25.06,26.19,980.84,273.38,15,102,0.1,22.1,22.52,20.87,45,37.83,451,27.31,29.05,7868,6587,1540,63,0,0,5,2.5,14.71,3.69,598,Off
25,26.21,980.85,273.31,13,92,0.09,19.68,10.25,14.92,27,26.74,443,27.17,28.88,7859,6588,1592,82,0,0,5,2.5,14.71,3.69,603,Off
25.06,26.23,980.87,273.11,12,84,0.08,42.54,-4.71,14.48,-6,45.18,460,27.22,29.01,7835,6557,1600,88,0,0,5,2.5,14.71,3.69,609,Off
25.12,26.25,980.91,272.79,18,119,0.12,15.5,16.02,18.75,45,29.13,454,27.35,28.95,7778,6503,1586,84,0,0,5,2.5,14.71,3.69,614,Off
25.25,26.27,980.93,272.64,23,152,0.15,9.43,-2.64,10.56,-15,14.4,435,27.53,28.92,7673,6424,1573,81,0,0,5,2.5,14.71,3.69,620,Off
25.25,26.28,980.93,272.67,24,158,0.16,21.06,45.77,46.29,65,68.42,449,27.31,28.87,7606,6370,1574,76,0,0,5,2.5,14.71,3.69,626,Off
25.25,26.3,980.95,272.48,26,177,0.18,2.21,45.81,60.25,87,75.72,446,27.5,28.74,7747,6502,1617,74,0,0,5,2.5,14.71,3.69,631,Off
25.37,26.32,980.96,272.4,23,156,0.16,27.52,45.92,48.46,59,72.21,430,27.7,28.58,7977,6716,1671,65,0,0,5,2.5,14.71,3.69,637,Off
25.5,26.34,980.96,272.39,23,154,0.15,34.47,45.43,49.79,52,75.71,433,27.67,28.58,8105,6842,1698,58,0,0,5,2.5,14.71,3.69,642,Off
25.69,26.35,980.97,272.29,23,152,0.15,38.14,46.77,51.83,50,79.55,435,27.87,29.13,8064,6817,1709,59,0,0,5,2.5,14.71,3.69,648,Off
25.87,26.37,980.97,272.29,22,151,0.15,39.71,48.79,52.25,50,81.78,435,28,28.75,7981,6762,1734,62,0,0,5,2.5,14.71,3.69,654,Off
26.06,26.39,980.98,272.2,22,150,0.15,35,46.38,51.27,52,77.48,434,28.14,29.11,7949,6730,1743,64,0,0,5,2.5,14.71,3.69,659,Off
26.25,26.41,980.99,272.1,23,156,0.16,32.63,42.72,48.96,52,72.71,432,28.31,28.65,7914,6679,1718,60,0,0,5,2.5,14.71,3.69,665,Off
26.37,26.43,981,272,21,142,0.14,33.08,42.85,49.39,52,73.28,431,28.34,28.25,7945,6713,1719,65,0,0,5,2.5,14.71,3.69,670,Off
26.5,26.45,981.01,271.96,15,99,0.1,32.71,42.54,49.04,52,72.7,429,28.38,27.78,7994,6793,1734,73,0,0,5,2.5,14.71,3.69,676,Off
26.62,26.46,981.01,271.96,14,92,0.09,32.22,43.93,48.52,53,72.96,429,28.42,27.6,8148,6933,1735,64,0,0,5,2.5,14.71,3.69,682,Off
26.81,26.48,981.01,271.92,20,132,0.13,32.77,42.63,49.18,52,72.87,430,28.48,27.69,8316,7064,1716,60,0,0,5,2.5,14.71,3.69,687,Off
26.94,26.5,981.02,271.86,16,106,0.11,32.97,42.68,49.08,52,72.93,428,28.48,27.55,8351,7082,1718,71,0,0,5,2.5,14.71,3.69,693,Off
27,26.52,981.02,271.86,19,127,0.13,32.33,44.71,48.33,54,73.35,429,28.53,27.59,8377,7058,1707,87,0,0,5,2.5,14.71,3.69,698,Off
27.06,26.54,981.01,271.91,25,165,0.17,33.08,41.33,48.96,51,72.11,428,28.51,27.71,8554,7201,1731,98,0,0,5,2.5,14.71,3.69,704,Off
27.19,26.56,981.01,271.91,24,162,0.16,32.72,44.14,48.02,53,72.97,430,28.53,27.7,8917,7554,1821,101,0,0,5,2.5,14.71,3.69,709,Off
27.25,26.58,981.02,271.9,24,159,0.16,32.71,43.22,48.72,52,72.89,428,28.51,27.67,9127,7756,1866,94,0,0,5,2.5,14.71,3.69,715,Off
27.19,26.6,981,272,23,158,0.16,32.85,42.54,48.77,52,72.57,426,28.51,27.65,9354,7962,1927,86,0,0,5,2.5,14.71,3.69,721,Off
27.19,26.61,981.01,271.98,23,156,0.16,32.1,44.1,48.33,53,72.88,424,28.46,27.65,9458,8040,1992,89,0,0,5,2.5,14.71,3.69,726,Off
27.25,26.63,981.01,271.97,22,148,0.15,33.29,41.52,49.67,51,72.79,431,28.38,27.74,9521,8094,2031,100,0,0,5,2.5,14.71,3.69,732,Off
27.19,26.65,981.01,271.96,21,139,0.14,33.02,42.72,48.96,52,72.89,430,28.36,27.76,9525,8089,2027,99,0,0,5,2.5,14.71,3.69,737,Off
27.06,26.67,981.01,271.93,21,139,0.14,32.81,43.27,48.96,52,73.11,429,28.11,27.83,9474,8024,2019,95,0,0,4.61,2.12,12.5,3.13,743,Off
27.06,26.69,981.01,271.97,22,145,0.15,32.93,42.64,49.54,52,73.19,426,28.01,27.88,9421,7974,2003,102,0,0,4.59,2.11,12.42,3.11,749,Off
26.87,26.71,981.01,271.98,18,124,0.12,31.97,44.1,48.96,54,73.24,419,27.93,28.03,9339,7917,1977,106,0,0,4.56,2.08,12.21,3.06,754,Off
26.81,26.73,981,272.01,23,156,0.16,32.42,43.67,48.92,53,73.15,414,27.79,28.15,9249,7857,1957,107,0,0,4.52,2.04,12.02,3.02,760,Off
26.56,26.75,981,272.01,25,165,0.17,33.06,42.81,49.04,52,73.01,410,27.8,28.28,9258,7861,1962,111,0,0,4.46,1.99,11.69,2.93,765,Off
26.44,26.76,981,271.99,26,172,0.17,33.13,41.97,49.58,51,72.92,410,27.93,28.24,9355,7921,1980,119,0,0,4.37,1.91,11.23,2.82,771,Off
26.44,26.78,981,272.03,22,151,0.15,32.58,43.14,49.18,52,73.09,409,27.97,28.26,9403,7961,1988,120,0,0,4.44,1.97,11.61,2.91,777,Off
26.44,26.8,981,272.04,22,150,0.15,32.97,42.68,49.04,52,72.9,412,28.07,28.23,9361,7954,1973,104,0,0,4.69,2.2,12.92,3.24,782,Off
26.5,26.82,981,272.02,21,142,0.14,32.46,43.75,48.72,53,73.09,415,28.14,28.27,9337,7960,1982,94,0,0,4.66,2.17,12.76,3.2,788,Off
26.44,26.84,980.99,272.11,21,142,0.14,32.85,43.14,49.18,52,73.21,417,28.08,28.22,9299,7928,1990,98,0,0,4.57,2.09,12.31,3.09,793,Off
26.44,26.86,980.99,272.11,24,158,0.16,32.58,42.54,49.18,52,72.74,419,28.08,28.19,9326,7929,2013,105,0,0,4.68,2.19,12.87,3.23,799,Off
26.37,26.88,981,272.06,27,178,0.18,32.5,43.92,48.68,53,73.18,417,28.17,28.13,9380,7970,2027,103,0,0,4.58,2.1,12.36,3.1,804,Off
26.44,26.9,980.99,272.09,26,172,0.17,33.08,43.27,49.79,52,73.8,419,28.31,28.02,9368,8002,2035,93,0,0,4.57,2.09,12.31,3.09,810,Off
26.37,26.92,980.99,272.14,18,124,0.12,32.38,42.89,49.31,52,72.93,419,28.32,28.05,9377,8025,2080,103,0,0,4.78,2.28,13.41,3.36,816,Off
26.44,26.94,980.99,272.08,19,128,0.13,32.06,43.75,48.6,53,72.83,420,28.21,28.02,9372,8002,2082,110,0,0,4.58,2.1,12.34,3.09,821,Off
26.44,26.96,980.99,272.08,17,118,0.12,32.77,42.29,49.47,52,72.87,419,28.31,28.08,9350,7988,2051,103,0,0,4.62,2.13,12.55,3.15,827,Off
26.37,26.99,980.99,272.11,16,111,0.11,32.46,43.79,48.88,53,73.21,412,28.41,27.9,9441,8055,2044,102,0,0,4.62,2.14,12.58,3.15,832,Off
26.44,27.01,981,272.05,16,106,0.11,32.85,41.64,49.71,51,72.69,428,28.27,27.85,9490,8077,2045,109,0,0,4.48,2.01,11.82,2.96,838,Off
26.44,27.03,981,272.03,15,102,0.1,32.58,42.42,49.13,52,72.62,441,28.25,27.87,9460,8042,2048,115,0,0,4.5,2.03,11.92,2.99,844,Off
26.31,27.05,981,272.06,13,92,0.09,32.46,44.22,48.56,53,73.26,463,27.96,27.85,9455,8037,2043,116,0,0,5,2.5,14.71,3.69,849,Off
26.31,27.08,980.98,272.18,14,96,0.1,32.93,42.58,49.18,52,72.92,427,28.07,28,9433,8030,2029,97,0,0,5,2.5,14.71,3.69,855,Off
26.19,27.1,980.98,272.23,27,178,0.18,32.67,43.79,48.14,53,72.82,424,28.05,27.92,9380,7988,2009,84,0,0,5,2.5,14.71,3.69,860,Off
26.25,27.12,980.97,272.27,31,205,0.21,32.97,41.68,48.92,51,72.23,425,28.19,27.94,9354,7970,2007,81,0,0,5,2.5,14.71,3.69,866,Off
26.25,27.14,980.97,272.27,24,158,0.16,32.97,42.72,49.47,52,73.22,424,28.25,27.92,9354,7970,2013,81,0,0,5,2.5,14.71,3.69,872,Off
26.19,27.16,980.97,272.27,21,142,0.14,32.42,43.88,48.29,53,72.86,422,28.29,27.75,9416,8052,2042,97,0,0,5,2.5,14.71,3.69,877,Off
26.12,27.19,980.96,272.36,21,142,0.14,32.97,42.72,49.35,52,73.13,427,28.34,27.64,9533,8162,2050,104,0,0,5,2.5,14.71,3.69,883,Off
26.25,27.21,980.96,272.41,19,130,0.13,33.42,42.42,49.75,51,73.42,437,28.46,27.61,9642,8223,2044,90,0,0,5,2.5,14.71,3.69,888,Off
26.31,27.23,980.95,272.44,19,132,0.13,32.5,43.88,48.64,53,73.13,441,28.51,27.57,9642,8217,2043,92,0,0,5,2.5,14.71,3.69,894,Off
26.44,27.25,980.96,272.37,21,142,0.14,37.77,43.1,51.54,48,77.07,438,28.51,27.56,9535,8151,2019,103,0,0,5,2.5,14.71,3.69,899,Off
26.44,27.28,980.96,272.36,23,158,0.16,40.6,41.81,53.58,45,79.17,438,28.25,27.57,9419,8075,2007,108,0,0,5,2.5,14.71,3.69,905,Off
26.37,27.3,980.96,272.33,23,156,0.16,43.33,45.85,56.02,46,84.37,436,28.18,27.74,9388,8047,2022,119,0,0,5,2.5,14.71,3.69,911,Off
26.37,27.32,980.97,272.28,21,142,0.14,26.6,38.63,34.52,55,58.23,438,28.28,27.77,9386,8026,2042,121,0,0,5,2.5,14.71,3.69,916,Off
26.37,27.34,980.98,272.24,21,139,0.14,25.27,47.79,48.21,62,72.43,434,28.34,27.73,9285,7918,2043,109,0,0,5,2.5,14.71,3.69,922,Off
26.31,27.36,980.97,272.29,26,172,0.17,33.88,46.21,50.14,53,76.14,426,28.44,27.68,9206,7846,2042,99,0,0,5,2.5,14.71,3.69,927,Off
26.37,27.39,980.96,272.36,28,185,0.19,34.21,43.75,50.6,51,75.13,426,28.45,27.66,9168,7836,2047,101,0,0,5,2.5,14.71,3.69,933,Off
26.37,27.41,980.96,272.34,24,160,0.16,33.52,46.97,49.43,54,75.98,426,28.42,27.72,9182,7875,2051,114,0,0,5,2.5,14.71,3.69,939,Off
26.31,27.43,980.96,272.38,21,142,0.14,33.77,44.88,49.93,53,75.15,438,28.14,27.94,9127,7815,2018,122,0,0,5,2.5,14.71,3.69,944,Off
26.25,27.46,980.96,272.41,25,165,0.17,33.02,46.13,49.31,54,75.16,418,28.39,28.31,9092,7735,1961,116,0,0,5,2.5,14.71,3.69,950,Off
26.19,27.48,980.97,272.3,23,152,0.15,31.43,47.54,48.88,56,75.08,410,28.6,28.7,9188,7777,1933,118,0,0,5,2.5,14.71,3.69,955,Off
26.06,27.51,980.97,272.26,21,142,0.14,31.92,44.92,49.63,54,74.15,416,28.48,28.66,9316,7881,1949,125,0,0,5,2.5,14.71,3.69,961,Off
26,27.53,980.96,272.34,20,134,0.13,32.38,47.81,48.77,55,75.58,383,28.79,28.78,9381,7951,1981,111,0,0,5,2.5,14.71,3.69,967,Off
25.94,27.55,980.96,272.42,20,135,0.14,33.96,42.97,47.97,51,72.81,447,28.91,28.14,9396,8001,2036,95,0,0,5,2.5,14.71,3.69,972,Off
26,27.58,980.96,272.37,20,135,0.14,26.25,46.13,48.21,60,71.7,360,28.9,28.04,9392,8005,2045,94,0,0,5,2.5,14.71,3.69,978,Off
25.87,27.6,980.96,272.38,26,172,0.17,24.58,48.02,49.31,62,73.08,385,28.93,27.59,9379,7957,2022,98,0,0,5,2.5,14.71,3.69,983,Off
25.87,27.63,980.96,272.41,27,178,0.18,24.67,46.77,50.42,62,73.06,426,29.01,27.51,9393,7946,2037,106,0,0,5,2.5,14.71,3.69,989,Off
25.87,27.65,980.96,272.34,22,145,0.15,25.58,46.6,49.85,61,72.88,409,29.13,27.44,9450,7991,2057,118,0,0,5,2.5,14.71,3.69,994,Off
25.87,27.68,980.97,272.29,24,159,0.16,26.08,47.1,49.63,61,73.22,414,29.15,27.33,9474,8021,2035,117,0,0,5,2.5,14.71,3.69,1000,Off
25.81,27.7,980.98,272.24,23,156,0.16,26.64,45.31,49.79,59,72.4,471,29.14,27.3,9496,8078,2054,120,0,0,5,2.5,14.71,3.69,1006,Off
25.81,27.73,980.98,272.22,21,142,0.14,25.42,47.79,49.43,61,73.31,470,29.17,27.38,9532,8143,2116,127,0,0,5,2.5,14.71,3.69,1011,Off
25.87,27.75,980.98,272.23,24,162,0.16,24.58,48.31,49.63,63,73.49,456,29.21,27.45,9485,8104,2107,138,0,0,5,2.5,14.71,3.69,1017,Off
25.87,27.77,980.98,272.21,22,151,0.15,25.54,47.02,49.93,61,73.19,427,29.17,27.37,9412,8043,2070,147,0,0,5,2.5,14.71,3.69,1022,Off
25.87,27.8,980.97,272.26,21,142,0.14,25.02,47.89,49.89,62,73.54,448,29.13,27.38,9394,8033,2074,142,0,0,5,2.5,14.71,3.69,1028,Off
25.81,27.82,980.98,272.22,21,142,0.14,25.77,47.06,49.89,61,73.26,458,29.01,27.26,9428,8066,2084,132,0,0,5,2.5,14.71,3.69,1034,Off
25.69,27.84,980.98,272.21,20,135,0.14,25.97,45.35,50.46,60,72.65,436,28.84,27.37,9558,8176,2087,122,0,0,5,2.5,14.71,3.69,1039,Off
25.56,27.86,980.98,272.24,13,86,0.09,25.42,47.58,49.27,61,73.06,447,28.86,27.5,9594,8199,2089,116,0,0,5,2.5,14.71,3.69,1045,Off
25.5,27.89,980.98,272.22,13,86,0.09,26.77,46.04,48.72,59,72.18,436,28.79,27.58,9499,8111,2065,99,0,0,5,2.5,14.71,3.69,1050,Off
25.37,27.91,980.98,272.17,17,112,0.11,25.42,47.97,49.58,62,73.53,437,28.67,27.55,9531,8128,2084,90,0,0,5,2.5,14.71,3.69,1056,Off
25.37,27.93,980.98,272.18,18,124,0.12,25.97,46.38,49.97,60,72.96,439,28.74,27.64,9663,8242,2138,101,0,0,5,2.5,14.71,3.69,1062,Off
25.31,27.95,980.98,272.17,19,127,0.13,26.37,44.52,50.68,59,72.43,433,28.76,27.64,9704,8274,2140,110,0,0,5,2.5,14.71,3.69,1067,Off
25.19,27.97,980.98,272.22,21,142,0.14,25.5,48.18,49.18,62,73.42,435,28.81,27.66,9687,8246,2127,99,0,0,5,2.5,14.71,3.69,1073,Off
25.31,27.99,980.98,272.24,18,121,0.12,26.08,46.08,50.6,60,73.24,431,28.8,27.72,9672,8245,2138,87,0,0,5,2.5,14.71,3.69,1078,Off
25.44,28.01,980.97,272.28,21,142,0.14,26.08,46.77,49.93,60,73.22,432,28.86,27.66,9687,8256,2153,84,0,0,5,2.5,14.71,3.69,1084,Off
25.56,28.04,980.97,272.31,27,181,0.18,26.21,47.54,49.08,61,73.19,428,28.93,27.7,9667,8225,2156,92,0,0,5,2.5,14.71,3.69,1089,Off
25.69,28.06,980.96,272.37,26,177,0.18,27.04,44.83,50.6,58,72.81,419,28.96,27.53,9655,8218,2138,90,0,0,5,2.5,14.71,3.69,1095,Off
25.62,28.08,980.96,272.38,26,174,0.17,26.12,46.13,49.89,60,72.8,417,29.06,27.45,9640,8186,2097,84,0,0,5,2.5,14.71,3.69,1101,Off
25.75,28.1,980.96,272.41,20,132,0.13,26.46,46.6,49.75,60,73.12,469,29.07,27.48,9629,8164,2079,86,0,0,5,2.5,14.71,3.69,1106,Off
25.81,28.12,980.96,272.34,16,105,0.11,27.17,46.21,49.47,59,72.95,388,29.04,27.52,9598,8156,2093,92,0,0,5,2.5,14.71,3.69,1112,Off
25.81,28.15,980.96,272.34,12,79,0.08,27,47.42,48.77,60,73.18,429,29.1,27.46,9551,8123,2089,104,0,0,5,2.5,14.71,3.69,1117,Off
25.87,28.17,980.96,272.41,10,71,0.07,27.27,47.29,49.13,60,73.44,436,29.11,27.43,9516,8097,2098,124,0,0,5,2.5,14.71,3.69,1123,Off
25.81,28.19,980.96,272.39,10,71,0.07,26.06,46.29,49.93,60,72.91,442,29.06,27.26,9504,8068,2100,132,0,0,5,2.5,14.71,3.69,1129,Off
25.75,28.22,980.96,272.39,8,59,0.06,25.72,47.1,49.89,61,73.28,441,28.93,27.26,9479,8030,2062,129,0,0,5,2.5,14.71,3.69,1134,Off
25.69,28.24,980.96,272.39,10,71,0.07,26.81,45.72,50.21,59,73.01,430,28.91,27.36,9425,7982,2032,131,0,0,5,2.5,14.71,3.69,1140,Off
25.69,28.26,980.96,272.39,10,71,0.07,27,46.46,49.97,59,73.38,426,28.84,27.44,9362,7925,2020,138,0,0,5,2.5,14.71,3.69,1145,Off
25.75,28.28,980.95,272.43,10,71,0.07,26.56,47.33,49,60,73.12,418,28.84,27.53,9337,7906,2029,129,0,0,5,2.5,14.71,3.69,1151,Off
25.81,28.31,980.96,272.37,11,78,0.08,27.25,45.21,50.06,58,72.75,411,28.74,27.7,9368,7951,2040,109,0,0,5,2.5,14.71,3.69,1157,Off
25.81,28.33,980.97,272.32,10,71,0.07,27,46.33,49.54,59,73.01,416,28.74,27.89,9454,8047,2070,106,0,0,5,2.5,14.71,3.69,1162,Off
25.87,28.35,980.96,272.37,9,59,0.06,27.6,45.64,50.25,58,73.28,418,28.67,28.15,9504,8102,2071,106,0,0,5,2.5,14.71,3.69,1168,Off
25.87,28.37,980.95,272.43,12,79,0.08,28,44.83,50.29,58,72.96,417,28.64,28.04,9513,8102,2054,108,0,0,5,2.5,14.71,3.69,1173,Off
25.75,28.39,980.95,272.5,15,99,0.1,27.08,47.67,49,60,73.53,416,28.58,27.83,9586,8167,2051,104,0,0,5,2.5,14.71,3.69,1179,Off
25.75,28.42,980.95,272.48,24,160,0.16,27.6,44.96,50.21,58,72.83,426,28.44,28.06,9608,8187,2031,92,0,0,5,2.5,14.71,3.69,1184,Off
25.87,28.45,980.94,272.52,19,127,0.13,29.42,43.79,45.39,56,69.59,424,28.41,28.04,9628,8206,2040,87,0,0,5,2.5,14.71,3.69,1190,Off
25.81,28.47,980.94,272.57,17,118,0.12,26.47,47.67,49.18,60,73.43,422,28.41,27.97,9710,8259,2086,83,0,0,5,2.5,14.71,3.69,1196,Off
25.81,28.49,980.94,272.55,18,121,0.12,27.47,45.56,50.25,58,73.18,417,28.38,27.91,9753,8296,2091,74,0,0,5,2.5,14.71,3.69,1201,Off
25.69,28.51,980.95,272.46,16,106,0.11,27,47.46,49.47,60,73.68,413,28.36,27.81,9720,8277,2090,79,0,0,5,2.5,14.71,3.69,1207,Off
25.5,28.53,980.95,272.48,16,110,0.11,26.68,47.63,49.63,60,73.78,403,28.34,27.81,9725,8259,2095,91,0,0,5,2.5,14.71,3.69,1212,Off
25.31,28.55,980.95,272.42,17,113,0.11,27.12,45.21,50.21,59,72.8,484,28.27,27.95,9818,8324,2093,94,0,0,5,2.5,14.71,3.69,1218,Off
25.19,28.56,980.95,272.5,15,103,0.1,26.6,47.46,49.71,60,73.69,481,28.27,28.17,9852,8371,2104,93,0,0,5,2.5,14.71,3.69,1224,Off
25.25,28.58,980.94,272.54,19,125,0.13,27.52,45.52,50.52,58,73.35,451,28.25,28.14,9853,8416,2149,98,0,0,5,2.5,14.71,3.69,1229,Off
25.25,28.6,980.94,272.51,20,132,0.13,27.35,45.35,50.21,58,72.98,450,28.21,28.07,9847,8430,2176,107,0,0,5,2.5,14.71,3.69,1235,Off
25.31,28.62,980.95,272.47,16,105,0.11,27.21,46.25,49.58,59,73.06,438,28.28,28.04,9822,8415,2172,111,0,0,5,2.5,14.71,3.69,1240,Off
25.44,28.64,980.95,272.47,16,106,0.11,27.17,45.96,49.93,59,73.1,429,28.27,28.11,9822,8423,2160,106,0,0,5,2.5,14.71,3.69,1246,Off
25.37,28.66,980.95,272.5,17,113,0.11,27.39,46.46,49.54,59,73.23,422,28.29,28.17,9817,8430,2147,104,0,0,5,2.5,14.71,3.69,1252,Off
25.5,28.68,980.94,272.53,16,106,0.11,27,47.38,49.27,60,73.49,422,28.28,28.19,9844,8432,2155,110,0,0,5,2.5,14.71,3.69,1257,Off
25.44,28.7,980.94,272.54,15,101,0.1,27.25,45.52,50.29,59,73.1,422,28.27,28.3,9805,8388,2157,106,0,0,5,2.5,14.71,3.69,1263,Off
25.44,28.72,980.94,272.52,13,88,0.09,27.25,46.33,50.25,59,73.58,422,28.24,28.44,9749,8368,2146,98,0,0,5,2.5,14.71,3.69,1268,Off
25.56,28.74,980.94,272.54,14,94,0.09,27.25,46.29,49.85,59,73.28,426,28.17,28.48,9820,8438,2117,89,0,0,5,2.5,14.71,3.69,1274,Off
25.75,28.76,980.94,272.52,18,120,0.12,26.87,46.42,50.25,59,73.5,427,28.25,28.47,9878,8466,2085,76,0,0,5,2.5,14.71,3.69,1279,Off
25.87,28.78,980.93,272.6,19,129,0.13,26.92,47.54,49.18,60,73.51,427,28.28,28.41,9908,8473,2109,63,0,0,5,2.5,14.71,3.69,1285,Off
26.06,28.8,980.93,272.65,18,119,0.12,27.43,47.02,49.79,59,73.77,422,28.25,28.23,9946,8514,2141,64,0,0,5,2.5,14.71,3.69,1291,Off
26.19,28.82,980.93,272.63,17,112,0.11,27.08,46.17,49.54,59,72.93,419,28.29,28.19,9989,8575,2152,70,0,0,5,2.5,14.71,3.69,1296,Off
26.31,28.84,980.92,272.7,20,132,0.13,26.87,47.75,49.22,60,73.66,414,28.38,28.02,9979,8587,2159,85,0,0,5,2.5,14.71,3.69,1302,Off
26.19,28.86,980.92,272.67,26,177,0.18,27.35,46.42,49.85,59,73.4,393,28.34,27.91,9991,8592,2176,98,0,0,5,2.5,14.71,3.69,1307,Off
26.12,28.88,980.93,272.66,27,185,0.19,26.81,47.63,49.27,60,73.58,414,28.25,28,10065,8639,2197,106,0,0,5,2.5,14.71,3.69,1313,Off
26.19,28.9,980.93,272.66,26,177,0.18,26.72,47.75,48.81,60,73.32,397,28.21,28.12,10080,8626,2214,117,0,0,5,2.5,14.71,3.69,1319,Off
26,28.92,980.94,272.58,24,162,0.16,27.56,45.85,49.71,58,73.02,447,28.19,28.07,10063,8596,2195,125,0,0,5,2.5,14.71,3.69,1324,Off
26.06,28.94,980.94,272.55,24,159,0.16,26.37,48.43,49,61,73.77,416,28.22,27.93,10020,8566,2140,133,0,0,5,2.5,14.71,3.69,1330,Off
26.12,28.96,980.94,272.53,23,158,0.16,27.35,44.96,49.85,58,72.49,402,28.36,27.89,9929,8483,2127,136,0,0,5,2.5,14.71,3.69,1335,Off
26,28.98,980.94,272.51,24,163,0.16,27.87,45.43,49.79,58,72.94,393,28.41,27.83,9941,8483,2153,143,0,0,5,2.5,14.71,3.69,1341,Off
25.87,29,980.93,272.61,25,168,0.17,26.25,47.38,49.08,61,73.09,398,28.45,27.77,9977,8513,2145,141,0,0,5,2.5,14.71,3.69,1346,Off
25.81,29.02,980.94,272.57,17,112,0.11,26.17,46.21,49.71,60,72.74,409,28.46,27.69,9959,8490,2137,138,0,0,5,2.5,14.71,3.69,1352,Off
25.87,29.04,980.93,272.62,14,92,0.09,25.33,48.06,49.79,62,73.69,425,28.56,27.7,9960,8460,2163,146,0,0,5,2.5,14.71,3.69,1358,Off
25.94,29.06,980.93,272.66,20,132,0.13,25.93,46.46,49.58,60,72.73,432,28.63,27.74,9910,8419,2182,150,0,0,5,2.5,14.71,3.69,1363,Off
25.94,29.07,980.93,272.67,16,106,0.11,25.27,46.46,50.02,61,72.79,426,28.67,27.65,9830,8360,2195,143,0,0,5,2.5,14.71,3.69,1369,Off
26,29.09,980.93,272.63,17,113,0.11,25.54,46.89,49.75,61,72.98,426,28.76,27.67,9806,8347,2176,141,0,0,5,2.5,14.71,3.69,1374,Off
26.06,29.11,980.92,272.73,14,94,0.09,25.27,46.46,49.89,61,72.7,434,28.83,27.64,9848,8376,2160,153,0,0,5,2.5,14.71,3.69,1380,Off
26.12,29.13,980.93,272.67,15,101,0.1,25.62,46.5,50.46,61,73.25,433,28.93,27.65,9845,8347,2155,158,0,0,5,2.5,14.71,3.69,1386,Off
26.12,29.15,980.93,272.65,17,115,0.12,25.31,47.81,49.54,62,73.35,423,28.93,27.54,9810,8313,2142,152,0,0,5,2.5,14.71,3.69,1391,Off
26.12,29.17,980.92,272.7,19,126,0.13,25.14,46.38,50.1,61,72.75,422,28.91,27.57,9872,8363,2146,139,0,0,5,2.5,14.71,3.69,1397,Off
26,29.19,980.92,272.7,19,127,0.13,25.89,45.64,50.38,60,72.74,447,28.89,27.55,9943,8431,2162,136,0,0,5,2.5,14.71,3.69,1402,Off
26.06,29.21,980.93,272.64,20,135,0.14,25.27,47.93,49,62,73.05,382,28.86,27.55,9968,8469,2179,142,0,0,5,2.5,14.71,3.69,1408,Off
25.94,29.23,980.93,272.6,26,172,0.17,26.25,46.04,50.06,60,72.9,405,28.81,27.48,9949,8470,2190,152,0,0,5,2.5,14.71,3.69,1414,Off
25.94,29.25,980.94,272.59,34,225,0.23,24.92,47.85,49.67,62,73.33,456,28.79,27.45,9949,8477,2194,150,0,0,5,2.5,14.71,3.69,1419,Off
25.87,29.27,980.93,272.6,31,205,0.21,25.22,46.81,49.67,61,72.76,432,28.87,27.39,9939,8476,2206,132,0,0,5,2.5,14.71,3.69,1425,Off
25.87,29.29,980.93,272.6,34,231,0.23,26.06,45.72,50.56,60,72.98,427,28.91,27.39,9939,8493,2230,128,0,0,5,2.5,14.71,3.69,1430,Off
26,29.31,980.93,272.6,30,199,0.2,26.06,47.79,49.04,61,73.27,426,28.9,27.39,9921,8461,2202,130,0,0,5,2.5,14.71,3.69,1436,Off
25.94,29.32,980.93,272.64,32,213,0.21,25.68,45.47,50.21,60,72.45,427,28.83,27.33,9864,8389,2163,127,0,0,5,2.5,14.71,3.69,1441,Off
25.87,29.34,980.93,272.61,33,223,0.22,25.27,45.85,49.35,61,71.94,443,28.87,27.34,9813,8364,2174,126,0,0,5,2.5,14.71,3.69,1447,Off
25.94,29.36,980.93,272.59,32,213,0.21,24.97,46.81,49.47,61,72.54,415,28.91,27.43,9824,8368,2161,132,0,0,5,2.5,14.71,3.69,1453,Off
26,29.38,980.93,272.61,35,237,0.24,25.62,45.81,50.02,60,72.5,360,28.96,27.48,9795,8320,2138,134,0,0,5,2.5,14.71,3.69,1458,Off
26,29.4,980.92,272.7,35,234,0.23,24.87,47.21,48.52,62,72.12,371,28.94,27.24,9730,8261,2128,127,0,0,4.92,2.42,14.22,3.57,1464,Off
26,29.42,980.92,272.7,33,219,0.22,25.58,45.22,50.42,60,72.4,400,28.91,27.32,9761,8304,2139,118,0,0,4.79,2.3,13.52,3.39,1469,Off
26,29.44,980.92,272.75,29,192,0.19,25.46,46.13,49.75,61,72.46,405,28.98,27.27,9714,8257,2103,116,0,0,4.79,2.3,13.52,3.39,1475,Off
25.81,29.46,980.92,272.76,21,139,0.14,24.97,47.71,49.31,62,73.01,393,28.81,27.18,9620,8178,2065,104,0,0,4.78,2.28,13.41,3.36,1481,Off
25.69,29.48,980.92,272.75,20,132,0.13,31,45.39,49.54,55,74,403,28.76,27.24,9639,8209,2065,86,0,0,5,2.5,14.71,3.69,1486,Off
25.62,29.5,980.91,272.8,24,160,0.16,30.68,45.52,49.31,56,73.79,462,28.79,27.45,9590,8204,2070,84,0,0,4.96,2.46,14.45,3.62,1492,Off
25.69,29.52,980.9,272.85,21,142,0.14,31.08,46.68,49.22,56,74.62,440,28.83,27.5,9524,8198,2077,101,0,0,5,2.5,14.71,3.69,1497,Off
25.69,29.54,980.91,272.83,21,142,0.14,31.22,45.13,49.47,55,73.89,426,28.63,27.39,9440,8120,2052,111,0,0,4.92,2.42,14.25,3.57,1503,Off
25.56,29.55,980.92,272.73,23,152,0.15,31.08,45.85,49.04,55,73.98,425,28.8,27.38,9262,7946,2006,109,0,0,5,2.5,14.71,3.69,1509,Off
25.56,29.57,980.92,272.7,28,186,0.19,31.43,46.29,48.64,55,74.14,424,28.91,27.49,9062,7764,1970,100,0,0,5,2.5,14.71,3.69,1514,Off
25.62,29.59,980.93,272.65,29,197,0.2,31,45.6,49.13,55,73.85,434,29.11,27.88,8900,7631,1915,88,0,0,5,2.5,14.71,3.69,1520,Off
25.69,29.61,980.93,272.61,31,206,0.21,31.08,46.52,48.88,56,74.29,418,29.22,28.24,8825,7559,1871,90,0,0,5,2.5,14.71,3.69,1525,Off
25.81,29.62,980.94,272.58,30,200,0.2,30.79,47.02,48.56,56,74.27,406,29.38,27.64,8736,7465,1843,91,0,0,5,2.5,14.71,3.69,1531,Off
26,29.64,980.95,272.43,17,112,0.11,31.71,44.52,49.71,54,73.88,390,29.48,27.28,8649,7391,1837,95,0,0,5,2.5,14.71,3.69,1536,Off
26,29.66,980.96,272.39,13,86,0.09,30.92,46.81,48.88,56,74.4,386,29.45,26.86,8651,7385,1824,98,0,0,5,2.5,14.71,3.69,1542,Off
26.06,29.68,980.96,272.39,18,119,0.12,31.04,45.43,48.92,55,73.62,404,29.56,27.06,8627,7345,1784,85,0,0,5,2.5,14.71,3.69,1548,Off
26.12,29.7,980.96,272.34,26,178,0.18,31.43,45.08,49.54,55,73.99,406,29.68,27.83,8581,7267,1759,76,0,0,5,2.5,14.71,3.69,1553,Off
26.31,29.73,980.97,272.32,25,170,0.17,30.79,46.46,48.52,56,73.89,397,29.81,28.11,8576,7206,1778,74,0,0,5,2.5,14.71,3.69,1559,Off
26.44,29.74,980.96,272.38,28,189,0.19,31.83,44.79,49.79,54,74.15,406,29.91,28.04,8545,7184,1801,76,0,0,5,2.5,14.71,3.69,1564,Off
26.5,29.76,980.96,272.34,24,162,0.16,30.6,46.72,48.52,56,73.98,385,30.05,28.16,8444,7141,1791,76,0,0,5,2.5,14.71,3.69,1570,Off
26.62,29.79,980.97,272.31,22,151,0.15,31.97,44.56,49.58,54,73.93,371,30.11,26.53,8426,7153,1780,74,0,0,5,2.5,14.71,3.69,1575,Off
26.56,29.81,980.98,272.24,27,182,0.18,30.08,45.56,48.96,56,73.33,482,30.17,26.41,8514,7255,1826,85,0,0,5,2.5,14.71,3.69,1581,Off
26.62,29.83,980.98,272.24,26,177,0.18,29.93,46.97,48.92,57,74.13,452,30.27,27.73,8635,7380,1894,102,0,0,5,2.5,14.71,3.69,1587,Off
26.69,29.85,980.98,272.23,27,181,0.18,30.21,45.72,48.72,56,73.33,415,30.36,28.31,8686,7421,1939,107,0,0,5,2.5,14.71,3.69,1592,Off
26.75,29.87,980.98,272.17,18,119,0.12,30.12,45.64,48.88,56,73.34,411,30.49,28.57,8709,7453,1977,114,0,0,5,2.5,14.71,3.69,1598,Off
26.87,29.89,980.99,272.13,19,125,0.13,30.6,45.21,49.47,55,73.67,391,30.56,28.01,8771,7510,2010,125,0,0,5,2.5,14.71,3.69,1603,Off
26.94,29.91,980.99,272.15,21,139,0.14,30.25,46.13,48.96,56,73.75,395,30.65,26.8,8915,7625,2036,124,0,0,5,2.5,14.71,3.69,1609,Off
27,29.93,980.98,272.2,18,124,0.12,30.12,44.83,49.22,56,73.08,397,30.72,26.2,9044,7719,2036,128,0,0,5,2.5,14.71,3.69,1615,Off
26.94,29.95,980.98,272.19,21,142,0.14,29.25,47.54,48.33,58,73.84,394,30.75,26.02,9110,7770,2013,141,0,0,5,2.5,14.71,3.69,1620,Off
26.94,29.97,980.98,272.2,19,130,0.13,29.85,45.52,48.96,56,73.21,390,30.8,25.85,9198,7855,2012,147,0,0,5,2.5,14.71,3.69,1626,Off
26.87,29.99,980.97,272.25,18,122,0.12,29.89,45.77,49.08,56,73.47,390,30.76,25.56,9250,7891,2020,145,0,0,5,2.5,14.71,3.69,1631,Off
26.81,30.01,980.97,272.3,18,124,0.12,29.25,47.14,48.46,58,73.66,390,30.7,25.47,9315,7940,2061,158,0,0,5,2.5,14.71,3.69,1637,Off
26.69,30.03,980.97,272.32,17,118,0.12,30.21,44.43,49.79,55,73.25,394,30.65,25.42,9440,8061,2101,162,0,0,5,2.5,14.71,3.69,1642,Off
26.62,30.05,980.98,272.23,19,128,0.13,29.42,47.54,48.52,58,74.02,401,30.59,25.53,9516,8145,2103,155,0,0,5,2.5,14.71,3.69,1648,Off
26.62,30.07,980.97,272.32,18,122,0.12,30.37,45.04,49.27,56,73.34,424,30.69,25.63,9569,8185,2097,150,0,0,5,2.5,14.71,3.69,1654,Off
26.62,30.09,980.96,272.41,11,72,0.07,29.68,45.68,48.88,56,73.19,479,30.72,25.84,9601,8202,2105,131,0,0,5,2.5,14.71,3.69,1659,Off
26.69,30.11,980.95,272.47,6,39,0.04,29.29,46.64,48.46,57,73.36,443,30.83,26.91,9541,8159,2122,108,0,0,5,2.5,14.71,3.69,1665,Off
26.69,30.13,980.94,272.53,10,66,0.07,29.85,45.52,48.92,56,73.18,440,30.87,27.49,9473,8109,2129,98,0,0,5,2.5,14.71,3.69,1670,Off
26.62,30.15,980.93,272.67,18,124,0.12,29.81,45.81,48.72,56,73.22,418,30.98,28.47,9421,8068,2142,99,0,0,5,2.5,14.71,3.69,1676,Off
26.62,30.17,980.92,272.71,19,128,0.13,29.77,46.21,49.18,57,73.76,404,31.11,28.67,9422,8074,2150,105,0,0,5,2.5,14.71,3.69,1681,Off
26.69,30.19,980.92,272.71,19,130,0.13,29.97,46.29,48.81,57,73.65,398,31.16,27.33,9485,8107,2133,101,0,0,5,2.5,14.71,3.69,1687,Off
26.69,30.21,980.92,272.73,16,111,0.11,29.89,46.72,49.47,57,74.33,397,31.29,28.14,9463,8075,2102,99,0,0,5,2.5,14.71,3.69,1693,Off
26.62,30.23,980.91,272.76,18,124,0.12,29.64,47.38,48.64,57,74.09,396,31.35,28.27,9442,8046,2087,93,0,0,5,2.5,14.71,3.69,1698,Off
26.56,30.25,980.92,272.73,16,110,0.11,30.08,45.27,49.08,56,73.23,397,31.45,28.55,9412,8013,2086,102,0,0,5,2.5,14.71,3.69,1704,Off
26.62,30.28,980.91,272.77,16,106,0.11,29.89,46.29,48.92,57,73.68,395,31.52,27.2,9363,7979,2080,111,0,0,5,2.5,14.71,3.69,1709,Off
26.69,30.3,980.91,272.84,16,109,0.11,30.25,46.25,49.27,56,74.04,397,31.58,27.66,9373,7974,2075,116,0,0,5,2.5,14.71,3.69,1715,Off
26.69,30.32,980.9,272.85,19,125,0.13,30.08,45.72,49.39,56,73.72,393,31.66,27.4,9375,7956,2074,121,0,0,5,2.5,14.71,3.69,1721,Off
26.75,30.34,980.91,272.82,23,152,0.15,29.37,47.5,48.64,58,74.06,394,31.73,27.07,9338,7935,2051,122,0,0,5,2.5,14.71,3.69,1726,Off
26.75,30.36,980.91,272.82,22,145,0.15,30.17,46,48.88,56,73.59,396,31.84,27.72,9284,7907,2025,125,0,0,5,2.5,14.71,3.69,1732,Off
26.69,30.38,980.91,272.84,29,195,0.2,30.37,46.68,49.18,56,74.3,397,31.9,28.9,9168,7788,1996,126,0,0,5,2.5,14.71,3.69,1737,Off
26.69,30.4,980.9,272.87,25,170,0.17,29.93,46.46,48.92,57,73.81,395,31.96,27.89,9161,7775,1985,125,0,0,5,2.5,14.71,3.69,1743,Off
26.81,30.42,980.9,272.91,23,154,0.15,30.29,45.27,49.54,56,73.63,395,32.06,25.98,9225,7833,1959,117,0,0,5,2.5,14.71,3.69,1748,Off
26.81,30.44,980.9,272.91,21,142,0.14,29.72,47.38,48.21,57,73.84,396,32.11,26.14,9249,7846,1934,106,0,0,5,2.5,14.71,3.69,1754,Off
27,30.46,980.9,272.85,21,142,0.14,29.85,47.14,48.92,57,74.2,397,32.18,26.55,9310,7890,1965,117,0,0,5,2.5,14.71,3.69,1760,Off
27.19,30.48,980.91,272.8,20,134,0.13,30.29,46.08,49.22,56,73.92,398,32.21,25.99,9361,7957,2009,131,0,0,5,2.5,14.71,3.69,1765,Off
27.12,30.51,980.91,272.83,20,135,0.14,29.46,47.21,49.08,58,74.2,401,32.24,25.86,9339,7967,2019,121,0,0,5,2.5,14.71,3.69,1771,Off
27.12,30.53,980.91,272.78,19,129,0.13,30.17,45.81,49.27,56,73.73,403,32.3,25.61,9332,7961,2028,112,0,0,5,2.5,14.71,3.69,1776,Off
27.12,30.55,980.92,272.74,15,99,0.1,30,44.96,49.43,56,73.25,400,32.32,26.23,9379,8003,2068,120,0,0,5,2.5,14.71,3.69,1782,Off
27.25,30.57,980.92,272.72,13,86,0.09,29.58,47.25,48.81,57,74.09,398,32.41,25.28,9367,7998,2069,130,0,0,5,2.5,14.71,3.69,1787,Off
27.25,30.59,980.92,272.71,14,92,0.09,30.25,45.17,49,56,73.19,403,32.44,25.86,9358,7981,2043,123,0,0,5,2.5,14.71,3.69,1793,Off
27.37,30.61,980.92,272.75,18,124,0.12,30.04,46.08,49.27,56,73.85,237,32.52,27.93,9380,7988,2006,109,0,0,5,2.5,14.71,3.69,1799,Off
27.25,30.63,980.91,272.78,19,128,0.13,29.18,47.75,48.6,58,74.12,308,32,25.38,9383,7997,1989,107,0,0,5,2.5,14.71,3.69,1804,Off
26.94,30.65,980.92,272.75,21,142,0.14,29.37,46.08,48.96,57,73.37,450,31.42,24.9,9484,8078,2010,115,0,0,5,2.5,14.71,3.69,1810,Off
26.87,30.67,980.91,272.8,21,142,0.14,30.25,46.17,49.08,56,73.86,451,31.13,25.05,9586,8171,2076,124,0,0,5,2.5,14.71,3.69,1815,Off
26.69,30.69,980.91,272.76,20,133,0.13,30.39,45.21,49.47,56,73.59,518,30.72,25.49,9599,8195,2106,123,0,0,5,2.5,14.71,3.69,1821,Off
26.56,30.71,980.91,272.82,19,126,0.13,30.43,46,49.31,56,73.98,447,30.28,26,9594,8163,2085,121,0,0,5,2.5,14.71,3.69,1827,Off
26.37,30.73,980.91,272.83,19,128,0.13,29.85,46.97,48.72,57,73.97,441,29.96,26.44,9529,8056,2045,122,0,0,5,2.5,14.71,3.69,1832,Off
26.25,30.75,980.9,272.89,20,135,0.14,29.77,46.21,49.13,57,73.72,415,29.79,26.9,9434,7978,2013,111,0,0,5,2.5,14.71,3.69,1838,Off
26.25,30.77,980.9,272.9,26,172,0.17,30.29,45.08,49.31,56,73.36,414,29.46,26.98,9359,7924,2003,103,0,0,5,2.5,14.71,3.69,1843,Off
26.06,30.78,980.89,272.95,32,211,0.21,29.93,47.17,48.33,57,73.87,413,29.41,26.8,9217,7798,1975,101,0,0,5,2.5,14.71,3.69,1849,Off
26.06,30.8,980.88,273.02,20,132,0.13,30.12,46.21,49.13,56,73.86,412,29.41,26.54,8922,7542,1900,99,0,0,5,2.5,14.71,3.69,1854,Off
25.87,30.82,980.88,273.04,24,160,0.16,30.56,45.47,49.75,56,74.01,404,29.24,26.58,8678,7313,1834,92,0,0,5,2.5,14.71,3.69,1860,Off
25.69,30.84,980.87,273.15,19,128,0.13,29.68,47.02,48.68,57,73.9,401,29.1,26.76,8468,7129,1775,66,0,0,5,2.5,14.71,3.69,1866,Off
25.62,30.85,980.87,273.14,21,142,0.14,29.93,44.79,49,56,72.82,411,29,26.86,8377,7058,1734,65,0,0,5,2.5,14.71,3.69,1871,Off
25.62,30.87,980.87,273.14,19,132,0.13,29.89,46.17,49.13,57,73.74,409,28.9,27.12,8330,7041,1719,73,0,0,5,2.5,14.71,3.69,1877,Off
25.56,30.89,980.88,273.09,22,151,0.15,30.08,46.5,48.92,57,73.89,445,28.64,27.28,8323,7045,1729,76,0,0,5,2.5,14.71,3.69,1882,Off
25.56,30.9,980.87,273.12,21,142,0.14,29.93,45.92,48.81,56,73.39,419,28.58,27.45,8328,7052,1725,79,0,0,5,2.5,14.71,3.69,1888,Off
25.37,30.92,980.89,272.98,29,192,0.19,29.77,47.21,48.88,57,74.19,448,28.36,27.64,8360,7090,1734,75,0,0,5,2.5,14.71,3.69,1894,Off
25.37,30.94,980.9,272.9,26,174,0.17,30.56,45.43,49.71,56,73.95,223,28.31,27.7,8352,7093,1735,76,0,0,5,2.5,14.71,3.69,1899,Off
25.25,30.95,980.9,272.85,17,112,0.11,30.08,46.64,48.88,57,73.95,389,28.08,27.84,8346,7088,1705,75,0,0,5,2.5,14.71,3.69,1905,Off
25.19,30.96,980.89,272.96,16,105,0.11,30.21,46.04,49.63,56,74.13,400,27.96,27.96,8297,7039,1683,83,2,0,5,2.5,14.71,3.69,1910,Off
25.25,30.98,980.91,272.83,17,112,0.11,30.17,45.92,49.13,56,73.7,402,28.1,28.11,8332,7066,1682,92,2,0,5,2.5,14.71,3.69,1916,Off
25.25,30.99,980.9,272.89,24,160,0.16,30.08,46,49.89,56,74.23,399,28.04,28.04,8446,7174,1705,89,0,0,5,2.5,14.71,3.69,1921,Off
25.44,31.01,980.9,272.91,27,185,0.19,29.46,47.93,48.96,58,74.58,434,28.17,28.08,8508,7234,1761,79,0,0,5,2.5,14.71,3.69,1927,Off
25.56,31.02,980.9,272.87,25,166,0.17,30.17,45.72,48.72,56,73.31,399,28.24,27.99,8539,7257,1799,64,0,0,5,2.5,14.71,3.69,1933,Off
25.62,31.03,980.9,272.85,24,162,0.16,29.93,45.52,49.08,56,73.33,420,28.32,27.97,8607,7307,1813,61,0,0,5,2.5,14.71,3.69,1938,Off
25.75,31.05,980.9,272.92,24,160,0.16,29.5,47.14,48.72,57,73.94,405,28.42,27.83,8554,7247,1791,73,0,0,5,2.5,14.71,3.69,1944,Off
25.87,31.06,980.89,272.98,22,150,0.15,30.72,44.71,49.54,55,73.47,363,28.44,27.74,8455,7150,1762,78,0,0,5,2.5,14.71,3.69,1949,Off
25.81,31.07,980.89,272.98,21,142,0.14,29.5,47.25,48.25,58,73.69,410,28.42,27.52,8362,7071,1714,72,0,0,5,2.5,14.71,3.69,1955,Off
25.69,31.09,980.88,273.05,20,135,0.14,30.29,46.77,49.35,57,74.43,485,28.34,27.49,8291,7003,1687,66,0,0,5,2.5,14.71,3.69,1960,Off
25.69,31.1,980.88,273.1,23,152,0.15,30.12,45.85,48.88,56,73.47,451,28.39,27.52,8208,6912,1670,58,0,0,5,2.5,14.71,3.69,1966,Off
25.56,31.11,980.87,273.13,27,178,0.18,29.33,47.58,48.64,58,74.1,515,28.39,27.5,8133,6861,1660,50,0,0,5,2.5,14.71,3.69,1972,Off
25.56,31.12,980.86,273.22,24,158,0.16,30.17,46,49.13,56,73.75,491,28.53,27.51,8125,6882,1684,56,0,0,5,2.5,14.71,3.69,1977,Off
25.62,31.14,980.86,273.23,21,142,0.14,30.17,46.17,49.13,56,73.86,472,28.7,27.36,8140,6906,1696,62,0,0,5,2.5,14.71,3.69,1983,Off
25.69,31.15,980.86,273.26,23,156,0.16,30.37,45.6,49.43,56,73.79,469,28.87,27.39,8213,6961,1712,59,0,0,5,2.5,14.71,3.69,1988,Off
25.75,31.16,980.85,273.28,25,166,0.17,29.97,46.5,48.96,57,73.88,443,28.9,27.28,8247,6992,1725,55,0,0,5,2.5,14.71,3.69,1994,Off
25.94,31.18,980.86,273.2,24,162,0.16,29.1,47.06,48.81,58,73.78,414,28.96,27.18,8268,7028,1726,66,0,0,5,2.5,14.71,3.69,2000,Off
26,31.19,980.86,273.2,21,142,0.14,29.85,47.17,48.77,57,74.12,453,28.83,27.21,8394,7121,1739,66,0,0,5,2.5,14.71,3.69,2005,Off
26,31.2,980.87,273.17,23,158,0.16,30.08,46,49.18,56,73.76,406,28.76,27.26,8631,7336,1813,64,0,0,5,2.5,14.71,3.69,2011,Off
26.06,31.22,980.87,273.15,22,149,0.15,29.81,47.14,48.56,57,73.95,377,28.87,27.25,8770,7464,1882,75,0,0,5,2.5,14.71,3.69,2016,Off
26.12,31.23,980.86,273.19,24,161,0.16,29.72,47.93,48.56,58,74.43,440,28.94,27.19,8870,7511,1905,77,0,0,5,2.5,14.71,3.69,2022,Off
26.25,31.24,980.86,273.22,18,119,0.12,30.37,45.31,49.79,56,73.86,438,29.08,27.08,8898,7529,1914,85,0,0,5,2.5,14.71,3.69,2027,Off
26.25,31.25,980.87,273.16,13,86,0.09,29.89,47.1,48.64,57,74.01,420,29.03,27.02,8895,7547,1941,103,0,0,5,2.5,14.71,3.69,2033,Off
26.25,31.27,980.86,273.22,16,105,0.11,30.21,46.04,49.04,56,73.74,430,29.1,27,8882,7538,1952,106,0,0,5,2.5,14.71,3.69,2039,Off
26.31,31.28,980.86,273.27,13,89,0.09,29.89,45.92,49.08,56,73.56,423,29.18,26.89,8890,7565,1939,98,0,0,5,2.5,14.71,3.69,2044,Off
26.31,31.29,980.85,273.29,17,113,0.11,29.6,47.21,48.25,57,73.71,416,29.17,26.83,8861,7559,1924,98,0,0,5,2.5,14.71,3.69,2050,Off
26.37,31.31,980.86,273.23,14,94,0.09,30.56,45.04,49.67,55,73.68,432,29.01,26.96,8739,7446,1875,83,0,0,5,2.5,14.71,3.69,2055,Off
26.37,31.32,980.86,273.22,15,101,0.1,30.25,45.64,48.72,56,73.3,422,28.84,26.98,8629,7321,1808,74,0,0,5,2.5,14.71,3.69,2061,Off
26.31,31.34,980.85,273.31,13,89,0.09,30.12,45.22,49.39,56,73.43,411,29.01,26.98,8522,7200,1771,81,0,0,5,2.5,14.71,3.69,2066,Off
26.37,31.35,980.86,273.24,13,87,0.09,30,45.68,49.04,56,73.43,419,29.04,26.94,8463,7169,1767,89,0,0,5,2.5,14.71,3.69,2072,Off
26.37,31.36,980.86,273.23,12,85,0.09,29.6,47.67,48.68,58,74.29,436,29.03,27.05,8588,7309,1803,92,0,0,5,2.5,14.71,3.69,2078,Off
26.5,31.38,980.86,273.2,12,84,0.08,31.18,46.5,49.47,56,74.72,433,29.01,27.07,8803,7521,1888,90,0,0,5,2.5,14.71,3.69,2083,Off
26.44,31.39,980.86,273.25,9,59,0.06,31.18,46.46,49.22,56,74.52,433,28.83,27.14,8981,7660,1952,93,0,0,5,2.5,14.71,3.69,2089,Off
26.31,31.4,980.86,273.2,13,86,0.09,31.08,47.06,49.43,56,75,435,28.81,27.12,9187,7820,1993,100,0,0,5,2.5,14.71,3.69,2094,Off
26.31,31.42,980.86,273.23,25,165,0.17,29.64,47.06,49.13,57,74.2,440,28.53,27.24,9445,8049,2052,112,0,0,5,2.5,14.71,3.69,2100,Off
26.19,31.43,980.86,273.24,24,160,0.16,30,46.38,50.25,57,74.67,433,28.19,27.44,9779,8347,2147,128,0,0,5,2.5,14.71,3.69,2106,Off
26,31.45,980.86,273.21,25,170,0.17,29.6,48.1,49.13,58,74.85,427,28.01,27.65,9986,8538,2227,136,0,0,5,2.5,14.71,3.69,2111,Off
25.94,31.46,980.87,273.17,23,154,0.15,29.18,46.13,49.93,57,73.98,427,27.69,27.95,10176,8715,2301,151,0,0,5,2.5,14.71,3.69,2117,Off
25.81,31.47,980.87,273.17,24,162,0.16,29.25,46.72,49.63,57,74.17,416,27.65,28.15,10288,8793,2322,152,0,0,5,2.5,14.71,3.69,2122,Off
25.69,31.49,980.86,273.25,22,151,0.15,28.62,47.75,48.88,59,74.08,402,27.79,28.01,10303,8802,2323,137,0,0,5,2.5,14.71,3.69,2128,Off
25.62,31.5,980.85,273.34,21,142,0.14,29.6,45.43,50.14,56,73.85,404,27.91,27.94,10311,8835,2314,136,0,0,5,2.5,14.71,3.69,2133,Off
25.5,31.52,980.84,273.43,21,142,0.14,28.81,47.89,49,58,74.33,423,27.91,27.8,10308,8830,2314,144,0,0,5,2.5,14.71,3.69,2139,Off
25.44,31.53,980.83,273.51,23,155,0.16,29.06,47.33,49.31,58,74.27,432,27.99,27.91,10304,8809,2325,147,0,0,5,2.5,14.71,3.69,2145,Off
25.37,31.54,980.82,273.53,21,139,0.14,29.21,46.52,49.39,57,73.87,382,28.14,27.84,10290,8789,2303,144,0,0,5,2.5,14.71,3.69,2150,Off
25.31,31.56,980.83,273.47,13,86,0.09,29.1,47.38,49.22,58,74.26,461,28.31,27.59,10291,8808,2292,147,0,0,5,2.5,14.71,3.69,2156,Off
25.37,31.57,980.83,273.48,11,72,0.07,28.97,46.85,49.97,58,74.38,494,28.14,27.53,10293,8808,2309,152,0,0,5,2.5,14.71,3.69,2161,Off
25.44,31.58,980.84,273.38,16,106,0.11,29.18,46.89,49.89,58,74.43,463,27.99,27.72,10282,8819,2311,162,0,0,5,2.5,14.71,3.69,2167,Off
25.37,31.59,980.84,273.39,17,113,0.11,29.21,46.56,49.85,57,74.2,415,27.79,27.93,10238,8802,2291,172,0,0,5,2.5,14.71,3.69,2172,Off
25.44,31.61,980.85,273.34,19,130,0.13,29.21,46.64,49.79,57,74.21,407,27.77,28.13,10196,8758,2260,169,0,0,5,2.5,14.71,3.69,2178,Off
25.44,31.62,980.85,273.34,18,122,0.12,34.08,47.75,52.02,54,78.41,432,27.48,28.38,10225,8762,2243,159,0,0,5,2.5,14.71,3.69,2184,Off
25.44,31.63,980.84,273.4,17,115,0.12,10.43,46.42,47.35,77,67.12,436,27.56,28.59,10202,8720,2238,148,0,0,5,2.5,14.71,3.69,2189,Off
25.44,31.64,980.82,273.56,17,118,0.12,26.68,45.08,44.96,59,69.03,428,27.73,28.67,10092,8634,2232,145,0,0,5,2.5,14.71,3.69,2195,Off
25.56,31.65,980.8,273.71,20,135,0.14,20.67,42.97,40.02,64,62.25,411,28.03,28.69,10000,8568,2212,149,0,0,5,2.5,14.71,3.69,2200,Off
25.69,31.66,980.78,273.9,20,135,0.14,18.85,41.52,37.39,65,58.97,405,28.25,28.55,9984,8553,2199,158,0,0,5,2.5,14.71,3.69,2206,Off
25.87,31.68,980.76,274.07,7,46,0.05,33.17,42.54,42.38,52,68.6,412,28.51,28.27,9994,8563,2246,155,0,0,5,2.5,14.71,3.69,2212,Off
25.87,31.69,980.75,274.15,8,52,0.05,38.13,1.31,12.68,1,40.2,439,28.6,28.34,10018,8585,2296,146,0,0,5,2.5,14.71,3.69,2217,Off
25.94,31.7,980.73,274.31,12,79,0.08,11.02,-24.33,15.35,-65,30.81,430,28.25,27.87,10061,8613,2310,147,0,0,5,2.5,14.71,3.69,2223,Off
25.75,31.72,980.66,274.9,16,106,0.11,45.17,16.62,21.93,20,52.89,396,28.29,28.08,10010,8579,2310,153,0,0,5,2.5,14.71,3.69,2228,Off
25.44,31.73,979.78,282.48,12,85,0.09,31.35,-31.43,17.22,-45,47.62,355,27.8,28.31,9872,8466,2275,163,0,0,5,2.5,14.71,3.69,2234,Off
25.12,31.75,978.04,297.34,12,83,0.08,4.81,-30.18,20.17,-80,36.62,305,27.74,28.32,9905,8472,2228,176,0,0,5,2.5,14.71,3.69,2239,Off
24.81,31.77,975.81,316.5,13,91,0.09,30.68,-23,13.63,-36,40.7,335,28.05,28.41,10062,8583,2213,168,0,0,5,2.5,14.71,3.69,2245,Off
24.44,31.79,973.12,339.58,13,89,0.09,12.6,-40.75,27.22,-72,50.6,546,27.91,27.98,9875,8399,2132,141,0,0,5,2.5,14.71,3.69,2251,Off
24.06,31.81,969.95,366.9,13,86,0.09,1.02,-0.6,16.83,-30,16.87,460,26.95,28.34,9422,7979,1969,111,0,0,5,2.5,14.71,3.69,2256,Off
23.69,31.83,966.59,395.91,11,78,0.08,1.93,6.68,17.81,73,19.12,0,27.35,28.73,8977,7543,1802,84,0,0,5,2.5,14.71,3.69,2262,Off
23.37,31.85,963.02,426.88,12,84,0.08,12.92,-0.83,12.43,-3,17.95,670,25.59,28.65,8590,7194,1732,89,0,0,5,2.5,14.71,3.69,2267,Off
23,31.86,959.3,459.18,7,46,0.05,37.38,0.31,13.67,0,39.8,44,25.79,29.89,8234,6901,1658,92,0,0,5,2.5,14.71,3.69,2273,Off
22.69,31.88,955.5,492.29,8,52,0.05,29.29,6.81,13.14,13,32.82,546,23.77,30.57,8169,6853,1617,72,0,0,5,2.5,14.71,3.69,2279,Off
22.31,31.89,951.72,525.34,10,66,0.07,25.93,-25.54,13.63,-44,38.87,722,22.91,31.68,8091,6802,1569,57,0,0,5,2.5,14.71,3.69,2284,Off
22.06,31.9,948.13,556.81,10,71,0.07,11.06,-18.31,13.73,-58,25.41,27,24.64,32.24,8073,6799,1535,48,0,0,5,2.5,14.71,3.69,2290,Off
21.75,31.92,944.72,586.86,10,71,0.07,24.31,3.89,11.42,9,27.14,115,25.06,31.47,7975,6737,1510,54,0,0,5,2.5,14.71,3.69,2295,Off
21.37,31.93,941.33,616.78,10,71,0.07,10.89,-6.81,13.23,-32,18.44,627,24.56,30.49,7809,6572,1476,65,0,0,5,2.5,14.71,3.69,2301,Off
21,31.94,938.13,645.11,9,61,0.06,38.43,-17.18,13.73,-24,44.28,207,25,30.53,7654,6429,1439,70,0,0,5,2.5,14.71,3.69,2306,Off
20.81,31.95,935.07,672.25,12,80,0.08,14.27,-14.64,11.54,-45,23.48,211,25.13,30.83,7478,6294,1404,70,0,0,5,2.5,14.71,3.69,2312,Off
20.5,31.96,932.21,697.67,11,79,0.08,-0.85,-13.56,18.25,-93,22.75,422,24.11,31.07,7275,6099,1368,67,0,0,5,2.5,14.71,3.69,2318,Off
20.25,31.97,929.45,722.32,10,71,0.07,14.58,-24.85,14.33,-59,32.18,347,24.59,31.06,7212,6046,1371,60,0,0,5,2.5,14.71,3.69,2323,Off
20.06,31.97,926.68,747.04,9,64,0.06,16.43,-15,11.46,-42,25.03,261,25.66,30.71,7235,6107,1404,61,0,0,5,2.5,14.71,3.69,2329,Off
19.75,31.98,923.88,772.14,6,39,0.04,-1.06,-13.56,17.97,-94,22.54,281,24.43,29.82,7092,6010,1395,65,0,0,5,2.5,14.71,3.69,2334,Off
19.5,31.99,920.98,798.19,5,33,0.03,35.5,3.89,13.23,6,38.08,442,25.07,30.78,7092,6019,1405,65,0,0,5,2.5,14.71,3.69,2340,Off
19.31,31.99,917.97,825.29,6,39,0.04,20.12,7.75,14.39,21,25.93,358,26.24,29.71,7263,6179,1444,74,0,0,5,2.5,14.71,3.69,2345,Off
19.19,31.99,914.97,852.38,5,35,0.04,21.14,17.06,17.14,38,32.12,414,26.82,28.88,7399,6272,1462,84,0,0,5,2.5,14.71,3.69,2351,Off
18.87,31.99,911.94,879.82,4,28,0.03,47.81,9.83,19.97,11,52.74,543,27.37,27.84,7444,6284,1482,96,0,0,5,2.5,14.71,3.69,2357,Off
18.62,31.99,908.9,907.42,10,71,0.07,33.56,9.27,14.75,15,37.81,621,27.37,27.35,7425,6260,1490,95,0,0,5,2.5,14.71,3.69,2362,Off
18.37,31.99,906.03,933.53,13,91,0.09,21.67,16.02,16.56,36,31.63,540,27.77,27.04,7421,6268,1514,82,0,0,5,2.5,14.71,3.69,2368,Off
18.12,31.98,903.36,957.89,13,89,0.09,46.27,-17.58,17.5,-20,52.5,414,28.04,26.68,7256,6131,1488,68,0,0,5,2.5,14.71,3.69,2373,Off
17.94,31.98,900.66,982.62,13,86,0.09,12.77,-21.14,13.98,-58,28.38,455,28.14,26.16,6836,5779,1399,56,0,0,5,2.5,14.71,3.69,2379,Off
17.69,31.97,897.98,1007.21,12,85,0.09,7.58,-5.92,13.46,-37,16.54,434,28.25,25.53,6589,5595,1320,48,0,0,5,2.5,14.71,3.69,2385,Off
17.5,31.97,895.27,1032.08,13,90,0.09,21.62,16.71,15.27,37,31.3,441,28.39,25.31,6272,5325,1223,42,0,0,5,2.5,14.71,3.69,2390,Off
17.25,31.96,892.51,1057.56,5,33,0.03,28.35,16.81,17.18,30,37.17,447,28.55,24.87,5984,5056,1161,45,0,0,5,2.5,14.71,3.69,2396,Off
17.12,31.95,889.74,1083.12,1,6,0.01,42.35,8.92,16.21,11,46.21,465,28.72,24.54,5737,4827,1112,53,0,0,5,2.5,14.71,3.69,2401,Off
16.87,31.94,886.96,1108.85,4,26,0.03,29.25,-27.56,15.35,-43,43.02,464,28.84,24.01,5586,4693,1095,57,0,0,5,2.5,14.71,3.69,2407,Off
16.69,31.93,884.15,1135.02,24,160,0.16,18.46,-23.6,13.73,-51,32.96,458,28.86,23.79,5490,4612,1090,55,0,0,5,2.5,14.71,3.69,2412,Off
16.44,31.92,881.27,1161.74,23,156,0.16,8.64,-1.21,13.14,-7,15.77,454,28.91,23.42,5366,4485,1087,47,0,0,5,2.5,14.71,3.69,2418,Off
16.31,31.9,878.32,1189.34,25,166,0.17,23.21,-1.17,12.29,-2,26.29,406,28.89,23.3,5343,4443,1108,52,0,0,5,2.5,14.71,3.69,2424,Off
16,31.89,875.28,1217.77,21,142,0.14,19.06,-17.35,11.77,-42,28.33,353,28.96,23.25,5415,4517,1116,56,0,0,5,2.5,14.71,3.69,2429,Off
15.75,31.88,872.17,1246.97,22,151,0.15,20.87,17.1,16.87,39,31.83,638,25.42,23.95,5413,4541,1083,48,0,0,5,2.5,14.71,3.69,2435,Off
15.5,31.86,869.09,1276.01,20,134,0.13,6.88,-32.6,21.04,-78,39.41,165,23.48,25.73,5394,4540,1063,38,0,0,5,2.5,14.71,3.69,2440,Off
15.13,31.85,865.98,1305.35,23,156,0.16,36.85,4.31,13.81,6,39.59,64,22.29,27.65,5442,4581,1081,38,0,0,5,2.5,14.71,3.69,2446,Off
15,31.84,862.86,1334.91,22,148,0.15,24.54,-1.35,11.85,-3,27.29,183,22.86,28.27,5504,4642,1087,48,0,0,5,2.5,14.71,3.69,2452,Off
14.75,31.83,859.76,1364.34,28,185,0.19,19.25,-13.88,11.63,-35,26.42,97,21.45,28.35,5530,4680,1086,60,0,0,5,2.5,14.71,3.69,2457,Off
14.5,31.82,856.65,1393.96,36,238,0.24,31.87,-5.68,11.5,-10,34.36,50,20.19,29.77,5568,4710,1098,64,0,0,5,2.5,14.71,3.69,2463,Off
14.31,31.81,853.56,1423.44,26,172,0.17,12.08,-33.46,19.93,-70,40.78,0,20.5,30.23,5714,4816,1118,52,0,0,5,2.5,14.71,3.69,2468,Off
14,31.79,850.45,1453.25,18,124,0.12,30.29,-30.58,16.68,-45,46.17,675,19.67,30.65,5601,4695,1096,50,0,0,5,2.5,14.71,3.69,2474,Off
13.88,31.78,847.34,1483.17,19,128,0.13,14.54,-16.46,12.48,-48,25.26,181,20.57,30.62,5487,4590,1091,62,0,0,5,2.5,14.71,3.69,2479,Off
13.75,31.76,844.27,1512.69,23,154,0.15,13.04,11.89,16.43,42,24.12,209,22.18,29.51,5533,4635,1108,70,0,0,5,2.5,14.71,3.69,2485,Off
13.63,31.74,841.23,1542.05,27,183,0.18,43.89,-8.39,14.96,-10,47.12,389,22.83,28.2,5502,4604,1114,76,0,0,5,2.5,14.71,3.69,2491,Off
13.38,31.72,838.17,1571.7,29,195,0.2,27.43,-19.39,12.25,-35,35.76,497,23.15,26.79,5482,4601,1139,82,0,0,5,2.5,14.71,3.69,2496,Off
13.25,31.71,835.11,1601.49,27,181,0.18,11.1,-9.18,13.31,-39,19.61,510,23.85,25.92,5436,4588,1151,86,0,0,5,2.5,14.71,3.69,2502,Off
13,31.69,832.04,1631.39,25,170,0.17,29.85,24.08,20.52,38,43.5,543,24.25,25.42,5319,4492,1119,74,0,0,5,2.5,14.71,3.69,2507,Off
12.81,31.66,828.9,1662.12,27,181,0.18,46.97,13.23,21.1,15,53.17,502,24.49,24.68,5310,4487,1090,56,0,0,5,2.5,14.71,3.69,2513,Off
12.63,31.63,825.77,1692.82,17,112,0.11,3.35,-28.81,20.33,-83,35.42,383,24.87,24.38,5323,4495,1083,47,0,0,5,2.5,14.71,3.69,2518,Off
12.31,31.61,822.68,1723.28,6,39,0.04,6.67,-14.31,13.81,-65,20.97,788,22.43,24.69,5312,4477,1077,41,0,0,5,2.5,14.71,3.69,2524,Off
12.13,31.59,819.6,1753.7,7,46,0.05,10.14,19.47,21,62,30.38,184,22.45,25.24,5330,4490,1070,43,0,0,5,2.5,14.71,3.69,2530,Off
11.94,31.57,816.52,1784.16,5,35,0.04,26.06,22.18,20.21,40,39.74,177,23.35,25.39,5241,4430,1070,54,0,0,5,2.5,14.71,3.69,2535,Off
11.75,31.54,813.47,1814.42,8,56,0.06,40.46,5.48,15.35,7,43.62,338,23.84,24.57,5060,4287,1055,53,0,0,5,2.5,14.71,3.69,2541,Off
11.44,31.52,810.47,1844.36,12,83,0.08,47.6,-10.56,17.31,-12,51.74,311,23.88,24.22,5081,4306,1063,47,0,0,5,2.5,14.71,3.69,2546,Off
11.25,31.49,807.39,1875.06,12,81,0.08,16.83,-11,11.5,-33,23.16,332,23.98,24.04,5231,4414,1093,46,0,0,5,2.5,14.71,3.69,2552,Off
11.13,31.46,804.33,1905.74,13,89,0.09,9.73,9.27,14.79,43,19.98,361,24.32,23.78,5260,4428,1120,44,0,0,5,2.5,14.71,3.69,2558,Off
10.81,31.45,801.31,1936.13,14,94,0.09,8.89,15.29,18.21,59,25.39,389,24.71,23.32,5223,4429,1161,65,0,0,5,2.5,14.71,3.69,2563,Off
10.69,31.43,798.34,1966.12,16,106,0.11,38.83,4.63,14.68,6,41.77,423,24.97,22.49,5218,4440,1177,85,0,0,5,2.5,14.71,3.69,2569,Off
10.5,31.39,795.36,1996.22,18,122,0.12,21.81,-19.29,11.98,-41,31.48,481,25.22,21.83,4841,4109,1080,70,0,0,5,2.5,14.71,3.69,2574,Off
10.38,31.36,792.43,2025.91,24,158,0.16,28.06,6.25,13.81,12,31.89,483,25.59,21.31,4007,3381,861,34,0,0,5,2.5,14.71,3.69,2580,Off
10.06,31.32,789.53,2055.4,31,205,0.21,43.46,-16.58,15.73,-20,49.1,409,23.63,20.72,3499,2942,717,21,0,0,5,2.5,14.71,3.69,2585,Off
9.88,31.29,786.55,2085.88,26,172,0.17,44,-22.47,17.35,-27,52.37,375,21.95,22.54,3045,2557,589,15,0,0,5,2.5,14.71,3.69,2591,On
9.5,31.26,783.56,2116.42,34,231,0.23,34.79,-32.47,17.18,-43,50.6,578,20.97,22.88,2745,2293,494,5,0,0,5,2.5,14.71,3.69,2597,On
9.19,31.22,780.54,2147.47,36,242,0.24,11.14,-30.18,18.79,-69,37.26,0,20.99,23.96,2529,2104,425,0,0,0,5,2.5,14.71,3.69,2602,On
8.88,31.19,777.53,2178.5,32,213,0.21,53.27,0.1,25.58,0,59.09,515,18.87,24.3,2339,1925,401,0,0,0,5,2.5,14.71,3.69,2608,On
8.63,31.16,774.52,2209.57,32,213,0.21,28.75,-9.31,14.56,-17,33.54,630,18.19,24.73,2208,1803,396,0,0,0,5,2.5,14.71,3.69,2613,On
8.44,31.13,771.52,2240.67,33,222,0.22,15.85,11.64,23.93,36,30.98,0,15.97,24.63,1980,1617,361,0,0,0,5,2.5,14.71,3.69,2619,On
8.31,31.1,768.54,2271.64,34,229,0.23,33.92,3.71,18.96,6,39.03,0,18.59,25.69,1846,1514,339,0,0,0,5,2.5,14.71,3.69,2625,On
8.13,31.06,765.56,2302.7,31,206,0.21,33.56,-28.37,16.39,-40,46.9,236,20.15,24.37,1799,1478,334,0,0,0,5,2.5,14.71,3.69,2630,On
7.88,31.02,762.6,2333.7,30,200,0.2,44.39,-7.33,17.77,-9,48.37,766,18.67,23.29,1875,1533,358,0,0,0,5,2.5,14.71,3.69,2636,On
7.69,30.99,759.63,2364.84,32,211,0.21,35.18,-36.35,18.64,-45,53.91,0,19.57,23.58,2038,1662,388,0,0,0,5,2.5,14.71,3.69,2641,On
7.38,30.96,756.68,2395.92,27,178,0.18,2.64,-13.48,20.56,-78,24.72,0,16.77,24.35,2261,1846,412,0,0,0,5,2.5,14.71,3.69,2647,On
7.06,30.93,753.74,2426.98,22,145,0.15,15.06,-45.85,25.31,-71,54.49,195,15.83,25.39,2564,2105,457,2,0,0,5,2.5,14.71,3.69,2652,On
6.81,30.9,750.76,2458.58,16,106,0.11,14.58,-38.93,20.96,-69,46.56,611,16.31,26.49,2781,2308,496,1,0,0,5,2.5,14.71,3.69,2658,On
6.63,30.87,747.78,2490.28,19,128,0.13,34.04,-7.02,15.31,-11,37.98,68,17.01,26.73,3009,2517,559,8,0,0,5,2.5,14.71,3.69,2664,On
6.44,30.84,744.96,2520.33,19,130,0.13,41.75,9.04,24.06,12,49.03,186,16.62,27.2,3262,2740,624,20,0,0,5,2.5,14.71,3.69,2669,On
6.31,30.8,742.07,2551.3,21,142,0.14,23.6,-7.17,14.92,-16,28.82,207,17.94,26.84,3625,3055,715,30,0,0,5,2.5,14.71,3.69,2675,On
6.19,30.77,739.21,2581.88,25,168,0.17,38.43,-4.02,17.77,-5,42.53,561,17.25,23.77,4552,3873,981,57,0,0,5,2.5,14.71,3.69,2680,On
6.19,30.74,736.3,2613.26,27,181,0.18,33.72,8.63,22.29,14,41.34,399,17.93,21.71,6917,5979,1762,140,0,0,5,2.5,14.71,3.69,2686,On
6.31,30.7,733.34,2645.18,25,170,0.17,23.43,-2.64,15.81,-6,28.39,530,18.87,20.77,8751,7616,2462,254,0,0,5,2.5,14.71,3.69,2692,On
6.25,30.67,730.4,2677.12,26,174,0.17,28.14,-33.13,16.68,-49,46.56,519,18.31,19.2,9703,8463,2878,351,0,0,5,2.5,14.71,3.69,2697,On
6.19,30.64,727.5,2708.58,24,158,0.16,51.96,-12.14,21.42,-13,57.5,380,19.08,19.04,9895,8620,2996,392,0,0,5,2.5,14.71,3.69,2703,On
6.19,30.6,724.57,2740.54,24,158,0.16,36.93,-8.06,16.39,-12,41.2,474,19.9,18.38,9836,8567,3030,425,0,0,5,2.5,14.71,3.69,2708,On
6.19,30.57,721.67,2772.32,23,152,0.15,33.29,-26.1,15.58,-38,45.08,273,19.38,17.73,9741,8484,3058,469,0,0,5,2.5,14.71,3.69,2714,On
6.19,30.53,718.72,2804.71,32,213,0.21,5.08,10.6,27.39,64,29.81,210,17.65,17.34,9144,7939,2790,411,0,0,5,2.5,14.71,3.69,2719,On
6.19,30.5,715.77,2837.15,25,170,0.17,20.87,-10.33,15.5,-26,27.98,381,15.31,15.81,8980,7778,2554,320,0,0,5,2.5,14.71,3.69,2725,On
6.19,30.47,712.79,2870.07,25,166,0.17,23.35,-9.23,15.23,-21,29.36,555,14.77,15.06,8182,7079,2256,266,0,0,5,2.5,14.71,3.69,2731,On
6.25,30.43,709.79,2903.33,26,172,0.17,30,-12.98,14.68,-23,35.83,307,15.49,15.39,5872,5067,1582,170,0,0,5,2.5,14.71,3.69,2736,On
6.25,30.39,706.78,2936.85,26,177,0.18,41.79,-16.62,16.52,-21,47.91,231,14.6,16.54,4205,3619,1114,105,0,0,5,2.5,14.71,3.69,2742,On
6.19,30.36,703.77,2970.38,25,166,0.17,35.58,-7.63,16.33,-12,39.89,355,15.28,18.16,2750,2358,711,45,0,0,5,2.5,14.71,3.69,2747,On
6.13,30.33,700.77,3004.05,25,170,0.17,21.93,-24.77,14.79,-48,36.24,131,15.93,19,1909,1627,479,10,0,0,5,2.5,14.71,3.69,2753,On
6.06,30.3,697.74,3038.09,25,168,0.17,22.25,10.98,22.75,26,33.66,0,15.25,19.89,1216,1033,285,0,0,0,5,2.5,14.71,3.69,2759,On
6.06,30.27,694.71,3072.29,38,251,0.25,41.67,-20.12,16.75,-25,49.21,873,13.23,19.91,849,718,177,0,0,0,5,2.5,14.71,3.69,2764,On
5.94,30.23,691.66,3106.8,49,324,0.32,46.14,-22.02,18.83,-25,54.48,885,13.73,20.36,635,528,108,0,0,0,5,2.5,14.71,3.69,2770,On
5.94,30.2,688.61,3141.51,45,298,0.3,14.58,-23.08,16.68,-57,32,473,13.9,19.76,505,418,65,0,0,0,5,2.5,14.71,3.69,2775,On
6,30.17,685.55,3176.4,53,356,0.36,49.67,-5.92,20.92,-6,54.22,55,14.32,19.68,325,267,15,0,0,0,5,2.5,14.71,3.69,2781,On
5.81,30.14,682.51,3211.17,47,313,0.31,37,-1.31,18.29,-2,41.3,351,13.55,19.09,232,190,1,0,0,0,5,2.5,14.71,3.69,2786,On
5.88,30.1,679.46,3246.15,43,284,0.28,2.6,-4.02,22.17,-57,22.68,0,15.01,19.3,151,125,0,0,0,0,5,2.5,14.71,3.69,2792,On
5.94,30.06,676.46,3280.8,38,254,0.25,44.29,-12.46,17.31,-15,49.16,257,16.24,18.45,96,76,0,0,0,0,5,2.5,14.71,3.69,2798,On
5.88,30.03,673.47,3315.33,38,257,0.26,46.42,-20.37,18.47,-23,53.95,372,15.52,17.36,73,54,0,0,0,0,5,2.5,14.71,3.69,2803,On
5.81,29.99,670.46,3350.32,39,260,0.26,25.62,-2.5,16.52,-5,30.59,342,15.31,16.85,42,28,0,0,0,0,5,2.5,14.71,3.69,2809,On
5.63,29.96,667.47,3385.16,39,263,0.26,6.83,9.6,26.06,54,28.6,854,13.49,16.47,15,7,0,0,0,0,5,2.5,14.71,3.69,2814,On
5.56,29.93,664.46,3420.41,40,265,0.27,41.27,-3.83,18.43,-5,45.36,305,13.84,16.74,1,0,0,0,0,0,5,2.5,14.71,3.69,2820,On
5.44,29.9,661.46,3455.52,43,284,0.28,31.79,-25.14,15,-38,43.22,49,15.52,17.45,0,0,0,0,0,0,5,2.5,14.71,3.69,2825,On
5.44,29.86,658.48,3490.71,42,278,0.28,39.77,-6.29,16.96,-8,43.69,221,16.26,17.17,0,0,0,0,0,0,5,2.5,14.71,3.69,2831,On
5.25,29.82,655.6,3524.71,44,291,0.29,41.56,-22.52,16.96,-28,50.22,325,17,16.73,0,0,0,0,0,0,5,2.5,14.71,3.69,2837,On
5.19,29.79,652.72,3558.87,40,267,0.27,35.18,-14.88,14.88,-22,40.99,0,17.35,16.34,0,0,0,0,0,0,5,2.5,14.71,3.69,2842,On
5.06,29.75,649.93,3592.12,40,270,0.27,7.18,1.48,21.1,11,22.34,394,14.94,15.74,0,0,0,0,0,0,5,2.5,14.71,3.69,2848,On
5,29.72,647.13,3625.61,34,225,0.23,1.37,13.06,33.75,83,36.21,721,14.94,15.93,4,0,0,0,0,0,5,2.5,14.71,3.69,2853,On
4.75,29.69,644.34,3659.08,36,244,0.24,7.63,-14.68,17.62,-62,24.17,400,13.8,15.45,4,0,0,0,0,0,5,2.5,14.71,3.69,2859,On
4.63,29.65,641.59,3692.17,37,249,0.25,41.43,-15.81,16.52,-20,47.32,147,14.95,15.66,0,0,0,0,0,0,5,2.5,14.71,3.69,2865,On
4.38,29.62,638.84,3725.28,34,229,0.23,17,-3.83,17.46,-12,24.67,540,14.47,15.51,1,0,0,0,0,0,5,2.5,14.71,3.69,2870,On
4.19,29.58,636.07,3758.96,34,227,0.23,7.27,-22.71,17.93,-72,29.83,370,15.05,15.14,3,0,0,0,0,0,5,2.5,14.71,3.69,2876,On
3.94,29.54,633.25,3793.24,32,213,0.21,21.5,3.38,19,8,28.89,550,13.25,14.77,1,0,0,0,0,0,5,2.5,14.71,3.69,2881,On
3.81,29.5,630.45,3827.32,39,258,0.26,34.08,5.56,20.21,9,40.01,217,15.04,15.19,0,0,0,0,0,0,5,2.5,14.71,3.69,2887,On
3.75,29.46,627.69,3861.22,40,264,0.26,17.75,-32,17.27,-60,40.46,235,15.69,15.03,0,0,0,0,0,0,5,2.5,14.71,3.69,2892,On
3.5,29.42,624.97,3894.64,37,245,0.25,5.17,-9.52,19.81,-61,22.58,322,16.32,14.51,0,0,0,0,0,0,5,2.5,14.71,3.69,2898,On
3.44,29.39,622.28,3927.72,32,213,0.21,10.27,-21.42,17.71,-64,29.63,357,16.88,14.07,5,2,0,0,0,0,5,2.5,14.71,3.69,2904,On
3.25,29.34,619.68,3959.98,32,213,0.21,32.72,-23.92,14.92,-36,43.19,475,15.56,13.77,12,4,0,0,0,0,5,2.5,14.71,3.69,2909,On
3,29.31,617.13,3991.57,37,249,0.25,50.18,-5.23,21.58,-5,54.88,68,16.15,13.73,7,1,0,0,0,0,5,2.5,14.71,3.69,2915,On
2.75,29.28,614.66,4022.43,44,294,0.29,34.67,-0.47,17.67,0,38.91,154,16.6,13.73,3,0,0,0,0,0,5,2.5,14.71,3.69,2920,On
2.56,29.25,612.16,4053.67,48,320,0.32,13.35,-20.42,16.56,-56,29.48,459,17.26,13.59,8,0,0,0,0,0,5,2.5,14.71,3.69,2926,On
2.31,29.21,609.67,4084.91,47,316,0.32,9.83,-35.47,21.04,-74,42.4,389,17.25,13.21,19,3,0,0,0,0,5,2.5,14.71,3.69,2932,On
2.19,29.19,607.17,4116.38,45,299,0.3,8.14,3.75,21.42,24,23.22,384,17.69,13.01,43,9,0,0,0,0,5,2.5,14.71,3.69,2937,On
2.06,29.16,604.7,4147.55,45,304,0.3,35.06,-9.39,16.64,-14,39.93,182,18.05,12.8,49,6,0,0,0,0,5,2.5,14.71,3.69,2943,On
1.81,29.12,602.22,4178.96,41,271,0.27,31.31,-2.85,16.75,-5,35.62,344,17.32,12.57,42,0,0,0,0,0,5,2.5,14.71,3.69,2948,On
1.56,29.08,599.79,4209.83,39,258,0.26,29.42,-14.68,14.52,-26,35.94,658,14.95,11.02,26,0,0,0,0,0,5,2.5,14.71,3.69,2954,On
1.44,29.04,597.28,4241.76,39,258,0.26,-0.42,-32.56,24.87,-90,40.98,0,15.59,10.38,12,0,0,0,0,0,5,2.5,14.71,3.69,2959,On
1.31,29,594.84,4273.06,34,231,0.23,12.88,-1.73,18.02,-7,22.21,0,14.73,10.03,5,0,0,0,0,0,5,2.5,14.71,3.69,2965,On
1.19,28.97,592.42,4304.09,30,199,0.2,42.54,-27.72,17.67,-33,53.76,607,12.18,9.63,0,0,0,0,0,0,5,2.5,14.71,3.69,2971,On
1,28.93,589.98,4335.57,25,166,0.17,20.83,3.79,19.71,10,28.93,482,9.45,9.33,0,0,0,0,0,0,5,2.5,14.71,3.69,2976,On
0.88,28.9,587.51,4367.48,23,152,0.15,14.42,-14.23,16.02,-44,25.82,0,11.06,9.8,0,0,0,0,0,0,5,2.5,14.71,3.69,2982,On
0.69,28.86,585.01,4399.81,29,195,0.2,36.1,-32.89,17.31,-42,51.81,377,10.32,10.03,0,0,0,0,0,0,5,2.5,14.71,3.69,2987,On
0.5,28.82,582.54,4431.99,31,205,0.21,-5.38,-8.58,27.71,-122,29.5,588,8.93,9.93,0,0,0,0,0,0,5,2.5,14.71,3.69,2993,On
0.37,28.79,580.05,4464.52,34,227,0.23,10.08,-24.21,17.67,-67,31.62,588,8.93,9.93,0,0,0,0,0,0,5,2.5,14.71,3.69,2999,On
0.19,28.75,577.57,4497.03,32,213,0.21,0.67,-22.87,22.83,-88,32.33,588,8.93,9.93,0,0,0,0,0,0,5,2.5,14.71,3.69,3004,On
0,28.71,575.06,4530.02,39,258,0.26,7.27,-9.71,19.1,-53,22.62,588,8.93,9.93,0,0,0,0,0,0,5,2.5,14.71,3.69,3010,On
-0.12,28.68,572.62,4562.12,41,271,0.27,26.47,12.63,25.81,25,39.07,588,8.93,9.93,0,0,0,0,0,0,5,2.5,14.71,3.69,3015,On
-0.31,28.64,570.19,4594.39,43,284,0.28,10.54,-11.33,17.81,-47,23.59,588,8.93,9.93,0,0,0,0,0,0,5,2.5,14.71,3.69,3021,On
-0.5,28.6,567.71,4627.32,45,303,0.3,24.75,-35.35,17.31,-55,46.49,588,8.93,9.93,0,0,0,0,0,0,5,2.5,14.71,3.69,3026,On
-0.69,28.57,565.27,4659.87,47,313,0.31,3.08,-4.23,21.97,-53,22.59,0,8.67,10.02,0,0,0,0,0,0,5,2.5,14.71,3.69,3032,On
-0.94,28.53,562.84,4692.33,43,285,0.29,24.39,-33.29,16.6,-53,44.48,0,10.07,10.77,8,4,1,0,0,0,5,2.5,14.71,3.69,3038,On
-1.19,28.49,560.39,4725.2,49,325,0.33,49.54,-16.62,19.67,-18,55.83,0,10.07,10.77,9,4,1,0,0,0,5,2.5,14.71,3.69,3043,On
-1.44,28.46,557.92,4758.49,48,320,0.32,12.48,-0.88,20.6,-4,24.1,2509,8.69,10.55,1,0,0,0,0,0,5,2.5,14.71,3.69,3049,On
-1.56,28.42,555.55,4790.59,48,324,0.32,40.17,-19.85,16.47,-26,47.74,206,10.97,11.09,0,0,0,0,0,0,5,2.5,14.71,3.69,3054,On
-1.81,28.38,553.11,4823.71,50,334,0.33,15.93,-46.64,25.31,-71,55.41,650,11.38,10.86,0,0,0,0,0,0,5,2.5,14.71,3.69,3060,On
-2.19,28.34,550.6,4857.84,47,317,0.32,18.42,7.13,21.46,21,29.16,586,11.04,10.15,0,0,0,0,0,0,5,2.5,14.71,3.69,3065,On
-2.44,28.3,548.15,4891.31,44,291,0.29,42.06,-5.92,17.97,-8,46.12,523,9.86,9.6,14,3,0,0,0,0,5,2.5,14.71,3.69,3071,On
-2.69,28.25,545.69,4925,38,251,0.25,22.37,-36.92,18.08,-58,46.8,470,8.08,9.54,107,52,0,0,0,0,5,2.5,14.71,3.69,3077,On
-2.94,28.21,543.24,4958.76,41,271,0.27,39.77,-29.97,17.58,-37,52.81,0,9.07,9.51,301,174,0,0,0,0,5,2.5,14.71,3.69,3082,On
-3.31,28.18,540.87,4991.59,42,284,0.28,5.64,-14.21,18.87,-68,24.29,608,6.44,9.25,789,501,0,0,0,0,5,2.5,14.71,3.69,3088,On
-3.56,28.14,538.46,5024.93,55,370,0.37,-1.02,-26.27,23.58,-92,35.31,1047,5.06,9.11,3092,2010,0,0,0,0,5,2.5,14.71,3.69,3093,On
-3.75,28.1,536.09,5057.99,55,367,0.37,26.21,-39.83,19,-56,51.33,278,5.8,9.29,5680,3573,0,0,0,0,5,2.5,14.71,3.69,3099,On
-4,28.07,533.74,5090.76,52,345,0.35,-1.46,-21.27,22.25,-93,30.81,275,4.82,9.29,6771,4001,0,0,0,0,5,2.5,14.71,3.69,3105,On
-4.25,28.03,531.48,5122.36,49,329,0.33,17.97,-34.83,18.52,-62,43.35,275,4.82,9.29,6395,3546,0,0,0,0,5,2.5,14.71,3.69,3110,On
-4.44,27.99,529.16,5155.04,48,324,0.32,44.52,-16.25,17.85,-20,50.64,275,4.82,9.29,4700,2513,0,0,0,0,5,2.5,14.71,3.69,3116,On
-4.63,27.96,526.81,5188.28,47,312,0.31,6.04,-30.27,20.64,-78,37.13,275,4.82,9.29,3256,1725,0,0,0,0,5,2.5,14.71,3.69,3121,On
-4.88,27.92,524.44,5221.73,50,336,0.34,34.88,-28.43,16.08,-39,47.78,275,4.82,9.29,2090,1091,0,0,0,0,5,2.5,14.71,3.69,3127,On
-5.13,27.88,522.11,5254.87,36,238,0.24,28.18,2.64,18.47,5,33.8,275,4.82,9.29,1436,738,0,0,0,0,5,2.5,14.71,3.69,3132,On
-5.38,27.84,519.8,5287.88,33,218,0.22,33.77,2,19.14,3,38.87,275,4.82,9.29,907,453,0,0,0,0,5,2.5,14.71,3.69,3138,On
-5.63,27.8,517.42,5321.93,52,344,0.34,30,-37.52,17.67,-51,51.18,275,4.82,9.29,614,295,0,0,0,0,5,2.5,14.71,3.69,3144,On
-5.88,27.76,515.02,5356.44,67,445,0.45,16.43,-35.63,18.56,-65,43.4,275,4.82,9.29,372,170,0,0,0,0,5,2.5,14.71,3.69,3149,On
-6,27.72,512.63,5390.89,64,427,0.43,15.93,-3.71,18.43,-13,24.65,275,4.82,9.29,260,116,0,0,0,0,5,2.5,14.71,3.69,3155,On
-6.25,27.68,510.33,5424.22,69,463,0.46,22.93,3.63,18.92,8,29.95,0,3.44,9.07,145,56,0,0,0,0,5,2.5,14.71,3.69,3160,On
-6.44,27.64,508,5458.09,72,478,0.48,30,-32.81,16.96,-47,47.58,68,2.92,9.69,86,17,0,0,0,0,5,2.5,14.71,3.69,3166,On
-6.75,27.6,505.7,5491.68,69,462,0.46,38,-40.04,20.43,-46,58.86,68,2.92,9.69,96,3,0,0,0,0,5,2.5,14.71,3.69,3171,On
-7,27.56,503.42,5525.01,70,466,0.47,30.87,-23.39,14.96,-37,41.52,68,2.92,9.69,189,11,0,0,0,0,5,2.5,14.71,3.69,3177,On
-7.19,27.52,501.14,5558.62,67,448,0.45,26.92,-13.56,14.43,-26,33.42,111,3.17,9,216,8,0,0,0,0,5,2.5,14.71,3.69,3183,On
-7.44,27.48,498.81,5592.91,68,452,0.45,0.58,-6.6,22.83,-84,23.78,193,4.45,9.07,144,0,0,0,0,0,5,2.5,14.71,3.69,3188,On
-7.56,27.44,496.53,5626.61,58,384,0.38,35.89,-29.46,16.47,-39,49.27,343,4.79,9,85,0,0,0,0,0,5,2.5,14.71,3.69,3194,On
-7.81,27.4,494.26,5660.37,63,417,0.42,20.92,7.17,19.77,18,29.66,321,6.24,9,32,0,0,0,0,0,5,2.5,14.71,3.69,3199,On
-8,27.35,491.98,5694.37,71,470,0.47,10.63,3.14,21.35,16,24.05,134,7.04,9.03,7,0,0,0,0,0,5,2.5,14.71,3.69,3205,On
-8.19,27.31,489.71,5728.34,64,426,0.43,30.79,-32.08,16.12,-46,47.3,382,6.48,8.45,0,0,0,0,0,0,5,2.5,14.71,3.69,3211,On
-8.56,27.27,487.48,5761.97,58,384,0.38,14,8.02,23.22,29,28.28,479,6.55,8.36,0,0,0,0,0,0,5,2.5,14.71,3.69,3216,On
-8.88,27.23,485.2,5796.33,60,403,0.4,30.87,-36.04,17.77,-49,50.67,379,7.63,8.42,0,0,0,0,0,0,5,2.5,14.71,3.69,3222,On
-9.13,27.18,482.88,5831.39,61,406,0.41,12.64,-18.87,16.33,-56,27.98,253,9.07,8.31,0,0,0,0,0,0,5,2.5,14.71,3.69,3227,On
-9.31,27.13,480.64,5865.54,63,417,0.42,45.97,-11.33,18.92,-13,50.99,520,6.48,7.87,0,0,0,0,0,0,5,2.5,14.71,3.69,3233,On
-9.63,27.09,478.38,5899.96,59,395,0.4,26.29,-9.39,15.54,-19,31.95,928,3.89,7.36,2,0,0,0,0,0,5,2.5,14.71,3.69,3239,On
-10,27.04,476.08,5935.26,57,384,0.38,0.37,-13.31,21.77,-88,25.52,0,3.88,7.3,8,0,0,0,0,0,5,2.5,14.71,3.69,3244,On
-10.13,26.99,473.79,5970.48,59,394,0.39,10.35,-37.08,21,-74,43.86,0,5.7,7.81,6,0,0,0,0,0,5,2.5,14.71,3.69,3250,On
-10.44,26.94,471.54,6005.17,89,589,0.59,44.29,-21.67,17.89,-26,52.45,717,3.88,7.61,0,0,0,0,0,0,5,2.5,14.71,3.69,3255,On
-10.81,26.9,469.31,6039.71,114,754,0.75,-5.43,-15.13,25.5,-109,30.14,511,1.98,7.34,0,0,0,0,0,0,5,2.5,14.71,3.69,3261,On
-11.19,26.85,467.03,6075.2,99,655,0.66,42.93,-25.1,17.77,-30,52.81,406,1.25,7.4,0,0,0,0,0,0,5,2.5,14.71,3.69,3266,On
-11.44,26.8,464.77,6110.48,112,746,0.75,26.64,-36.92,18.02,-54,48.96,0,2.41,7.78,0,0,0,0,0,0,5,2.5,14.71,3.69,3272,On
-11.88,26.76,462.52,6145.69,96,640,0.64,17.58,-42.46,21.22,-67,50.62,27,1.46,7.78,0,0,0,0,0,0,5,2.5,14.71,3.69,3278,On
-12.25,26.71,460.27,6181.11,91,604,0.6,25.81,-6.17,15.23,-13,30.59,165,-0.22,7.74,0,0,0,0,0,0,5,2.5,14.71,3.69,3283,On
-12.5,26.67,458.01,6216.94,84,558,0.56,3.71,-34.5,22.83,-83,41.54,183,-0.25,7.84,0,0,0,0,0,0,5,2.5,14.71,3.69,3289,On
-12.69,26.62,455.73,6253.02,83,551,0.55,17.75,-37.38,19.04,-64,45.55,112,-0.25,7.93,0,0,0,0,0,0,5,2.5,14.71,3.69,3294,On
-12.88,26.57,453.58,6287.3,87,576,0.58,14.31,-27.96,17.1,-62,35.76,0,1.91,8.48,0,0,0,0,0,0,5,2.5,14.71,3.69,3300,On
-13.06,26.52,451.45,6321.37,93,618,0.62,27.71,-16.17,14.25,-30,35.1,62,3.38,8.85,0,0,0,0,0,0,5,2.5,14.71,3.69,3306,On
-13.38,26.48,449.33,6355.34,88,588,0.59,40.13,-37,19.81,-42,58.06,285,3.99,8.48,0,0,0,0,0,0,5,2.5,14.71,3.69,3311,On
-13.75,26.43,447.2,6389.69,77,509,0.51,27.87,-28.47,15.46,-45,42.74,223,4.75,8.35,0,0,0,0,0,0,5,2.5,14.71,3.69,3317,On
-14,26.39,445.05,6424.53,71,470,0.47,22.1,7.98,21.62,19,31.93,352,5.17,8.13,0,0,0,0,0,0,5,2.5,14.71,3.69,3322,On
-14.31,26.34,442.88,6459.76,67,443,0.44,42.1,-14.04,16.75,-18,47.44,452,5.02,7.9,0,0,0,0,0,0,5,2.5,14.71,3.69,3328,On
-14.56,26.29,440.7,6495.31,64,426,0.43,7.71,-3.33,19.46,-23,21.19,483,4.48,7.63,0,0,0,0,0,0,5,2.5,14.71,3.69,3334,On
-14.94,26.24,438.51,6531.08,64,426,0.43,6.52,-37.13,23.14,-80,44.23,288,4.76,7.59,0,0,0,0,0,0,5,2.5,14.71,3.69,3339,On
-15.31,26.19,436.33,6567.02,75,497,0.5,17.97,-6.81,16.43,-20,25.29,279,3.99,7.22,1,0,0,0,0,0,5,2.5,14.71,3.69,3345,On
-15.56,26.14,434.18,6602.45,82,548,0.55,-4.1,-39.35,30.6,-95,50.02,152,5.22,7.4,0,0,0,0,0,0,5,2.5,14.71,3.69,3350,On
-15.88,26.08,431.99,6638.68,83,551,0.55,16.92,-42.42,21.27,-68,50.37,109,5.97,7.46,0,0,0,0,0,0,5,2.5,14.71,3.69,3356,On
-16.25,26.03,429.79,6675.36,84,560,0.56,15.1,2.17,20.25,8,25.35,439,5.09,7.24,0,0,0,0,0,0,5,2.5,14.71,3.69,3361,On
-16.5,25.98,427.59,6712.06,87,582,0.58,16.04,-40.39,21.18,-68,48.35,748,4.14,7.18,0,0,0,0,0,0,5,2.5,14.71,3.69,3367,On
-16.81,25.93,425.35,6749.61,90,601,0.6,34.39,-6.89,16.47,-11,38.75,77,5.03,7.21,0,0,0,0,0,0,5,2.5,14.71,3.69,3373,On
-17.12,25.87,423.14,6786.91,74,490,0.49,-2.68,-8.42,23.89,-107,25.47,313,4.52,7.17,0,0,0,0,0,0,5,2.5,14.71,3.69,3378,On
-17.37,25.82,421.04,6822.41,91,602,0.6,23.35,-12.29,15.54,-27,30.62,208,4.18,6.75,0,0,0,0,0,0,5,2.5,14.71,3.69,3384,On
-17.69,25.76,418.9,6858.81,106,701,0.7,8.29,-33.21,20.21,-75,39.75,343,3.51,6.73,0,0,0,0,0,0,5,2.5,14.71,3.69,3389,On
-18.12,25.71,416.76,6895.39,128,853,0.85,29.54,-42.77,21.14,-55,56.11,730,2.01,6.94,0,0,0,0,0,0,5,2.5,14.71,3.69,3395,On
-18.44,25.65,414.61,6932.13,122,810,0.81,24.35,11.46,24.33,25,36.28,0,3.58,7.07,0,0,0,0,0,0,5,2.5,14.71,3.69,3401,On
-18.69,25.6,412.45,6969.39,112,746,0.75,3.23,-4.35,21.46,-53,22.13,97,4.06,7.26,0,0,0,0,0,0,5,2.5,14.71,3.69,3406,On
-19,25.54,410.33,7005.94,102,680,0.68,17.54,1.64,20.43,5,26.98,211,5,7.33,0,0,0,0,0,0,5,2.5,14.71,3.69,3412,On
-19.31,25.49,408.2,7042.85,111,737,0.74,27.67,-9.6,15.18,-19,32.99,376,1.15,6.84,0,0,0,0,0,0,5,2.5,14.71,3.69,3417,On
-19.69,25.44,406.08,7079.8,110,734,0.73,19.42,7.58,22.17,21,30.43,564,-1.57,6.23,0,0,0,0,0,0,5,2.5,14.71,3.69,3423,On
-20.06,25.38,403.95,7117.13,106,703,0.7,38.67,-19.85,16.12,-27,46.36,0,-2.41,6.07,0,0,0,0,0,0,5,2.5,14.71,3.69,3429,On
-20.44,25.33,401.85,7153.95,102,677,0.68,0.1,-28.42,23.22,-89,36.7,0,-2.41,6.07,5,0,0,0,0,0,5,2.5,14.71,3.69,3434,On
-20.81,25.28,399.73,7191.43,113,748,0.75,21.18,-26.39,15.58,-51,37.26,0,-2.41,6.07,6,0,0,0,0,0,5,2.5,14.71,3.69,3440,On
-21.12,25.22,397.61,7228.91,121,801,0.8,25.54,4.48,21.62,9,33.76,0,-2.41,6.07,0,0,0,0,0,0,5,2.5,14.71,3.69,3445,On
-21.44,25.17,395.55,7265.65,123,814,0.81,33.52,-29.08,16.12,-40,47.21,0,-2.41,6.07,0,0,0,0,0,0,5,2.5,14.71,3.69,3451,On
-21.69,25.11,393.45,7303.07,115,765,0.77,22.18,3.98,20.6,10,30.53,0,-2.41,6.07,1,1,0,0,0,0,5,2.5,14.71,3.69,3456,On
-21.87,25.06,391.33,7341.15,116,768,0.77,26.29,4.58,21.27,9,34.13,0,-2.41,6.07,1,1,0,0,0,0,5,2.5,14.71,3.69,3462,On
-22.06,25.01,389.18,7379.96,116,770,0.77,18.06,-1.81,17.89,-5,25.48,0,-2.41,6.07,6,0,0,0,0,0,5,2.5,14.71,3.69,3468,On
-22.19,24.96,387.18,7416.04,116,772,0.77,38,-6.93,17.81,-10,42.53,0,-2.41,6.07,7,0,0,0,0,0,5,2.5,14.71,3.69,3473,On
-22.31,24.91,385.2,7452.06,126,836,0.84,10.75,-21.5,17.27,-63,29.6,0,-2.41,6.07,1,0,0,0,0,0,5,2.5,14.71,3.69,3479,On
-22.37,24.86,383.23,7488.08,131,869,0.87,-0.18,-33.64,24.72,-90,41.75,0,-2.41,6.07,0,0,0,0,0,0,5,2.5,14.71,3.69,3484,On
-22.69,24.8,381.27,7524.06,131,867,0.87,15.96,-37.46,19.35,-66,45.08,0,-2.41,6.07,0,0,0,0,0,0,5,2.5,14.71,3.69,3490,On
-22.94,24.75,379.38,7558.9,138,918,0.92,30.87,-26.54,15.5,-40,43.57,0,-2.41,6.07,0,0,0,0,0,0,5,2.5,14.71,3.69,3496,On
-23.12,24.69,377.46,7594.24,124,821,0.82,-7.06,-9.71,27.5,-126,30.01,0,-2.41,6.07,0,0,0,0,0,0,5,2.5,14.71,3.69,3501,On
-23.31,24.64,375.54,7629.94,124,821,0.82,9.52,-35.06,20.64,-74,41.78,0,-2.41,6.07,5,0,0,0,0,0,5,2.5,14.71,3.69,3507,On
-23.56,24.59,373.6,7666.07,135,894,0.89,4.89,-4.39,20.37,-41,21.41,0,-2.41,6.07,102,31,0,0,0,0,5,2.5,14.71,3.69,3512,On
-23.75,24.54,371.62,7703.05,142,942,0.94,40.06,-23.21,16.96,-30,49.3,0,-2.41,6.07,650,323,0,0,0,0,5,2.5,14.71,3.69,3518,On
-23.87,24.48,369.65,7740.21,131,868,0.87,10.58,-26.92,17.18,-68,33.64,40000,-10.02,5.78,2381,1343,0,0,0,0,5,2.5,14.71,3.69,3524,On
-24.19,24.43,367.65,7777.92,125,829,0.83,49.71,-10.68,21.58,-12,55.23,179,-3.25,6.84,3089,1771,0,0,0,0,5,2.5,14.71,3.69,3529,On
-24.31,24.37,365.66,7815.66,133,883,0.88,20.43,-32.29,16.92,-57,41.79,346,-2.11,7.13,2517,1448,0,0,0,0,5,2.5,14.71,3.69,3535,On
-24.5,24.31,363.68,7853.33,142,942,0.94,-0.63,1.56,26.83,111,26.89,306,-0.98,7.3,1764,1000,0,0,0,0,5,2.5,14.71,3.69,3540,On
-24.81,24.26,361.66,7891.98,149,986,0.99,48.08,-24.97,19.93,-27,57.73,342,-2.44,7.06,1212,671,0,0,0,0,5,2.5,14.71,3.69,3546,On
-25,24.2,359.63,7930.97,142,945,0.95,-8.96,-26.79,30.21,-108,41.36,236,-3.03,6.8,764,407,0,0,0,0,5,2.5,14.71,3.69,3551,On
-25.37,24.14,357.62,7969.76,141,936,0.94,38.39,-35.63,18.64,-42,55.59,603,-6.11,6.43,510,266,0,0,0,0,5,2.5,14.71,3.69,3557,On
-25.62,24.08,355.58,8009.47,132,874,0.87,33.33,-36.04,18.12,-47,52.33,533,-7.4,6.07,306,155,0,0,0,0,5,2.5,14.71,3.69,3563,On
-26,24.02,353.54,8049.14,129,854,0.85,37.25,-31.39,17.71,-40,51.83,23,-6.25,6.11,193,95,0,0,0,0,5,2.5,14.71,3.69,3568,On
-26.19,23.96,351.55,8088.14,130,860,0.86,23.35,-5.88,15.85,-14,28.83,0,-4.46,6.45,106,37,0,0,0,0,5,2.5,14.71,3.69,3574,On
-26.5,23.9,349.56,8127.13,152,1011,1.01,50.46,-27.12,21.27,-28,61.11,499,-7.96,6.32,65,11,0,0,0,0,5,2.5,14.71,3.69,3579,On
-26.69,23.84,347.59,8166.06,160,1064,1.06,35.5,-25.83,16.17,-36,46.79,587,-8.2,6.18,16,0,0,0,0,0,5,2.5,14.71,3.69,3585,On
-26.87,23.78,345.65,8204.55,166,1099,1.1,9.39,-37.64,21.04,-75,44.13,0,-9.03,6.15,2,0,0,0,0,0,5,2.5,14.71,3.69,3591,On
-27.19,23.72,343.72,8243.12,160,1064,1.06,14.98,-7.33,18.08,-26,24.6,36,-6.63,6.1,1,0,0,0,0,0,5,2.5,14.71,3.69,3596,On
-27.56,23.66,341.82,8281.24,163,1082,1.08,7.5,-1.17,22.6,-8,23.84,36,-6.63,6.1,0,0,0,0,0,0,5,2.5,14.71,3.69,3602,On
-27.81,23.6,339.94,8318.97,170,1127,1.13,16.25,-0.6,20.37,-2,26.07,36,-6.63,6.1,5,2,0,0,0,0,5,2.5,14.71,3.69,3607,On
-27.87,23.54,338.1,8356.21,171,1135,1.14,2.79,-15.6,20.79,-79,26.14,36,-6.63,6.1,5,2,0,0,0,0,5,2.5,14.71,3.69,3613,On
-28.12,23.48,336.4,8390.55,170,1129,1.13,-2.71,7.21,32.42,110,33.32,36,-6.63,6.1,0,0,0,0,0,0,5,2.5,14.71,3.69,3619,On
-28.19,23.42,334.67,8425.87,165,1092,1.09,4.23,-30.79,21.58,-82,37.84,36,-6.63,6.1,0,0,0,0,0,0,5,2.5,14.71,3.69,3624,On
-28.19,23.36,333,8460.03,179,1185,1.19,15.25,-7.1,16.64,-24,23.66,0,-8.48,6.11,0,0,0,0,0,0,5,2.5,14.71,3.69,3630,On
-28.37,23.3,331.43,8492.31,179,1185,1.19,35.75,-36.47,18.33,-45,54.26,213,-5.32,7.53,0,0,0,0,0,0,5,2.5,14.71,3.69,3635,On
-28.56,23.24,329.88,8524.26,187,1243,1.24,5.02,-36.6,22.02,-82,43.01,218,-4.36,7.7,0,0,0,0,0,0,5,2.5,14.71,3.69,3641,On
-28.75,23.18,328.31,8556.65,190,1264,1.26,38.88,-14.96,16.17,-21,44.68,327,-2.96,7.82,0,0,0,0,0,0,5,2.5,14.71,3.69,3647,On
-28.94,23.11,326.69,8590.45,194,1289,1.29,13.39,-41.72,21.89,-72,48.99,287,-2.35,7.7,7,0,0,0,0,0,5,2.5,14.71,3.69,3652,On
-29.25,23.05,325.04,8624.77,194,1287,1.29,-0.85,-36.04,25.27,-91,44.02,731,-3.83,7.45,32,0,0,0,0,0,5,2.5,14.71,3.69,3658,On
-29.5,22.99,323.34,8660.33,190,1260,1.26,-0.27,-13.56,21.5,-91,25.42,449,-4.8,7.06,36,0,0,0,0,0,5,2.5,14.71,3.69,3663,On
-29.81,22.92,321.64,8696.2,194,1285,1.29,60.63,-5.35,30.56,-5,68.1,46,-4.98,6.77,13,0,0,0,0,0,5,2.5,14.71,3.69,3669,On
-30.12,22.86,319.87,8733.58,196,1299,1.3,17.97,-18.56,14.88,-45,29.81,60,-5.05,6.65,0,0,0,0,0,0,5,2.5,14.71,3.69,3675,On
-30.5,22.79,318.1,8771.21,204,1354,1.35,-0.35,-26.35,23.14,-90,35.07,492,-7.22,6.45,1,1,0,0,0,0,5,2.5,14.71,3.69,3680,On
-30.69,22.73,316.35,8808.39,179,1185,1.19,24.08,-8.1,15.14,-18,29.58,110,-6.71,6.32,1,1,0,0,0,0,5,2.5,14.71,3.69,3686,On
-31,22.66,314.55,8846.97,151,1000,1,39.5,-12.88,16.87,-18,44.84,107,-6.51,6.32,0,0,0,0,0,0,5,2.5,14.71,3.69,3691,On
-31.25,22.6,312.81,8884.37,160,1059,1.06,10.89,-22.67,17.67,-64,30.73,410,-7.79,6.26,0,0,0,0,0,0,5,2.5,14.71,3.69,3697,On
-31.37,22.53,311.06,8922.26,163,1082,1.08,44.6,-6.89,19.71,-8,49.25,18,-9.1,6.22,0,0,0,0,0,0,5,2.5,14.71,3.69,3703,On
-31.69,22.47,309.33,8959.75,179,1191,1.19,3.93,-26.35,20.6,-81,33.68,17,-8.81,6.21,0,0,0,0,0,0,5,2.5,14.71,3.69,3708,On
-31.81,22.4,307.62,8997.08,190,1264,1.26,31.83,-40.31,19.14,-51,54.81,60,-8.03,6.25,0,0,0,0,0,0,5,2.5,14.71,3.69,3714,On
-32.13,22.34,305.92,9034.29,197,1307,1.31,19.06,-32.08,16.64,-59,40.86,111,-8.14,6.27,0,0,0,0,0,0,5,2.5,14.71,3.69,3719,On
-32.5,22.28,304.26,9070.94,202,1338,1.34,-0.37,-27.92,22.96,-90,36.15,351,-8.66,6.29,0,0,0,0,0,0,5,2.5,14.71,3.69,3725,On
-32.69,22.21,302.61,9107.37,191,1268,1.27,34.67,-9.71,16.17,-15,39.46,343,-11.11,6.12,0,0,0,0,0,0,5,2.5,14.71,3.69,3731,On
-33.13,22.14,300.98,9143.63,199,1319,1.32,13.04,-24.5,16.47,-61,32.28,343,-11.11,6.12,0,0,0,0,0,0,5,2.5,14.71,3.69,3736,On
-33.25,22.08,299.36,9179.59,202,1340,1.34,-9.43,1.56,34.83,170,36.12,343,-11.11,6.12,0,0,0,0,0,0,5,2.5,14.71,3.69,3742,On
-33.5,22.02,297.76,9215.59,218,1443,1.44,28.42,-23.77,15.1,-39,40,343,-11.11,6.12,0,0,0,0,0,0,5,2.5,14.71,3.69,3747,On
-33.75,21.95,296.1,9252.82,236,1562,1.56,4.5,-8.23,21.71,-61,23.65,343,-11.11,6.12,0,0,0,0,0,0,5,2.5,14.71,3.69,3753,On
-34,21.89,294.49,9289.13,227,1503,1.5,30.37,-28.04,15.5,-42,44.15,343,-11.11,6.12,0,0,0,0,0,0,5,2.5,14.71,3.69,3759,On
-34.31,21.83,292.86,9326.16,241,1598,1.6,45.43,-5.96,19.89,-7,49.95,343,-11.11,6.12,0,0,0,0,0,0,5,2.5,14.71,3.69,3764,On
-34.56,21.77,291.23,9363.45,231,1534,1.53,20.31,-33.85,16.64,-59,42.84,343,-11.11,6.12,0,0,0,0,0,0,5,2.5,14.71,3.69,3770,On
-34.88,21.71,289.58,9401.04,232,1539,1.54,55.08,-25.25,23.5,-24,64.99,343,-11.11,6.12,0,0,0,0,0,0,5,2.5,14.71,3.69,3775,On
-35.13,21.64,287.96,9438.37,232,1542,1.54,6.39,-19.77,19.27,-72,28.33,343,-11.11,6.12,0,0,0,0,0,0,5,2.5,14.71,3.69,3781,On
-35.13,21.58,286.41,9474.17,233,1544,1.54,9.33,-30.75,19.54,-73,37.61,343,-11.11,6.12,0,0,0,0,0,0,5,2.5,14.71,3.69,3787,On
-35.5,21.52,284.89,9509.6,239,1585,1.59,52.18,-28.33,22.52,-28,63.5,343,-11.11,6.12,0,0,0,0,0,0,5,2.5,14.71,3.69,3792,On
-35.81,21.46,283.33,9545.83,247,1639,1.64,17.22,-26.67,16.33,-57,35.7,343,-11.11,6.12,0,0,0,0,0,0,5,2.5,14.71,3.69,3798,On
-36.13,21.4,281.8,9581.64,249,1652,1.65,48.21,-12.23,20.33,-14,53.73,343,-11.11,6.12,0,0,0,0,0,0,5,2.5,14.71,3.69,3803,On
-36.38,21.34,280.19,9619.62,254,1682,1.68,35.54,-11.68,15.81,-18,40.62,343,-11.11,6.12,0,0,0,0,0,0,5,2.5,14.71,3.69,3809,On
-36.31,21.27,278.57,9657.78,260,1721,1.72,42.14,-27.92,17.93,-33,53.64,343,-11.11,6.12,0,0,0,0,0,0,5,2.5,14.71,3.69,3815,On
-36.56,21.21,277.08,9693.32,247,1635,1.64,11.98,-2.93,20.12,-13,23.6,0,-13.65,6.98,3,0,0,0,0,0,5,2.5,14.71,3.69,3820,On
-36.69,21.15,275.64,9727.47,257,1703,1.7,12.13,-3.88,18.83,-17,22.73,200,-14.02,7.27,6,0,0,0,0,0,5,2.5,14.71,3.69,3826,On
-37.06,21.08,274.2,9762.03,278,1844,1.84,8.54,10.6,27.93,51,31.07,51,-13.61,7.32,17,1,0,0,0,0,5,2.5,14.71,3.69,3831,On
-37.13,21.02,272.68,9798.66,257,1702,1.7,23.96,-8.88,15.31,-20,29.78,207,-12.77,7.28,140,27,0,0,0,0,5,2.5,14.71,3.69,3837,On
-37.5,20.95,271.14,9835.85,263,1742,1.74,22.33,-49.1,23.27,-65,58.74,280,-13.13,7.28,192,26,0,0,0,0,5,2.5,14.71,3.69,3843,On
-37.69,20.88,269.69,9871.03,255,1692,1.69,25.22,-47.38,22.75,-61,58.29,92,-11.83,7.28,128,3,0,0,0,0,5,2.5,14.71,3.69,3848,On
-37.81,20.82,268.29,9905.12,249,1653,1.65,52.47,-9.1,23.31,-9,58.14,0,-11.08,7.32,75,0,0,0,0,0,5,2.5,14.71,3.69,3854,On
-38.13,20.75,266.8,9941.39,245,1622,1.62,30.96,-21.67,15.42,-34,40.81,122,-12.11,7.31,26,0,0,0,0,0,5,2.5,14.71,3.69,3859,On
-38.31,20.68,265.26,9979.26,251,1662,1.66,47.85,-28.21,20.79,-30,59.31,1021,-14.38,7.07,5,0,0,0,0,0,5,2.5,14.71,3.69,3865,On
-38.63,20.62,263.78,10015.97,252,1668,1.67,5.02,-18.43,19,-74,26.94,0,-12.4,7.05,0,0,0,0,0,0,5,2.5,14.71,3.69,3871,On
-38.88,20.55,262.28,10053.15,267,1768,1.77,40.96,-6.6,19.22,-9,45.72,88,-10.72,7.12,0,0,0,0,0,0,5,2.5,14.71,3.69,3876,On
-39.06,20.48,260.78,10090.5,276,1827,1.83,20.71,-34.14,17,-58,43.4,581,-11.74,7.18,0,0,0,0,0,0,5,2.5,14.71,3.69,3882,On
-39.38,20.42,259.27,10128.39,280,1860,1.86,16.25,-39.42,19.77,-67,46.99,644,-14.76,7.04,0,0,0,0,0,0,5,2.5,14.71,3.69,3887,On
-39.63,20.35,257.83,10164.47,295,1955,1.96,30.52,-31.22,15.67,-45,46.39,323,-13.93,6.89,0,0,0,0,0,0,5,2.5,14.71,3.69,3893,On
-39.75,20.28,256.45,10199.46,297,1971,1.97,19.33,-37.38,17.85,-62,45.71,0,-12.21,6.72,0,0,0,0,0,0,5,2.5,14.71,3.69,3899,On
-39.94,20.21,255.16,10232.12,297,1973,1.97,12.29,-2.17,19.54,-9,23.19,448,-15.53,6.59,0,0,0,0,0,0,5,2.5,14.71,3.69,3904,On
-39.94,20.15,253.95,10263.15,296,1965,1.97,0.63,-7.54,23.27,-85,24.47,749,-17.61,6.46,0,0,0,0,0,0,5,2.5,14.71,3.69,3910,On
-40.19,20.09,252.75,10293.86,300,1990,1.99,14.75,-3.67,18.83,-13,24.2,749,-17.61,6.46,3,2,0,0,0,0,5,2.5,14.71,3.69,3915,On
-40.25,20.03,251.54,10324.74,297,1969,1.97,17.39,-40.14,19.58,-66,47.93,0,-15.65,6.06,11,5,0,0,0,0,5,2.5,14.71,3.69,3921,On
-40.56,19.96,250.24,10358.25,296,1963,1.96,6.6,-23.72,19.46,-74,31.39,516,-16.5,6.08,5,1,0,0,0,0,5,2.5,14.71,3.69,3927,On
-40.63,19.9,248.94,10391.95,275,1821,1.82,18.77,-2.54,18.12,-7,26.21,0,-15.79,6.16,0,0,0,0,0,0,5,2.5,14.71,3.69,3932,On
-40.94,19.84,247.66,10425.15,278,1841,1.84,17.04,-10.68,16.79,-32,26.2,0,-15.79,6.16,3,0,0,0,0,0,5,2.5,14.71,3.69,3938,On
-41.25,19.77,246.26,10461.89,282,1867,1.87,18.14,-50.52,25.46,-70,59.41,171,-16.22,6.29,25,17,0,0,0,0,5,2.5,14.71,3.69,3944,On
-41.56,19.7,244.82,10499.49,286,1896,1.9,61.33,-11.81,29.22,-10,68.96,0,-16.16,6.31,166,88,0,0,0,0,5,2.5,14.71,3.69,3949,On
-41.88,19.64,243.33,10538.75,297,1969,1.97,23.29,-41.89,19.77,-60,51.85,0,-15.91,6.3,336,169,0,0,0,0,5,2.5,14.71,3.69,3955,On
-42.13,19.57,241.91,10576.37,306,2030,2.03,18.33,-8.71,17.67,-25,26.91,0,-15.91,6.3,687,418,0,0,0,0,5,2.5,14.71,3.69,3960,On
-42.44,19.51,240.48,10614.58,308,2044,2.04,0.63,-17.96,21.22,-88,27.81,0,-15.91,6.3,1266,889,0,0,0,0,5,2.5,14.71,3.69,3966,On
-42.56,19.44,239.06,10652.64,318,2107,2.11,17.43,-48.58,23.67,-70,56.78,0,-15.91,6.3,1315,952,0,0,0,0,5,2.5,14.71,3.69,3972,On
-42.75,19.38,237.69,10689.43,318,2110,2.11,34.96,-21.22,15.58,-31,43.77,0,-15.91,6.3,903,648,0,0,0,0,5,2.5,14.71,3.69,3977,On
-42.69,19.31,236.31,10726.68,313,2076,2.08,14,-11.64,18.08,-39,25.66,0,-15.91,6.3,566,398,0,0,0,0,5,2.5,14.71,3.69,3983,On
-42.81,19.25,234.91,10764.5,317,2100,2.1,-4.1,-36.27,28.12,-96,46.08,0,-15.91,6.3,379,263,0,0,0,0,5,2.5,14.71,3.69,3988,On
-42.94,19.18,233.44,10804.62,315,2086,2.09,14,-9.27,17.35,-33,24.14,0,-15.91,6.3,224,150,0,0,0,0,5,2.5,14.71,3.69,3994,On
-42.75,19.12,232.1,10841.26,345,2284,2.28,13.71,-45,22.6,-73,52.19,0,-15.91,6.3,141,85,0,0,0,0,5,2.5,14.71,3.69,4000,On
-42.75,19.05,230.85,10875.76,344,2278,2.28,37.33,-25.1,16.6,-33,47.95,0,-15.91,6.3,89,46,0,0,0,0,5,2.5,14.71,3.69,4005,On
-42.88,18.99,229.59,10910.47,358,2376,2.38,-0.31,-13.31,22.12,-91,25.82,0,-15.91,6.3,44,18,0,0,0,0,5,2.5,14.71,3.69,4011,On
-42.81,18.92,228.41,10943.23,370,2454,2.45,40.56,-0.47,22.12,0,46.2,0,-15.91,6.3,6,1,0,0,0,0,5,2.5,14.71,3.69,4016,On
-42.94,18.86,227.23,10976.19,360,2387,2.39,7.77,-33.29,19.93,-76,39.57,0,-15.91,6.3,0,0,0,0,0,0,5,2.5,14.71,3.69,4022,On
-42.94,18.8,226.06,11008.88,382,2533,2.53,27.31,-34.06,16.56,-51,46.69,0,-15.91,6.3,0,0,0,0,0,0,5,2.5,14.71,3.69,4028,On
-43,18.74,224.97,11039.51,373,2472,2.47,42.14,-31.22,18.75,-36,55.7,0,-15.91,6.3,0,0,0,0,0,0,5,2.5,14.71,3.69,4033,On
-43.06,18.68,223.9,11069.66,370,2450,2.46,14.42,9.96,25.54,34,30.97,0,-15.91,6.3,0,0,0,0,0,0,5,2.5,14.71,3.69,4039,On
-43.19,18.62,222.84,11099.84,380,2517,2.52,30,-23.12,15.27,-37,40.84,0,-15.91,6.3,0,0,0,0,0,0,5,2.5,14.71,3.69,4044,On
-43.31,18.55,221.66,11133.31,374,2480,2.48,18.54,3.54,20.87,10,28.14,0,-15.91,6.3,0,0,0,0,0,0,5,2.5,14.71,3.69,4050,On
-43.44,18.49,220.52,11165.92,369,2443,2.44,38.52,5.73,23.85,8,45.66,0,-15.91,6.3,0,0,0,0,0,0,5,2.5,14.71,3.69,4056,On
-43.5,18.43,219.34,11199.63,353,2337,2.34,34.83,-28.6,16.56,-39,48.02,0,-15.91,6.3,0,0,0,0,0,0,5,2.5,14.71,3.69,4061,On
-43.69,18.37,218.2,11232.47,349,2311,2.31,9.56,-38.17,20.83,-75,44.52,0,-15.91,6.3,0,0,0,0,0,0,5,2.5,14.71,3.69,4067,On
-43.81,18.31,216.96,11268.38,393,2607,2.61,21.1,-29.46,15.85,-54,39.55,333,-17.75,6.75,0,0,0,0,0,0,5,2.5,14.71,3.69,4072,On
-44.13,18.24,215.7,11305.07,391,2594,2.59,28.62,-0.64,20.33,-1,35.12,88,-16.84,6.8,0,0,0,0,0,0,5,2.5,14.71,3.69,4078,On
-44.31,18.18,214.35,11344.48,387,2563,2.56,-6.27,-27.35,26.02,-102,38.26,68,-16.32,6.81,0,0,0,0,0,0,5,2.5,14.71,3.69,4084,On
-44.56,18.11,213.1,11381.31,394,2610,2.61,53.77,-16.97,22.75,-17,60.8,553,-18.41,6.7,0,0,0,0,0,0,5,2.5,14.71,3.69,4089,On
-44.75,18.05,211.79,11419.76,390,2585,2.59,34.6,4.43,22.21,7,41.35,0,-18.09,6.67,0,0,0,0,0,0,5,2.5,14.71,3.69,4095,On
-45,17.98,210.49,11458.36,387,2564,2.56,29.93,-11.64,16.17,-21,35.96,591,-19.29,6.46,0,0,0,0,0,0,5,2.5,14.71,3.69,4101,On
-45.06,17.92,209.16,11498.11,378,2506,2.51,-5.02,-10.73,25.46,-115,28.08,0,-17.44,6.52,0,0,0,0,0,0,5,2.5,14.71,3.69,4106,On
-45.06,17.85,207.84,11537.69,370,2452,2.45,37.17,-31.75,17.31,-40,51.86,0,-15.48,6.72,0,0,0,0,0,0,5,2.5,14.71,3.69,4112,On
-45.31,17.79,206.54,11576.55,376,2490,2.49,-4.81,-15.52,25.14,-107,29.93,0,-16.3,6.72,0,0,0,0,0,0,5,2.5,14.71,3.69,4117,On
-45.31,17.72,205.28,11614.76,380,2516,2.52,-1.25,-2.38,27.1,-117,27.23,117,-17.81,6.58,0,0,0,0,0,0,5,2.5,14.71,3.69,4123,On
-45.06,17.65,204.06,11651.96,366,2423,2.42,33.72,-16.33,16.02,-25,40.75,0,-16.32,6.55,0,0,0,0,0,0,5,2.5,14.71,3.69,4129,On
-45.13,17.59,202.86,11688.6,403,2672,2.67,18.5,-30.67,16.6,-58,39.47,34,-15.94,6.61,0,0,0,0,0,0,5,2.5,14.71,3.69,4134,On
-45.06,17.52,201.64,11725.95,414,2745,2.75,28.93,-0.43,18.6,0,34.4,0,-16.59,6.6,0,0,0,0,0,0,5,2.5,14.71,3.69,4140,On
-44.94,17.45,200.39,11764.48,423,2807,2.81,21.42,-51.68,24.47,-67,61.06,0,-17.55,6.52,0,0,0,0,0,0,5,2.5,14.71,3.69,4145,On
-44.75,17.38,199.24,11800.08,421,2789,2.79,27.08,-22.06,14.96,-39,38,157,-18.37,6.4,0,0,0,0,0,0,5,2.5,14.71,3.69,4151,On
-44.69,17.32,198.1,11835.65,415,2751,2.75,24.71,11.25,24.17,24,36.35,0,-19.27,6.17,0,0,0,0,0,0,5,2.5,14.71,3.69,4157,On
-44.5,17.25,196.91,11873.06,422,2798,2.8,9.35,-39.02,20.87,-76,45.23,110,-18.66,6.07,0,0,0,0,0,0,5,2.5,14.71,3.69,4162,On
-44.19,17.18,195.78,11908.4,428,2836,2.84,22.6,-6,17.54,-14,29.23,0,-17.25,6.06,0,0,0,0,0,0,5,2.5,14.71,3.69,4168,On
-44.19,17.12,194.62,11945.1,421,2790,2.79,36.89,-24.81,16.29,-33,47.35,384,-19.82,6.04,0,0,0,0,0,0,5,2.5,14.71,3.69,4173,On
-44.06,17.05,193.46,11982.06,390,2582,2.58,17.43,-23.35,15.73,-53,33.11,0,-18.3,6.06,0,0,0,0,0,0,5,2.5,14.71,3.69,4179,On
-44.06,16.99,192.38,12016.41,396,2622,2.62,39.81,0.35,21.77,0,45.37,486,-19.54,6.01,0,0,0,0,0,0,5,2.5,14.71,3.69,4185,On
-44,16.93,191.29,12051.3,413,2735,2.74,5.68,-35.06,21.54,-80,41.54,292,-22.14,5.78,0,0,0,0,0,0,5,2.5,14.71,3.69,4190,On
-43.81,16.86,190.25,12084.93,416,2761,2.76,47.77,-33.81,21.81,-35,62.45,0,-21.08,5.82,0,0,0,0,0,0,5,2.5,14.71,3.69,4196,On
-43.94,16.8,189.2,12118.73,425,2817,2.82,28.02,5.56,22.79,11,36.54,219,-22.45,5.59,0,0,0,0,0,0,5,2.5,14.71,3.69,4202,On
-44,16.74,188.06,12155.61,438,2901,2.9,31.75,-27.56,15.46,-40,44.79,248,-22.44,5.62,0,0,0,0,0,0,5,2.5,14.71,3.69,4207,On
-43.81,16.68,187.04,12189.13,453,3003,3,13.21,-24.85,16.29,-62,32.52,314,-22.52,5.52,0,0,0,0,0,0,5,2.5,14.71,3.69,4213,On
-43.75,16.62,186.06,12221.07,447,2963,2.96,29.54,-3.33,19.46,-6,35.53,2112,-22.89,5.49,0,0,0,0,0,0,5,2.5,14.71,3.69,4218,On
-43.56,16.56,185.14,12251.4,438,2900,2.9,49.35,-35.27,23.31,-35,64.98,0,-21.58,5.62,0,0,0,0,0,0,5,2.5,14.71,3.69,4224,On
-43.56,16.5,184.21,12282.02,436,2888,2.89,48.35,-4.52,23.27,-5,53.85,355,-21.46,5.76,0,0,0,0,0,0,5,2.5,14.71,3.69,4230,On
-43.5,16.44,183.32,12311.78,431,2855,2.86,42.63,-6.52,20.37,-8,47.69,135,-20.18,5.95,0,0,0,0,0,0,5,2.5,14.71,3.69,4235,On
-43.38,16.38,182.42,12341.73,477,3158,3.16,23.79,-2.68,18.17,-6,30.05,102,-18.65,6.4,0,0,0,0,0,0,5,2.5,14.71,3.69,4241,On
-43.25,16.32,181.54,12371.12,502,3324,3.32,7.5,-6.04,19.62,-38,21.86,109,-18.72,6.72,0,0,0,0,0,0,5,2.5,14.71,3.69,4246,On
-43.31,16.26,180.62,12402.03,473,3132,3.13,-4.29,5.31,30.21,128,30.97,387,-20.57,7.06,0,0,0,0,0,0,5,2.5,14.71,3.69,4252,On
-43.31,16.2,179.63,12435.44,478,3168,3.17,42,-30.35,17.89,-35,54.82,0,-20.07,7.16,0,0,0,0,0,0,5,2.5,14.71,3.69,4258,On
-43.38,16.13,178.62,12469.64,444,2945,2.95,33.68,-29.54,15.89,-41,47.54,704,-22.02,6.96,0,0,0,0,0,0,5,2.5,14.71,3.69,4263,On
-43.44,16.07,177.53,12506.77,436,2891,2.89,25.18,30.67,41,50,57.06,0,-20.08,6.97,0,0,0,0,0,0,5,2.5,14.71,3.69,4269,On
-43.5,16.01,176.35,12546.9,447,2962,2.96,10.18,-4.63,19.97,-24,22.89,0,-18.79,6.98,0,0,0,0,0,0,5,2.5,14.71,3.69,4275,On
-43.5,15.95,175.15,12588.42,440,2919,2.92,6.92,-20.5,17.97,-71,28.13,24,-17.99,6.98,0,0,0,0,0,0,5,2.5,14.71,3.69,4280,On
-43.56,15.89,173.93,12630.48,446,2955,2.96,30.47,-23.47,15.31,-37,41.4,63,-17.61,6.95,0,0,0,0,0,0,5,2.5,14.71,3.69,4286,On
-43.38,15.82,172.83,12668.72,432,2867,2.87,16.33,-36.81,18.12,-66,44.16,102,-17.61,7,0,0,0,0,0,0,5,2.5,14.71,3.69,4291,On
-43.31,15.76,171.83,12703.79,434,2874,2.87,55.92,-3.46,27.31,-3,62.32,440,-17.68,6.91,0,0,0,0,0,0,5,2.5,14.71,3.69,4297,On
-43.38,15.7,170.77,12740.9,490,3245,3.25,4.93,-31.87,20.64,-81,38.29,408,-18.33,6.8,0,0,0,0,0,0,5,2.5,14.71,3.69,4303,On
-43.13,15.64,169.76,12776.65,544,3602,3.6,35.97,-22.43,16.33,-31,45.43,0,-17.06,6.8,0,0,0,0,0,0,5,2.5,14.71,3.69,4308,On
-43.06,15.58,168.83,12809.37,528,3496,3.5,3.98,0.92,23.31,12,23.66,18,-19.01,6.72,0,0,0,0,0,0,5,2.5,14.71,3.69,4314,On
-42.88,15.52,167.95,12840.65,526,3487,3.49,5.68,-22.18,18.96,-75,29.73,0,-18.27,6.7,0,0,0,0,0,0,5,2.5,14.71,3.69,4319,On
-42.75,15.46,167.12,12870.58,510,3383,3.38,4.98,-19.21,19.18,-75,27.6,634,-20.11,6.52,0,0,0,0,0,0,5,2.5,14.71,3.69,4325,On
-42.75,15.4,166.27,12901.14,498,3304,3.3,23.21,1.93,20.56,4,31.06,0,-20.74,6.37,0,0,0,0,0,0,5,2.5,14.71,3.69,4331,On
-42.69,15.34,165.41,12931.81,493,3266,3.27,1.81,-4.92,23.18,-69,23.77,104,-21.39,6.21,0,0,0,0,0,0,5,2.5,14.71,3.69,4336,On
-42.56,15.29,164.62,12960.71,483,3202,3.2,26.85,0.22,18.43,0,32.57,0,-22.03,5.97,0,0,0,0,0,0,5,2.5,14.71,3.69,4342,On
-42.69,15.23,163.78,12991.08,487,3230,3.23,14.23,-36.17,18.29,-68,42.95,0,-21.9,5.8,0,0,0,0,0,0,5,2.5,14.71,3.69,4348,On
-42.81,15.17,162.96,13021.09,486,3221,3.22,36.02,-30.71,17.14,-40,50.34,0,-23.1,5.61,0,0,0,0,0,0,5,2.5,14.71,3.69,4353,On
-42.88,15.11,162.13,13051.41,478,3170,3.17,-0.06,-20.85,22.37,-90,30.58,351,-24.15,5.47,0,0,0,0,0,0,5,2.5,14.71,3.69,4359,On
-43,15.06,161.23,13084.49,507,3357,3.36,46.89,-15.81,19.31,-18,53.12,3365,-24.61,5.46,0,0,0,0,0,0,5,2.5,14.71,3.69,4364,On
-43,15,160.34,13117.43,540,3576,3.58,35.67,-7.29,17.67,-11,40.46,219,-23.78,5.22,0,0,0,0,0,0,5,2.5,14.71,3.69,4370,On
-43.19,14.94,159.48,13149.31,549,3635,3.64,19.72,-10.13,16.92,-27,27.89,150,-23.25,5.27,0,0,0,0,0,0,5,2.5,14.71,3.69,4376,On
-43.06,14.89,158.58,13183.02,558,3699,3.7,7.06,-17.5,18.12,-68,26.16,0,-21.71,5.57,2,0,0,0,0,0,5,2.5,14.71,3.69,4381,On
-42.94,14.83,157.74,13214.35,545,3610,3.61,5.77,-43.42,24.83,-82,50.35,0,-20.89,5.92,2,0,0,0,0,0,5,2.5,14.71,3.69,4387,On
-42.94,14.78,156.96,13243.69,527,3493,3.49,41.71,-34.79,18.79,-39,57.47,267,-21.12,6.16,0,0,0,0,0,0,5,2.5,14.71,3.69,4392,On
-42.88,14.72,156.21,13271.95,502,3327,3.33,-10.31,-21.58,28.96,-115,37.56,63,-19.95,6.57,0,0,0,0,0,0,5,2.5,14.71,3.69,4398,On
-42.75,14.66,155.48,13299.76,498,3300,3.3,26.12,-42.08,19.27,-58,53.15,0,-19.65,6.89,0,0,0,0,0,0,5,2.5,14.71,3.69,4404,On
-42.88,14.61,154.77,13326.76,488,3233,3.23,11.85,-16.89,16.33,-54,26.32,10,-20.24,7.24,0,0,0,0,0,0,5,2.5,14.71,3.69,4409,On
-43,14.55,154.01,13355.71,490,3249,3.25,26.52,-0.6,17.85,-1,31.97,279,-21.59,7.24,0,0,0,0,0,0,5,2.5,14.71,3.69,4415,On
-43,14.5,153.24,13385.27,489,3240,3.24,41.43,-48.88,26.64,-49,69.39,209,-22,7.08,0,0,0,0,0,0,5,2.5,14.71,3.69,4420,On
-43,14.44,152.46,13415.33,498,3298,3.3,39.71,-2.77,19,-3,44.11,134,-21.53,7.04,0,0,0,0,0,0,5,2.5,14.71,3.69,4426,On
-43.06,14.39,151.71,13444.36,524,3470,3.47,53.27,-32.72,24.29,-31,67.07,293,-21.79,6.94,0,0,0,0,0,0,5,2.5,14.71,3.69,4432,On
-43.06,14.33,150.96,13473.42,546,3615,3.62,35.97,-49,24.52,-53,65.55,0,-21.22,6.99,0,0,0,0,0,0,5,2.5,14.71,3.69,4437,On
-43.31,14.28,150.18,13503.9,531,3522,3.52,20.25,-40.71,18.96,-63,49.26,0,-22.41,6.95,0,0,0,0,0,0,5,2.5,14.71,3.69,4443,On
-43.5,14.22,149.37,13535.56,538,3568,3.57,7.63,-8.96,19.31,-49,22.61,0,-22.85,6.86,0,0,0,0,0,0,5,2.5,14.71,3.69,4449,On
-43.69,14.17,148.61,13565.58,550,3646,3.65,20.39,-55.89,29.18,-69,66.27,0,-22.19,6.84,0,0,0,0,0,0,5,2.5,14.71,3.69,4454,On
-43.81,14.11,147.81,13596.93,551,3650,3.65,33.02,-64.97,42.25,-63,84.24,287,-22.16,6.77,0,0,0,0,0,0,5,2.5,14.71,3.69,4460,On
-44.06,14.06,147.02,13628.53,571,3786,3.79,21.81,-10.21,15.98,-25,28.9,282,-20.99,6.85,0,0,0,0,0,0,5,2.5,14.71,3.69,4465,On
-44.25,14.01,146.19,13661.25,579,3836,3.84,34.47,-37.04,18.33,-47,53.82,676,-22,6.94,0,0,0,0,0,0,5,2.5,14.71,3.69,4471,On
-44.38,13.95,145.31,13696.46,572,3794,3.79,22.06,-48.71,22.47,-65,58,128,-20.74,7.13,0,0,0,0,0,0,5,2.5,14.71,3.69,4477,On
-44.63,13.9,144.37,13734.47,581,3851,3.85,48.47,-16.46,20.6,-18,55.18,144,-20.29,7.27,0,0,0,0,0,0,5,2.5,14.71,3.69,4482,On
-44.56,13.84,143.41,13773.09,522,3456,3.46,7.27,-31.67,18.96,-77,37.62,0,-20.15,7.23,0,0,0,0,0,0,5,2.5,14.71,3.69,4488,On
-44.63,13.79,142.57,13807.43,497,3291,3.29,-2.52,-2.89,24.68,-131,24.98,156,-21.53,7.17,0,0,0,0,0,0,5,2.5,14.71,3.69,4493,On
-44.75,13.74,141.64,13845.46,514,3403,3.4,9.08,-29.72,17.93,-73,35.88,200,-21.95,7.03,0,0,0,0,0,0,5,2.5,14.71,3.69,4499,On
-44.75,13.68,140.7,13884.02,507,3362,3.36,12.73,-49.14,25.31,-75,56.72,6,-23.53,6.82,0,0,0,0,0,0,5,2.5,14.71,3.69,4505,On
-44.69,13.63,139.84,13919.57,498,3299,3.3,33.88,-11.93,15.89,-19,39.27,192,-24,6.6,0,0,0,0,0,0,5,2.5,14.71,3.69,4510,On
-44.63,13.58,139.06,13952.02,511,3385,3.39,12.73,-8.14,18.02,-32,23.51,0,-23.11,6.48,0,0,0,0,0,0,5,2.5,14.71,3.69,4516,On
-44.5,13.52,138.29,13984.07,519,3438,3.44,20.56,-7.1,16.64,-19,27.39,0,-22.57,6.47,0,0,0,0,0,0,5,2.5,14.71,3.69,4522,On
-44.69,13.47,137.57,14014.23,523,3468,3.47,6.67,12.38,28.47,61,31.76,334,-24.51,6.46,0,0,0,0,0,0,5,2.5,14.71,3.69,4527,On
-44.81,13.42,136.74,14049.12,524,3474,3.47,20.79,6.64,22.68,17,31.48,13,-24.64,6.4,0,0,0,0,0,0,5,2.5,14.71,3.69,4533,On
-44.81,13.37,135.97,14081.62,526,3486,3.49,34.13,-41.52,19.5,-50,57.17,0,-24.85,6.48,0,0,0,0,0,0,5,2.5,14.71,3.69,4538,On
-44.63,13.32,135.24,14112.39,537,3562,3.56,28.5,-37.64,17.06,-52,50.2,0,-23.78,6.35,0,0,0,0,0,0,5,2.5,14.71,3.69,4544,On
-44.75,13.26,134.55,14141.71,563,3728,3.73,44.79,-20.62,18.29,-24,52.6,0,-24.02,6.29,1,0,0,0,0,0,5,2.5,14.71,3.69,4550,On
-44.63,13.21,133.9,14169.64,578,3827,3.83,37.68,-32.31,16.87,-40,52.43,227,-23.67,6.3,1,0,0,0,0,0,5,2.5,14.71,3.69,4555,On
-44.81,13.16,133.25,14197.63,547,3622,3.62,49.58,-15.21,20.75,-17,55.86,72,-23.84,6.25,0,0,0,0,0,0,5,2.5,14.71,3.69,4561,On
-44.81,13.11,132.61,14225.37,598,3963,3.96,39.02,-42.97,21.31,-47,61.83,0,-22.99,6.24,0,0,0,0,0,0,5,2.5,14.71,3.69,4566,On
-44.75,13.06,131.93,14254.49,583,3865,3.87,56.43,-28.93,25.89,-27,68.5,157,-23.95,6.29,0,0,0,0,0,0,5,2.5,14.71,3.69,4572,On
-44.94,13.01,131.19,14286.6,568,3762,3.76,19.29,-2.6,19.5,-7,27.55,424,-23.9,6.47,0,0,0,0,0,0,5,2.5,14.71,3.69,4578,On
-44.88,12.96,130.43,14320.08,569,3769,3.77,49.31,8.88,28.72,10,57.75,0,-22.94,6.57,0,0,0,0,0,0,5,2.5,14.71,3.69,4583,On
-44.75,12.91,129.66,14353.91,587,3892,3.89,31.27,6.13,23.04,11,39.32,0,-21.41,6.73,0,0,0,0,0,0,5,2.5,14.71,3.69,4589,On
-44.75,12.86,128.81,14391.33,584,3867,3.87,28.18,6.89,22.43,13,36.67,0,-20.5,6.96,0,0,0,0,0,0,5,2.5,14.71,3.69,4594,On
-44.88,12.8,127.89,14432.08,585,3875,3.88,15.93,25.06,38.64,57,48.73,77,-19.86,7.42,0,0,0,0,0,0,5,2.5,14.71,3.69,4600,On
-44.81,12.75,127.01,14471.38,582,3858,3.86,22.46,17.1,29.67,37,40.95,76,-19.48,7.47,0,0,0,0,0,0,5,2.5,14.71,3.69,4606,On
-44.75,12.7,126.19,14508.34,571,3781,3.78,18.85,-30.02,16.29,-57,39.01,53,-18.9,7.62,0,0,0,0,0,0,5,2.5,14.71,3.69,4611,On
-44.81,12.65,125.42,14542.77,582,3854,3.85,34,-43.63,20.52,-52,58.99,85,-18.45,7.69,0,0,0,0,0,0,5,2.5,14.71,3.69,4617,On
-44.75,12.6,124.7,14575.46,582,3854,3.85,26.25,-34.58,16.33,-52,46.39,121,-17.86,7.82,0,0,0,0,0,0,5,2.5,14.71,3.69,4623,On
-44.69,12.55,124.02,14606.22,571,3786,3.79,35.67,-49.18,23.62,-54,65.19,86,-17.57,8,0,0,0,0,0,0,5,2.5,14.71,3.69,4628,On
-44.63,12.5,123.35,14637.2,572,3794,3.79,53.31,-20.33,23.27,-20,61.62,304,-19.03,8.24,0,0,0,0,0,0,5,2.5,14.71,3.69,4634,On
-44.56,12.45,122.67,14668.04,580,3845,3.85,54.89,-10.13,25.31,-10,61.29,0,-18.87,8.29,0,0,0,0,0,0,5,2.5,14.71,3.69,4639,On
-44.63,12.4,122.01,14698.46,561,3718,3.72,26.68,-42.38,19.22,-57,53.64,0,-19.04,8.06,0,0,0,0,0,0,5,2.5,14.71,3.69,4645,On
-44.56,12.35,121.4,14726.83,563,3733,3.73,0.37,-29.71,22.02,-89,36.98,0,-18.77,7.95,0,0,0,0,0,0,5,2.5,14.71,3.69,4651,On
-44.63,12.3,120.8,14754.98,559,3702,3.7,-0.06,-34.18,23.54,-90,41.51,0,-18.54,7.9,0,0,0,0,0,0,5,2.5,14.71,3.69,4656,On
-44.5,12.25,120.22,14782.04,568,3762,3.76,1.06,-9.83,21.67,-83,23.82,197,-19.27,7.75,0,0,0,0,0,0,5,2.5,14.71,3.69,4662,On
-44.56,12.2,119.64,14808.94,576,3819,3.82,30.21,-38.46,17.67,-51,52,271,-19.62,7.66,0,0,0,0,0,0,5,2.5,14.71,3.69,4667,On
-44.44,12.15,119.09,14835.17,589,3894,3.89,-0.46,-26.54,21.85,-90,34.38,0,-19.28,7.56,0,0,0,0,0,0,5,2.5,14.71,3.69,4673,On
-44.44,12.1,118.56,14860.09,580,3841,3.84,40.72,-25.46,17.31,-32,51.05,333,-20.66,7.44,0,0,0,0,0,0,5,2.5,14.71,3.69,4679,On
-44.44,12.05,118.01,14886.04,564,3735,3.74,2.48,-10.77,20.37,-77,23.18,119,-20.57,7.37,0,0,0,0,0,0,5,2.5,14.71,3.69,4684,On
-44.31,12.01,117.47,14911.87,617,4087,4.09,-1.96,-29.93,23.31,-93,37.99,80,-20.33,7.17,0,0,0,0,0,0,5,2.5,14.71,3.69,4690,On
-44.25,11.96,116.92,14937.8,611,4047,4.05,38.27,-22.18,16.29,-30,47.14,29,-20.75,7.04,0,0,0,0,0,0,5,2.5,14.71,3.69,4696,On
-44.25,11.91,116.41,14962.62,610,4045,4.05,0.54,-8.92,23.46,-86,25.1,106,-21.89,6.89,0,0,0,0,0,0,5,2.5,14.71,3.69,4701,On
-44.06,11.86,115.89,14987.55,621,4113,4.11,7.46,-36.81,20.17,-78,42.63,66,-22.04,6.84,0,0,0,0,0,0,5,2.5,14.71,3.69,4707,On
-44.06,11.81,115.37,15012.5,641,4246,4.25,9.96,-5.92,19.35,-30,22.55,205,-22.65,6.59,0,0,0,0,0,0,5,2.5,14.71,3.69,4712,On
-43.94,11.77,114.86,15037.47,627,4158,4.16,32.38,-17.75,15.58,-28,40.08,0,-21.11,6.52,0,0,0,0,0,0,5,2.5,14.71,3.69,4718,On
-43.81,11.72,114.35,15061.9,639,4236,4.24,9.68,-30.62,18.21,-72,36.92,0,-20.87,6.51,0,0,0,0,0,0,5,2.5,14.71,3.69,4724,On
-43.88,11.67,113.83,15087.37,634,4199,4.2,14.98,-53.52,27.22,-74,61.88,129,-20.56,6.82,0,0,0,0,0,0,5,2.5,14.71,3.69,4729,On
-43.88,11.62,113.28,15114.31,590,3907,3.91,46.38,-9.68,20.12,-11,51.47,419,-20.85,7.08,0,0,0,0,0,0,5,2.5,14.71,3.69,4735,On
-43.75,11.58,112.72,15141.94,633,4192,4.19,7.67,-6.81,18.87,-41,21.48,74,-20.47,7.32,0,0,0,0,0,0,5,2.5,14.71,3.69,4740,On
-43.56,11.53,112.17,15169.13,684,4529,4.53,0.06,-8.75,22.6,-89,24.23,0,-19.74,7.47,0,0,0,0,0,0,5,2.5,14.71,3.69,4746,On
-43.5,11.48,111.66,15194.53,689,4567,4.57,4.23,-5.13,21.04,-50,22.07,45,-20.04,8.04,0,0,0,0,0,0,5,2.5,14.71,3.69,4752,On
-43.44,11.44,111.16,15219.27,675,4474,4.47,15.46,-49.88,24.29,-72,57.59,0,-19.66,8.35,0,0,0,0,0,0,5,2.5,14.71,3.69,4757,On
-43.38,11.39,110.66,15244.17,673,4460,4.46,22.58,-15.13,15.77,-33,31.42,42,-19.25,8.48,0,0,0,0,0,0,5,2.5,14.71,3.69,4763,On
-43.44,11.34,110.16,15268.99,671,4449,4.45,16.92,-29.97,15.98,-60,37.95,409,-19.35,8.58,0,0,0,0,0,0,5,2.5,14.71,3.69,4769,On
-43.5,11.3,109.67,15293.86,684,4530,4.53,16.04,-34.93,17.27,-65,42.14,185,-19.54,8.58,0,0,0,0,0,0,5,2.5,14.71,3.69,4774,On
-43.56,11.25,109.17,15318.96,677,4488,4.49,7.67,-5.39,18.79,-35,21,203,-19.58,8.59,0,0,0,0,0,0,5,2.5,14.71,3.69,4780,On
-43.56,11.21,108.65,15345.47,687,4552,4.55,14.81,-35.47,17.5,-67,42.24,0,-19.17,8.77,0,0,0,0,0,0,5,2.5,14.71,3.69,4785,On
-43.81,11.16,108.13,15371.68,687,4552,4.55,48.92,-29.81,21,-31,61.01,69,-19.25,8.98,0,0,0,0,0,0,5,2.5,14.71,3.69,4791,On
-43.88,11.12,107.57,15400.54,717,4748,4.75,-0.37,13.06,33.27,91,35.74,242,-19.2,9.1,0,0,0,0,0,0,5,2.5,14.71,3.69,4797,On
-43.94,11.07,107.02,15428.74,730,4834,4.83,-6.96,-34.22,27.54,-101,44.48,0,-18.51,9.02,0,0,0,0,0,0,5,2.5,14.71,3.69,4802,On
-44,11.03,106.47,15456.85,729,4827,4.83,-1.77,-10.52,22.52,-99,24.91,26,-19.22,8.8,0,0,0,0,0,0,5,2.5,14.71,3.69,4808,On
-44,10.98,105.93,15484.94,759,5027,5.03,16.17,-28.56,15.81,-60,36.43,60,-18.82,8.62,0,0,0,0,0,0,5,2.5,14.71,3.69,4813,On
-44.06,10.94,105.4,15512.35,756,5012,5.01,19.52,0.06,19.5,0,27.59,149,-18.79,8.38,0,0,0,0,0,0,5,2.5,14.71,3.69,4819,On
-44.06,10.89,104.89,15538.88,740,4906,4.91,46.54,-37.85,22.33,-39,64.01,61,-19.29,8.29,0,0,0,0,0,0,5,2.5,14.71,3.69,4825,On
-44.25,10.85,104.39,15565.28,725,4803,4.8,39.71,-39.22,19.97,-44,59.28,0,-18.68,8.15,0,0,0,0,0,0,5,2.5,14.71,3.69,4830,On
-44.31,10.8,103.89,15591.35,725,4804,4.8,22.06,-2.08,17.46,-5,28.21,0,-18.84,8.1,0,0,0,0,0,0,5,2.5,14.71,3.69,4836,On
-44.44,10.76,103.39,15617.75,711,4708,4.71,29.37,-30.22,15.42,-45,44.88,207,-19.45,7.91,0,0,0,0,0,0,5,2.5,14.71,3.69,4842,On
-44.38,10.72,102.9,15643.93,708,4693,4.69,37.79,-29.5,16.96,-37,50.85,223,-19.43,7.79,0,0,0,0,0,0,5,2.5,14.71,3.69,4847,On
-44.5,10.67,102.39,15670.7,704,4668,4.67,10.14,2.04,21.42,11,23.78,80,-19.86,7.73,0,0,0,0,0,0,5,2.5,14.71,3.69,4853,On
-44.56,10.63,101.9,15697.02,726,4807,4.81,-2,12.5,34.29,99,36.55,121,-19.63,7.64,0,0,0,0,0,0,5,2.5,14.71,3.69,4858,On
-44.56,10.58,101.41,15723.44,753,4986,4.99,29.14,-8.83,15.98,-16,34.39,260,-20.02,7.66,0,0,0,0,0,0,5,2.5,14.71,3.69,4864,On
-44.69,10.54,100.93,15749.23,758,5019,5.02,17.97,-27.79,15.5,-57,36.55,87,-19.32,7.73,0,0,0,0,0,0,5,2.5,14.71,3.69,4870,On
-44.56,10.5,100.43,15776.02,740,4901,4.9,34.79,-34.38,16.87,-44,51.74,99,-19.06,7.89,0,0,0,0,0,0,5,2.5,14.71,3.69,4875,On
-44.56,10.46,99.96,15801.7,722,4785,4.79,26.29,-1.73,17.77,-3,31.78,166,-19.35,8.1,0,0,0,0,0,0,5,2.5,14.71,3.69,4881,On
-44.38,10.41,99.5,15826.41,730,4835,4.84,13.52,-49.27,24.06,-74,56.47,0,-18.75,8.21,0,0,0,0,0,0,5,2.5,14.71,3.69,4886,On
-44.5,10.37,99.06,15850.55,736,4874,4.87,-4.89,-28.37,23.93,-99,37.44,0,-18.77,8.22,0,0,0,0,0,0,5,2.5,14.71,3.69,4892,On
-44.38,10.33,98.61,15875.52,726,4813,4.81,31.39,-34.1,16.25,-47,49.12,268,-19.22,8.08,0,0,0,0,0,0,5,2.5,14.71,3.69,4898,On
-44.5,10.29,98.17,15899.66,733,4858,4.86,6.27,-25.54,18.02,-76,31.88,127,-18.8,8.07,0,0,0,0,0,0,5,2.5,14.71,3.69,4903,On
-44.38,10.25,97.73,15923.98,736,4880,4.88,37.04,-37.72,18.37,-45,55.97,0,-18.93,8,0,0,0,0,0,0,5,2.5,14.71,3.69,4909,On
-44.44,10.2,97.29,15948.43,718,4758,4.76,2.48,-35.79,21.97,-86,42.07,0,-19.01,7.89,0,0,0,0,0,0,5,2.5,14.71,3.69,4914,On
-44.38,10.16,96.85,15972.48,655,4337,4.34,16.83,-39.92,18.56,-67,47.13,72,-19.58,7.68,0,0,0,0,0,0,5,2.5,14.71,3.69,4920,On
-44.38,10.12,96.42,15996.46,601,3980,3.98,52.92,-22.27,23.14,-22,61.9,0,-20.02,7.59,0,0,0,0,0,0,5,2.5,14.71,3.69,4926,On
-44.5,10.08,95.98,16021.22,603,3993,3.99,20.52,-42.58,18.87,-64,50.9,48,-20.28,7.48,0,0,0,0,0,0,5,2.5,14.71,3.69,4931,On
-44.44,10.04,95.56,16044.99,526,3487,3.49,22.29,0.52,18.21,1,28.79,149,-19.91,7.28,0,0,0,0,0,0,5,2.5,14.71,3.69,4937,On
-44.5,10,95.13,16069.25,577,3822,3.82,17.97,-22.87,14.96,-51,32.71,180,-20.55,7.06,0,0,0,0,0,0,5,2.5,14.71,3.69,4943,On
-44.56,9.96,94.68,16094.61,575,3809,3.81,29.58,-39.58,18.17,-53,52.65,480,-22.06,6.82,0,0,0,0,0,0,5,2.5,14.71,3.69,4948,On
-44.5,9.91,94.22,16121,607,4024,4.02,51,-27.56,21.71,-28,61.9,0,-21.09,6.71,0,0,0,0,0,0,5,2.5,14.71,3.69,4954,On
-44.38,9.87,93.75,16147.54,603,3999,4,24.08,-39.58,17.14,-58,49.4,110,-20.98,6.64,0,0,0,0,0,0,5,2.5,14.71,3.69,4959,On
-44.31,9.83,93.3,16173.42,611,4048,4.05,30.37,-5.08,17.27,-9,35.31,56,-20.45,6.76,0,0,0,0,0,0,5,2.5,14.71,3.69,4965,On
-44.19,9.8,92.87,16198.41,616,4081,4.08,21.89,-33.68,15.81,-56,43.17,114,-20.15,6.95,0,0,0,0,0,0,5,2.5,14.71,3.69,4971,On
-44.06,9.76,92.43,16223.4,615,4076,4.08,35.75,-7.33,17.18,-11,40.34,92,-19.93,7.45,0,0,0,0,0,0,5,2.5,14.71,3.69,4976,On
-43.94,9.72,92.01,16247.83,687,4549,4.55,35.14,-39.18,18.83,-48,55.9,0,-19.82,7.68,0,0,0,0,0,0,5,2.5,14.71,3.69,4982,On
-43.88,9.68,91.6,16271.85,743,4920,4.92,24.79,-7.81,17.06,-17,31.09,0,-19.59,7.85,0,0,0,0,0,0,5,2.5,14.71,3.69,4987,On
-43.88,9.64,91.16,16297.38,700,4642,4.64,4.68,-10.35,18.68,-65,21.87,49,-19.83,7.93,0,0,0,0,0,0,5,2.5,14.71,3.69,4993,On
-43.81,9.6,90.73,16322.63,750,4972,4.97,6.6,-39.63,21.18,-80,45.41,235,-19.58,8.13,0,0,0,0,0,0,5,2.5,14.71,3.69,4999,On
-43.69,9.56,90.31,16347.65,752,4981,4.98,39.71,-9.79,18.17,-13,44.75,70,-19.01,8.17,0,0,0,0,0,0,5,2.5,14.71,3.69,5004,On
-43.56,9.52,89.88,16372.87,749,4965,4.97,9.68,-15.29,16.75,-57,24.66,80,-18.99,8.5,0,0,0,0,0,0,5,2.5,14.71,3.69,5010,On
-43.56,9.48,89.46,16397.6,746,4945,4.95,-7.5,-26.47,26.17,-105,37.97,178,-18.73,8.93,0,0,0,0,0,0,5,2.5,14.71,3.69,5016,On
-43.44,9.44,89.03,16423.69,716,4742,4.74,29.29,1.93,19.31,3,35.14,51,-18.45,9,0,0,0,0,0,0,5,2.5,14.71,3.69,5021,On
-43.38,9.4,88.59,16449.46,703,4661,4.66,21.75,-43.58,19.77,-63,52.57,0,-19.08,9,0,0,0,0,0,0,5,2.5,14.71,3.69,5027,On
-43.31,9.36,88.17,16474.8,712,4717,4.72,37.56,-23.96,16.33,-32,47.45,126,-18.94,8.88,23,12,0,0,0,0,5,2.5,14.71,3.69,5032,On
-43.19,9.32,87.76,16499.5,718,4758,4.76,24.92,-31.22,14.92,-51,42.64,218,-19.22,8.7,107,58,0,0,0,0,5,2.5,14.71,3.69,5038,On
-43.25,9.28,87.35,16524.12,707,4682,4.68,45.27,-19.64,18.96,-23,52.86,0,-19.48,8.61,208,105,0,0,0,0,5,2.5,14.71,3.69,5044,On
-43.13,9.24,86.95,16548.42,694,4596,4.6,-2.35,-30.96,23.67,-94,39.04,0,-19.54,8.51,223,102,0,0,0,0,5,2.5,14.71,3.69,5049,On
-43,9.2,86.56,16572.31,674,4463,4.46,8.33,-43.1,22.12,-79,49.16,139,-18.89,8.29,345,172,0,0,0,0,5,2.5,14.71,3.69,5055,On
-43,9.17,86.16,16596.64,582,3859,3.86,24.93,-37.93,16.96,-56,48.46,57,-18.68,8.12,741,388,0,0,0,0,5,2.5,14.71,3.69,5060,On
-42.88,9.13,85.78,16620.33,592,3922,3.92,16.6,-47.21,22.08,-70,54.7,70,-18.16,8.3,966,490,0,0,0,0,5,2.5,14.71,3.69,5066,On
-42.69,9.09,85.37,16645.21,600,3977,3.98,9.83,-36.43,19.27,-74,42.37,0,-18.66,8.5,818,390,0,0,0,0,5,2.5,14.71,3.69,5072,On
-42.69,9.05,84.97,16670.17,610,4045,4.05,-10.67,-27.22,28.6,-111,40.9,152,-18.55,8.69,544,236,0,0,0,0,5,2.5,14.71,3.69,5077,On
-42.5,9.02,84.55,16696.04,610,4043,4.04,27.27,-55.77,27.89,-63,68.05,64,-18.18,8.73,361,145,0,0,0,0,5,2.5,14.71,3.69,5083,On
-42.38,8.98,84.13,16722.49,607,4020,4.02,23.47,-39.88,18.12,-59,49.7,108,-18.21,8.76,212,75,0,0,0,0,5,2.5,14.71,3.69,5089,On
-42.19,8.94,83.72,16747.92,617,4091,4.09,12.81,-45.39,21.58,-74,51.87,62,-17.72,8.8,131,28,0,0,0,0,5,2.5,14.71,3.69,5094,On
-42.06,8.9,83.32,16773.28,632,4186,4.19,48.27,-31.83,21.1,-33,61.55,0,-17.75,9.21,65,1,0,0,0,0,5,2.5,14.71,3.69,5100,On
-42,8.86,82.92,16798.35,661,4377,4.38,3.5,-22.87,18.96,-81,29.92,63,-17.98,9.32,22,0,0,0,0,0,5,2.5,14.71,3.69,5105,On
-41.94,8.83,82.52,16824.04,679,4496,4.5,3.48,-14.77,19.42,-76,24.64,130,-18.07,9.07,1,0,0,0,0,0,5,2.5,14.71,3.69,5111,On
-41.88,8.79,82.11,16849.55,662,4384,4.38,-1.54,-36.22,23.89,-92,43.42,0,-18.21,8.83,0,0,0,0,0,0,5,2.5,14.71,3.69,5117,On
-41.75,8.75,81.72,16874.74,705,4675,4.68,48.39,-3.38,23.14,-3,53.75,19,-17.58,8.72,0,0,0,0,0,0,5,2.5,14.71,3.69,5122,On
-41.88,8.71,81.33,16899.83,742,4915,4.92,-1.17,-0.79,25.14,-145,25.18,0,-17.33,8.83,0,0,0,0,0,0,5,2.5,14.71,3.69,5128,On
-41.88,8.68,80.93,16925.26,702,4649,4.65,33.68,-9.83,16.87,-16,38.94,62,-17.62,8.94,0,0,0,0,0,0,5,2.5,14.71,3.69,5133,On
-41.94,8.64,80.55,16950.25,716,4742,4.74,9.48,-10.04,17.35,-46,22.17,161,-18.35,8.83,0,0,0,0,0,0,5,2.5,14.71,3.69,5139,On
-41.88,8.6,80.16,16975.27,708,4689,4.69,19.52,-3.75,17.77,-10,26.66,88,-18.12,8.54,0,0,0,0,0,0,5,2.5,14.71,3.69,5145,On
-41.81,8.57,79.79,16999.14,700,4641,4.64,-2.48,-12.46,22.75,-101,26.06,139,-17.98,8.32,0,0,0,0,0,0,5,2.5,14.71,3.69,5150,On
-41.88,8.53,79.42,17023.37,703,4658,4.66,28.81,-41.6,18.6,-55,53.91,120,-18.18,8.07,0,0,0,0,0,0,5,2.5,14.71,3.69,5156,On
-41.94,8.5,79.03,17049.19,721,4776,4.78,29.64,-15.77,15.06,-28,36.8,3,-17.65,8.01,0,0,0,0,0,0,5,2.5,14.71,3.69,5161,On
-42.06,8.46,78.62,17076.05,748,4953,4.95,23,-9.1,15.14,-21,29,0,-18.21,8.26,0,0,0,0,0,0,5,2.5,14.71,3.69,5167,On
-42.31,8.43,78.17,17105.58,759,5026,5.03,9.88,16.89,32.02,59,37.52,0,-18.3,8.3,0,0,0,0,0,0,5,2.5,14.71,3.69,5173,On
-42.56,8.39,77.67,17139.12,731,4841,4.84,31.35,30.37,45.71,44,63.2,249,-20.83,8.01,0,0,0,0,0,0,5,2.5,14.71,3.69,5178,On
-42.69,8.36,77.07,17179.38,689,4568,4.57,23.87,-53.06,24.6,-65,63.17,85,-21.44,7.86,0,0,0,0,0,0,5,2.5,14.71,3.69,5184,On
-42.69,8.32,76.46,17220.22,716,4745,4.75,20.08,-4.06,16.75,-11,26.46,0,-20.53,7.62,0,0,0,0,0,0,5,2.5,14.71,3.69,5190,On
-42.75,8.29,75.9,17258.28,711,4708,4.71,7.18,-53.35,29.58,-82,61.42,0,-20.12,7.64,55,25,0,0,0,0,5,2.5,14.71,3.69,5195,On
-42.88,8.25,75.33,17297.1,714,4732,4.73,29.14,-52.96,24.64,-61,65.28,0,-20.88,7.42,93,24,0,0,0,0,5,2.5,14.71,3.69,5201,On
-42.81,8.22,74.79,17333.82,717,4751,4.75,-9,-2.42,30.92,-164,32.29,180,-20.39,7.24,60,3,0,0,0,0,5,2.5,14.71,3.69,5206,On
-42.94,8.18,74.27,17369.94,713,4728,4.73,23,25.06,35.43,47,49.12,0,-20.84,7.13,17,0,0,0,0,0,5,2.5,14.71,3.69,5212,On
-43.06,8.15,73.75,17405.6,704,4665,4.67,-12.21,-48.35,41.54,-104,64.9,139,-21.01,7.01,2,0,0,0,0,0,5,2.5,14.71,3.69,5218,On
-43,8.12,73.24,17441.12,705,4673,4.67,-5.96,-35.71,26.68,-99,44.97,23,-20.59,6.79,0,0,0,0,0,0,5,2.5,14.71,3.69,5223,On
-42.94,8.08,72.75,17475.19,743,4920,4.92,37.47,-23.39,16.21,-31,47.06,186,-20.32,6.69,0,0,0,0,0,0,5,2.5,14.71,3.69,5229,On
-42.81,8.05,72.3,17507.28,782,5178,5.18,33.38,0.71,20.21,1,39.02,8,-19.89,6.61,0,0,0,0,0,0,5,2.5,14.71,3.69,5234,On
-42.56,8.01,71.87,17537.66,796,5271,5.27,32.33,-30.71,15.58,-43,47.24,91,-19.72,6.68,0,0,0,0,0,0,5,2.5,14.71,3.69,5240,On
-42.5,7.98,71.47,17566.01,799,5294,5.29,26.87,-40.64,17.31,-56,51.71,61,-19.03,6.84,0,0,0,0,0,0,5,2.5,14.71,3.69,5246,On
-42.38,7.95,71.09,17593.17,756,5014,5.01,-7.1,-26.27,24.87,-105,36.87,69,-18.9,7,0,0,0,0,0,0,5,2.5,14.71,3.69,5251,On
-42.19,7.91,70.73,17619.36,760,5039,5.04,12.96,-19.72,15.89,-56,28.45,50,-18.31,7.37,0,0,0,0,0,0,5,2.5,14.71,3.69,5257,On
-42.13,7.88,70.37,17644.86,755,5005,5.01,31.22,-3.5,18.33,-6,36.38,38,-17.96,7.6,0,0,0,0,0,0,5,2.5,14.71,3.69,5262,On
-41.81,7.85,70.02,17670.15,737,4883,4.88,11.77,-35.92,17.89,-71,41.82,46,-17.46,8.32,0,0,0,0,0,0,5,2.5,14.71,3.69,5268,On
-41.75,7.81,69.68,17694.66,730,4838,4.84,30.25,-42.58,18.6,-54,55.45,33,-17.37,8.79,0,0,0,0,0,0,5,2.5,14.71,3.69,5274,On
-41.56,7.78,69.35,17719.13,736,4877,4.88,13.71,-35.14,16.83,-68,41.31,27,-17.02,9.17,0,0,0,0,0,0,5,2.5,14.71,3.69,5279,On
-41.63,7.75,69.01,17744.13,745,4937,4.94,-1.06,-17.22,20.6,-93,26.87,82,-17.19,9.34,0,0,0,0,0,0,5,2.5,14.71,3.69,5285,On
-41.5,7.72,68.68,17768.22,766,5072,5.07,1.93,-39.35,23.18,-87,45.71,0,-17.36,9.53,0,0,0,0,0,0,5,2.5,14.71,3.69,5291,On
-41.31,7.68,68.35,17792.64,749,4960,4.96,15.1,-44.43,20.43,-71,51.18,65,-17.32,9.48,0,0,0,0,0,0,5,2.5,14.71,3.69,5296,On
-41.25,7.65,68.07,17813.54,724,4794,4.79,18.42,-6.46,16.43,-19,25.51,225,-17.26,9.08,0,0,0,0,0,0,5,2.5,14.71,3.69,5302,On
-41.25,7.62,67.85,17829.46,708,4692,4.69,14.54,-28.85,15.77,-63,35.95,114,-17.34,8.91,0,0,0,0,0,0,5,2.5,14.71,3.69,5307,On
-41.31,7.58,67.69,17841.64,740,4901,4.9,21.75,-30.75,14.75,-54,40.45,175,-17.48,8.94,0,0,0,0,0,0,5,2.5,14.71,3.69,5313,On
-41.19,7.55,67.56,17851.03,719,4767,4.77,25.68,-5.73,17.62,-12,31.67,0,-17.64,8.94,0,0,0,0,0,0,5,2.5,14.71,3.69,5319,On
-40.94,7.52,67.46,17858.27,734,4867,4.87,-7.81,-22.14,24.87,-109,34.21,0,-17.62,8.72,0,0,0,0,0,0,5,2.5,14.71,3.69,5324,On
-40.75,7.49,67.39,17863.91,708,4692,4.69,19.47,2.77,21.22,8,28.94,0,-17.95,8.29,0,0,0,0,0,0,5,2.5,14.71,3.69,5330,On
-40.63,7.45,67.33,17868.37,711,4712,4.71,-6.31,-10.21,25.46,-121,28.14,94,-17.5,8.03,0,0,0,0,0,0,5,2.5,14.71,3.69,5335,On
-40.44,7.42,67.28,17871.91,708,4693,4.69,26.85,-30.18,14.92,-48,43.06,53,-17.26,7.81,0,0,0,0,0,0,5,2.5,14.71,3.69,5341,On
-40.38,7.39,67.24,17874.8,706,4679,4.68,-3.83,-19.72,22.47,-100,30.15,0,-16.94,7.85,0,0,0,0,0,0,5,2.5,14.71,3.69,5347,On
-40.31,7.36,67.21,17877.18,699,4629,4.63,31.22,-13.14,15.67,-22,37.32,0,-17.46,8.02,0,0,0,0,0,0,5,2.5,14.71,3.69,5352,On
-40.31,7.32,67.18,17879.21,698,4622,4.62,37.68,-5.6,18.92,-8,42.54,90,-17.43,7.97,0,0,0,0,0,0,5,2.5,14.71,3.69,5358,On
-40.19,7.29,67.16,17880.89,714,4728,4.73,33.25,-35.79,16.6,-47,51.6,3,-17.72,7.86,0,0,0,0,0,0,5,2.5,14.71,3.69,5363,On
-40.19,7.26,67.14,17882.35,754,4993,4.99,22.89,3.98,20.02,9,30.67,92,-17.39,7.79,0,0,0,0,0,0,5,2.5,14.71,3.69,5369,On
-40.13,7.23,67.12,17883.66,793,5255,5.26,13,-43.06,20.6,-73,49.47,0,-17.26,7.76,0,0,0,0,0,0,5,2.5,14.71,3.69,5375,On
-40.06,7.2,67.11,17884.85,772,5112,5.11,14.81,3.58,20.25,13,25.34,147,-17.99,8.03,0,0,0,0,0,0,5,2.5,14.71,3.69,5380,On
-40,7.17,67.09,17885.94,765,5069,5.07,45.67,-7.02,22.02,-8,51.18,129,-17.55,7.95,0,0,0,0,0,0,5,2.5,14.71,3.69,5386,On
-39.94,7.14,67.08,17886.98,770,5100,5.1,37.08,-12.54,16.79,-18,42.6,0,-17.42,7.72,0,0,0,0,0,0,5,2.5,14.71,3.69,5392,On
-40,7.11,67.07,17887.92,755,5003,5,16.39,-43.02,19.04,-69,49.82,99,-17.37,7.52,0,0,0,0,0,0,5,2.5,14.71,3.69,5397,On
-40,7.08,67.06,17888.87,744,4927,4.93,20.21,-22.52,14.39,-48,33.5,0,-17.11,7.4,0,0,0,0,0,0,5,2.5,14.71,3.69,5403,On
-40.25,7.04,67.04,17889.79,754,4995,5,-3.88,-15.42,23.93,-104,28.73,39,-18.41,7.35,0,0,0,0,0,0,5,2.5,14.71,3.69,5408,On
-40.38,7.01,67.03,17890.67,721,4774,4.77,1.93,-16.1,19.5,-83,25.36,179,-18.09,7.32,0,0,0,0,0,0,5,2.5,14.71,3.69,5414,On
-40.38,6.98,67.02,17891.51,736,4874,4.87,48.71,-18.83,20.25,-21,56.01,0,-17.93,7.17,0,0,0,0,0,0,5,2.5,14.71,3.69,5420,On
-40.25,6.95,67.01,17892.36,778,5152,5.15,25.14,-12.67,15.27,-26,32.03,63,-17.55,7.22,0,0,0,0,0,0,5,2.5,14.71,3.69,5425,On
-40.31,6.92,67,17893.2,789,5225,5.23,44.29,-19.25,18.37,-23,51.67,0,-17.3,7.42,0,0,0,0,0,0,5,2.5,14.71,3.69,5431,On
-40.31,6.89,66.99,17894,767,5085,5.09,2.71,-3.18,22.33,-49,22.72,27,-17.72,7.62,0,0,0,0,0,0,5,2.5,14.71,3.69,5436,On
-40.31,6.86,66.98,17894.82,772,5112,5.11,28.46,-30.06,14.92,-46,44,0,-17.55,7.43,0,0,0,0,0,0,5,2.5,14.71,3.69,5442,On
-40.31,6.83,66.97,17895.63,756,5009,5.01,27.6,5.31,21.46,10,35.36,52,-17.57,7.31,0,0,0,0,0,0,5,2.5,14.71,3.69,5448,On
-40.25,6.8,66.95,17896.45,764,5064,5.06,13.17,-7.93,17.58,-31,23.36,232,-18.18,7.08,0,0,0,0,0,0,5,2.5,14.71,3.69,5453,On
-40.13,6.77,66.94,17897.24,774,5129,5.13,0.27,-43.54,25.97,-89,50.7,45,-18.05,7.11,0,0,0,0,0,0,5,2.5,14.71,3.69,5459,On
-40.25,6.74,66.93,17898.02,760,5033,5.03,32.31,-26.79,14.88,-39,44.53,14,-18.07,6.91,0,0,0,0,0,0,5,2.5,14.71,3.69,5464,On
-40,6.71,66.92,17898.83,747,4950,4.95,7.42,-6.68,18.17,-42,20.73,0,-17.71,6.75,0,0,0,0,0,0,5,2.5,14.71,3.69,5470,On
-40.06,6.69,66.91,17899.6,760,5033,5.03,16.92,-44.22,19.89,-69,51.36,0,-17.77,6.69,0,0,0,0,0,0,5,2.5,14.71,3.69,5476,On
-40,6.66,66.9,17900.38,768,5086,5.09,33.88,-49.18,22.87,-55,63.95,54,-17.48,6.72,0,0,0,0,0,0,5,2.5,14.71,3.69,5481,On
-40,6.63,66.89,17901.14,757,5013,5.01,24.08,-6.04,16.79,-14,29.97,0,-17.14,6.92,0,0,0,0,0,0,5,2.5,14.71,3.69,5487,On
-39.94,6.6,66.88,17901.92,743,4924,4.92,37.64,-12.93,16.43,-18,43.06,0,-16.95,7.2,0,0,0,0,0,0,5,2.5,14.71,3.69,5492,On
-40,6.57,66.87,17902.67,755,5002,5,28.54,-25.93,14.08,-42,41.05,81,-16.61,7.42,0,0,0,0,0,0,5,2.5,14.71,3.69,5498,On
-40.06,6.54,66.86,17903.46,766,5077,5.08,-7.75,-28.64,25.89,-105,39.38,116,-16.7,7.54,0,0,0,0,0,0,5,2.5,14.71,3.69,5504,On
-40.06,6.51,66.85,17904.21,736,4877,4.88,35.04,-27.52,15.67,-38,47.23,81,-16.64,7.82,0,0,0,0,0,0,5,2.5,14.71,3.69,5509,On
-40.19,6.48,66.84,17904.96,739,4896,4.9,12.29,-32.31,16.87,-69,38.47,22,-16.43,8.18,0,0,0,0,0,0,5,2.5,14.71,3.69,5515,On
-40.19,6.45,66.83,17905.76,738,4893,4.89,31.08,-29.77,15.42,-43,45.72,14,-16.15,8.43,0,0,0,0,0,0,5,2.5,14.71,3.69,5521,On
-40.25,6.43,66.82,17906.5,723,4792,4.79,15.42,-27.04,15.06,-60,34.58,0,-16.15,8.41,0,0,0,0,0,0,5,2.5,14.71,3.69,5526,On
-40.25,6.4,66.81,17907.25,731,4847,4.85,20.39,-16.42,14.48,-38,29.91,175,-16.94,8.31,0,0,0,0,0,0,5,2.5,14.71,3.69,5532,On
-40.31,6.37,66.8,17908.02,747,4947,4.95,30.43,-6.77,15.98,-12,35.03,63,-16.83,8.07,0,0,0,0,0,0,5,2.5,14.71,3.69,5537,On
-40.25,6.34,66.79,17908.78,727,4814,4.81,30.72,-34.97,16.52,-48,49.4,0,-16.7,7.94,0,0,0,0,0,0,5,2.5,14.71,3.69,5543,On
-40.38,6.31,66.78,17909.51,685,4536,4.54,49.1,-38.25,23.54,-37,66.54,60,-16.88,7.75,0,0,0,0,0,0,5,2.5,14.71,3.69,5549,On
-40.38,6.29,66.77,17910.24,641,4250,4.25,21.97,17.35,27.54,38,39.27,95,-16.64,7.37,0,0,0,0,0,0,5,2.5,14.71,3.69,5554,On
-40.31,6.26,66.76,17910.98,680,4504,4.5,0,-34.79,22.43,-90,41.4,19,-16.35,7.34,0,0,0,0,0,0,5,2.5,14.71,3.69,5560,On
-40.19,6.23,66.75,17911.7,720,4770,4.77,20.31,-8.71,16.79,-23,27.75,0,-16.09,7.67,253,167,0,0,0,0,5,2.5,14.71,3.69,5565,On
-40.13,6.21,66.75,17912.13,715,4735,4.74,-0.67,-22.67,20.25,-91,30.4,53,-16.02,7.88,2088,1473,0,0,0,0,5,2.5,14.71,3.69,5571,On
-40,6.2,66.74,17912.62,724,4799,4.8,22.29,-38.85,16.68,-60,47.8,39,-15.74,8.29,6647,4752,0,0,0,0,5,2.5,14.71,3.69,5577,On
-39.94,6.16,66.73,17913.49,717,4752,4.75,25.77,-35.43,15.89,-53,46.6,17,-15.67,8.53,10891,7792,0,0,0,0,5,2.5,14.71,3.69,5582,On
-39.88,6.13,66.72,17914.3,718,4757,4.76,15.02,-19.37,15.58,-52,29.05,20,-15.58,8.74,14744,10412,0,0,0,0,5,2.5,14.71,3.69,5588,On
-39.81,6.1,66.71,17915.09,719,4763,4.76,51.17,-33.29,22.92,-33,65.2,35,-15.42,9,15296,10651,0,0,0,0,5,2.5,14.71,3.69,5593,On
-39.81,6.07,66.7,17915.9,683,4523,4.52,21.18,-27.83,14.96,-52,38.04,38,-15.48,9.17,13336,9179,0,0,0,0,5,2.5,14.71,3.69,5599,On
-39.75,6.04,66.69,17916.68,718,4754,4.75,32.72,-31.71,15.5,-44,48.13,64,-15.36,9.05,10469,7131,0,0,0,0,5,2.5,14.71,3.69,5605,On
-39.56,6.01,66.68,17917.46,775,5132,5.13,27.79,0.79,18.6,1,33.45,63,-15.24,8.9,7481,4973,0,0,0,0,5,2.5,14.71,3.69,5610,On
-39.38,5.99,66.67,17918.2,842,5578,5.58,11.68,-1.48,19.89,-7,23.12,58,-14.96,8.97,5614,3621,0,0,0,0,5,2.5,14.71,3.69,5616,On
-39.44,5.96,66.66,17918.92,825,5465,5.47,-8.68,-30.87,27.1,-105,41.99,0,-15.3,8.97,3900,2434,0,0,0,0,5,2.5,14.71,3.69,5622,On
-39.31,5.93,66.65,17919.66,826,5475,5.48,41.13,-6.98,18.75,-9,45.73,48,-15.38,8.73,2829,1728,0,0,0,0,5,2.5,14.71,3.69,5627,On
-39.31,5.9,66.64,17920.38,809,5359,5.36,3.54,-33.5,20.37,-83,39.37,89,-15.24,8.28,1895,1134,0,0,0,0,5,2.5,14.71,3.69,5633,On
-39.13,5.88,66.63,17921.07,818,5423,5.42,12.88,-24.42,15.23,-62,31.52,50,-15.07,8.18,1338,777,0,0,0,0,5,2.5,14.71,3.69,5638,On
-39.06,5.85,66.62,17921.78,835,5530,5.53,22.33,-37.72,16.12,-59,46.71,72,-14.96,8.24,852,479,0,0,0,0,5,2.5,14.71,3.69,5644,On
-38.94,5.83,66.61,17922.5,846,5606,5.61,38.71,-14.88,17.18,-21,44.89,40,-14.89,8.34,618,341,0,0,0,0,5,2.5,14.71,3.69,5650,On
-38.69,5.8,66.6,17923.21,843,5587,5.59,0.89,-29.85,20.52,-88,36.23,21,-14.54,8.85,372,194,0,0,0,0,5,2.5,14.71,3.69,5655,On
-38.56,5.77,66.59,17923.89,831,5503,5.5,6.48,-35.27,19.14,-79,40.65,20,-14.34,9.15,236,118,0,0,0,0,5,2.5,14.71,3.69,5661,On
-38.5,5.75,66.58,17924.6,808,5350,5.35,12.48,-12.06,16.87,-44,24.2,22,-14.23,9.34,131,55,0,0,0,0,5,2.5,14.71,3.69,5666,On
-38.56,5.72,66.57,17925.28,794,5258,5.26,42,-20.77,17.22,-26,49.92,5,-14.34,9.17,75,15,0,0,0,0,5,2.5,14.71,3.69,5672,On
-38.38,5.7,66.56,17925.95,802,5314,5.31,37.08,-13.39,16.12,-19,42.6,67,-14.69,8.55,23,0,0,0,0,0,5,2.5,14.71,3.69,5678,On
-38.44,5.67,66.55,17926.63,804,5328,5.33,11.46,-46,22.21,-76,52.35,0,-14.72,8.2,3,0,0,0,0,0,5,2.5,14.71,3.69,5683,On
-38.25,5.65,66.54,17927.3,820,5431,5.43,19.42,-40.35,17.77,-64,48.17,0,-14.61,7.59,0,0,0,0,0,0,5,2.5,14.71,3.69,5689,On
-38.19,5.62,66.54,17927.99,819,5423,5.42,3.93,-40.75,22.33,-84,46.63,0,-14.71,7.48,0,0,0,0,0,0,5,2.5,14.71,3.69,5694,On
-38.06,5.6,66.53,17928.63,835,5533,5.53,9.39,-42,21.14,-77,47.95,5,-14.55,7.28,5,0,0,0,0,0,5,2.5,14.71,3.69,5700,On
-37.94,5.57,66.52,17929.3,845,5601,5.6,16.12,-36.88,16.87,-66,43.64,58,-14.92,7.32,8,0,0,0,0,0,5,2.5,14.71,3.69,5706,On
-37.81,5.55,66.51,17929.95,843,5583,5.58,18.29,-44.71,20.37,-67,52.43,22,-14.68,7.29,3,0,0,0,0,0,5,2.5,14.71,3.69,5711,On
-37.75,5.52,66.5,17930.62,835,5535,5.54,30.79,-29.46,15.18,-43,45.24,93,-14.65,7.43,5,0,0,0,0,0,5,2.5,14.71,3.69,5717,On
-37.69,5.5,66.49,17931.26,801,5304,5.3,18.29,-47.42,20.87,-68,54.94,0,-14.71,7.38,89,9,0,0,0,0,5,2.5,14.71,3.69,5722,On
-37.56,5.47,66.48,17931.91,783,5185,5.19,6.23,-36.04,19.54,-80,41.47,124,-14.95,7.32,199,28,0,0,0,0,5,2.5,14.71,3.69,5728,On
-37.44,5.45,66.48,17932.56,782,5178,5.18,10.89,-49.72,24.47,-77,56.48,49,-15.2,7.12,253,34,0,0,0,0,5,2.5,14.71,3.69,5734,On
-37.19,5.43,66.47,17933.2,762,5048,5.05,1.46,-26.43,20.43,-86,33.44,43,-15.08,6.93,250,26,0,0,0,0,5,2.5,14.71,3.69,5739,On
-37.06,5.4,66.46,17933.82,757,5016,5.02,31.79,-40.96,18.37,-52,55.01,0,-15.13,6.88,211,7,0,0,0,0,5,2.5,14.71,3.69,5745,On
-37,5.38,66.45,17934.48,739,4900,4.9,5.42,-41.17,21.93,-82,46.96,0,-14.99,6.66,168,1,0,0,0,0,5,2.5,14.71,3.69,5751,On
-36.75,5.35,66.44,17935.13,728,4826,4.83,20.79,-29.89,14.83,-55,39.32,104,-14.83,6.81,133,1,0,0,0,0,5,2.5,14.71,3.69,5756,On
-36.69,5.33,66.43,17935.75,743,4922,4.92,34.79,-49.56,23.04,-54,64.79,62,-14.68,6.76,112,0,0,0,0,0,5,2.5,14.71,3.69,5762,On
-36.63,5.31,66.42,17936.38,745,4937,4.94,17.52,0.06,19.46,0,26.18,29,-14.58,7.11,105,1,0,0,0,0,5,2.5,14.71,3.69,5767,On
-36.75,5.28,66.42,17937,759,5031,5.03,25.37,-18.39,14.48,-35,34.52,92,-14.64,7.69,105,1,0,0,0,0,5,2.5,14.71,3.69,5773,On
-36.69,5.26,66.41,17937.64,751,4975,4.98,44.21,-13.48,18.96,-16,49.95,51,-14.55,7.78,99,1,0,0,0,0,5,2.5,14.71,3.69,5779,On
-36.69,5.24,66.4,17938.25,749,4960,4.96,10.27,-11.81,17.1,-48,23.18,36,-14.38,7.9,94,2,0,0,0,0,5,2.5,14.71,3.69,5784,On
-36.63,5.21,66.39,17938.87,757,5013,5.01,40.1,-40.92,20.02,-45,60.69,42,-14.48,7.69,86,2,0,0,0,0,5,2.5,14.71,3.69,5790,On
-36.56,5.19,66.38,17939.51,770,5099,5.1,12.46,-32.52,16.68,-69,38.61,118,-14.54,7.38,61,1,0,0,0,0,5,2.5,14.71,3.69,5795,On
-36.56,5.17,66.38,17940.11,722,4784,4.78,-2.79,-22.71,20.96,-97,31.03,64,-14.41,7.17,15,0,0,0,0,0,5,2.5,14.71,3.69,5801,On
-36.44,5.14,66.37,17940.72,738,4891,4.89,17.87,-5.56,17.54,-17,25.65,25,-14.29,6.9,0,0,0,0,0,0,5,2.5,14.71,3.69,5807,On
-36.31,5.12,66.36,17941.32,729,4832,4.83,17.89,-41.72,18.47,-66,49.01,10,-14.24,7.04,0,0,0,0,0,0,5,2.5,14.71,3.69,5812,On
-36.19,5.1,66.35,17941.92,718,4759,4.76,-5.68,-20.97,22.79,-105,31.49,10,-14.13,7.22,0,0,0,0,0,0,5,2.5,14.71,3.69,5818,On
-36,5.08,66.34,17942.5,701,4643,4.64,33.56,-31.56,15.77,-43,48.69,55,-14.24,7.54,0,0,0,0,0,0,5,2.5,14.71,3.69,5823,On
-35.94,5.05,66.34,17943.12,697,4622,4.62,-10.08,-17.87,26.02,-119,33.14,0,-14.2,7.33,0,0,0,0,0,0,5,2.5,14.71,3.69,5829,On
-35.81,5.03,66.33,17943.69,720,4768,4.77,5.81,-4.18,19.81,-35,21.06,0,-14.14,7.26,0,0,0,0,0,0,5,2.5,14.71,3.69,5835,On
-35.75,5.01,66.32,17944.28,728,4826,4.83,38.04,1.39,21.67,2,43.8,52,-13.92,7.29,0,0,0,0,0,0,5,2.5,14.71,3.69,5840,On
-35.63,4.99,66.31,17944.88,765,5066,5.07,17.18,-31.71,15.63,-61,39.3,38,-13.86,7.36,302,203,0,0,0,0,5,2.5,14.71,3.69,5846,On
-35.63,4.96,66.3,17945.5,781,5172,5.19,30.6,5.08,21.85,9,37.94,42,-13.58,7.5,1927,1224,0,0,0,0,5,2.5,14.71,3.69,5851,On
-35.38,4.94,66.3,17946.09,801,5304,5.31,25.37,-31.39,15.27,-51,43.16,26,-13.5,7.69,4350,2718,0,0,0,0,5,2.5,14.71,3.69,5857,On
-35.38,4.92,66.29,17946.67,848,5619,5.62,27.25,-44.1,18.68,-58,55.1,61,-13.37,7.65,6119,3972,0,0,0,0,5,2.5,14.71,3.69,5863,On
-35.25,4.9,66.28,17947.22,854,5657,5.66,-0.42,-7.98,21.97,-92,23.38,0,-13.33,7.69,10126,6913,0,0,0,0,5,2.5,14.71,3.69,5868,On
-35.25,4.88,66.27,17947.7,845,5600,5.6,11.33,-10.13,16.79,-41,22.65,11,-13.44,7.52,12030,8263,0,0,0,0,5,2.5,14.71,3.69,5874,On
-35.25,4.87,66.27,17948.13,848,5619,5.62,0.14,-32.81,21.71,-89,39.34,77,-13.36,7.24,9909,6764,0,0,0,0,5,2.5,14.71,3.69,5879,On
-35.06,4.84,66.26,17948.73,820,5431,5.43,24.31,-29.72,14.56,-50,41.07,58,-13.16,6.77,7375,4942,0,0,0,0,5,2.5,14.71,3.69,5885,On
-35.13,4.82,66.25,17949.34,831,5504,5.5,12.81,-39.54,18.6,-72,45.54,39,-13.09,6.56,5691,3564,0,0,0,0,5,2.5,14.71,3.69,5891,On
-35.06,4.8,66.25,17949.93,821,5442,5.44,6,-29.89,18.56,-78,35.69,24,-13.51,6.54,4361,2615,0,0,0,0,5,2.5,14.71,3.69,5896,On
-34.88,4.78,66.24,17950.54,801,5309,5.31,-2.68,-18.64,21.04,-98,28.24,39,-13.54,6.33,2815,1671,0,0,0,0,5,2.5,14.71,3.69,5902,On
-34.75,4.75,66.23,17951.09,817,5410,5.41,28.35,-9.75,16.08,-18,34.02,26,-13.55,6.14,1942,1142,0,0,0,0,5,2.5,14.71,3.69,5907,On
-34.69,4.73,66.22,17951.68,784,5192,5.19,-6.35,-21.18,23.39,-106,32.19,29,-13.36,6.14,1241,716,0,0,0,0,5,2.5,14.71,3.69,5913,On
-34.56,4.71,66.22,17952.23,761,5039,5.04,8.46,-39.79,20.12,-77,45.39,27,-13.23,6.13,911,520,0,0,0,0,5,2.5,14.71,3.69,5919,On
-34.5,4.69,66.21,17952.78,746,4946,4.95,45.58,0.02,22.92,0,51.02,23,-13.16,6.2,564,312,0,0,0,0,5,2.5,14.71,3.69,5924,On
-34.63,4.67,66.2,17953.34,732,4849,4.85,1.37,-21.46,18.87,-86,28.61,28,-13.04,6.7,372,194,0,0,0,0,5,2.5,14.71,3.69,5930,On
-34.5,4.65,66.19,17953.88,735,4867,4.87,26.77,-8.67,15.73,-17,32.23,27,-12.94,6.9,214,106,0,0,0,0,5,2.5,14.71,3.69,5936,On
-34.38,4.63,66.19,17954.41,736,4880,4.88,14.89,-36.04,16.83,-67,42.47,0,-12.98,7.21,131,55,0,0,0,0,5,2.5,14.71,3.69,5941,On
-34.44,4.61,66.18,17954.95,730,4838,4.84,26.87,-37.97,17.18,-54,49.59,35,-12.89,7.08,65,10,0,0,0,0,5,2.5,14.71,3.69,5947,On
-34.31,4.59,66.17,17955.48,738,4889,4.89,38.18,-24.93,15.73,-33,48.24,45,-12.81,7.22,21,0,0,0,0,0,5,2.5,14.71,3.69,5952,On
-34.38,4.57,66.17,17955.99,743,4924,4.92,40.68,-7.21,19.22,-10,45.57,27,-12.74,7.42,1,0,0,0,0,0,5,2.5,14.71,3.69,5958,On
-34.25,4.55,66.16,17956.53,739,4897,4.9,15.54,-27.6,14.75,-60,34.94,8,-12.6,7.71,0,0,0,0,0,0,5,2.5,14.71,3.69,5964,On
-34.25,4.53,66.15,17957.06,742,4913,4.91,39.63,-11.77,17.62,-16,44.94,21,-12.76,8.06,0,0,0,0,0,0,5,2.5,14.71,3.69,5969,On
-34.13,4.51,66.14,17957.62,750,4966,4.97,13.39,-37.08,17.77,-70,43.25,0,-12.48,7.91,0,0,0,0,0,0,5,2.5,14.71,3.69,5975,On
-34,4.49,66.14,17958.15,757,5013,5.01,31.52,1.39,20.52,2,37.63,30,-12.39,8.02,0,0,0,0,0,0,5,2.5,14.71,3.69,5980,On
-33.88,4.47,66.13,17958.66,762,5052,5.05,18.14,-7.06,16.47,-21,25.5,23,-12.21,8.32,0,0,0,0,0,0,5,2.5,14.71,3.69,5986,On
-33.75,4.45,66.12,17959.16,756,5007,5.02,22.14,-47.79,21.27,-65,56.8,9,-12.15,8.54,0,0,0,0,0,0,5,2.5,14.71,3.69,5992,On
-33.56,4.43,66.12,17959.68,742,4914,4.91,29.46,-45.04,20.12,-56,57.46,12,-12.02,8.59,0,0,0,0,0,0,5,2.5,14.71,3.69,5997,On
-33.56,4.41,66.11,17960.21,738,4890,4.89,32.67,-6.08,16.87,-10,37.27,24,-12.12,8.61,0,0,0,0,0,0,5,2.5,14.71,3.69,6003,On
-33.63,4.39,66.1,17960.73,727,4820,4.82,22.54,-1.77,18.33,-4,29.11,18,-12.05,8.51,0,0,0,0,0,0,5,2.5,14.71,3.69,6008,On
-33.69,4.38,66.1,17961.22,732,4850,4.85,14.23,-32.47,16.47,-66,39.09,0,-11.97,8.22,0,0,0,0,0,0,5,2.5,14.71,3.69,6014,On
-33.56,4.36,66.09,17961.74,743,4924,4.92,10.04,-44.58,21.62,-77,50.56,91,-12.02,8.04,0,0,0,0,0,0,5,2.5,14.71,3.69,6020,On
-33.44,4.34,66.08,17962.25,723,4794,4.79,34.88,-29.97,15.93,-40,48.67,15,-11.98,7.64,0,0,0,0,0,0,5,2.5,14.71,3.69,6025,On
-33.19,4.32,66.08,17962.74,785,5198,5.2,11.18,-47.89,23.67,-76,54.58,46,-11.84,7.53,0,0,0,0,0,0,5,2.5,14.71,3.69,6031,On
-33.13,4.3,66.07,17963.26,800,5298,5.3,10.54,-30.5,16.29,-70,36.15,20,-11.81,7.35,0,0,0,0,0,0,5,2.5,14.71,3.69,6036,On
-33,4.28,66.06,17963.77,779,5158,5.16,23.79,-1.48,18.21,-3,30,24,-11.77,7.47,0,0,0,0,0,0,5,2.5,14.71,3.69,6042,On
-32.88,4.26,66.06,17964.27,765,5072,5.07,-4.77,-16.71,22.02,-105,28.05,11,-11.69,7.57,0,0,0,0,0,0,5,2.5,14.71,3.69,6048,On
-32.75,4.24,66.05,17964.75,730,4837,4.84,40.96,-19.6,17.18,-25,48.55,18,-11.62,7.55,0,0,0,0,0,0,5,2.5,14.71,3.69,6053,On
-32.5,4.23,66.04,17965.24,737,4882,4.88,29.14,0.35,18.43,0,34.48,21,-11.45,7.73,33,13,0,0,0,0,5,2.5,14.71,3.69,6059,On
-32.31,4.21,66.04,17965.73,732,4853,4.85,28.85,-9.27,16.75,-17,34.62,23,-11.41,8.04,220,81,0,0,0,0,5,2.5,14.71,3.69,6064,On
-32.19,4.19,66.03,17966.21,738,4891,4.89,10.75,-46.6,22.25,-77,52.75,20,-11.32,8.58,358,125,0,0,0,0,5,2.5,14.71,3.69,6070,On
-32,4.17,66.02,17966.71,736,4878,4.88,37.39,-24.5,16.08,-33,47.51,20,-11.28,8.79,397,137,0,0,0,0,5,2.5,14.71,3.69,6076,On
-32,4.15,66.02,17967.17,733,4858,4.86,8.89,-40.27,19.89,-77,45.78,14,-11.27,9.03,356,125,0,0,0,0,5,2.5,14.71,3.69,6081,On
-31.94,4.14,66.01,17967.62,728,4826,4.83,32.97,-23.92,14.88,-35,43.37,17,-11.27,8.95,279,95,0,0,0,0,5,2.5,14.71,3.69,6087,On
-31.87,4.12,66.01,17968.13,738,4887,4.89,13.83,-43.92,20.33,-72,50.33,20,-11.25,8.43,230,67,0,0,0,0,5,2.5,14.71,3.69,6092,On
-31.69,4.1,66,17968.59,726,4807,4.81,12.06,-36.68,18.12,-71,42.66,31,-11.27,8.18,167,30,0,0,0,0,5,2.5,14.71,3.69,6098,On
-31.5,4.08,65.99,17969.05,723,4788,4.79,25.27,-48.46,21.58,-62,58.76,0,-11.24,7.83,120,8,0,0,0,0,5,2.5,14.71,3.69,6104,On
-31.56,4.07,65.99,17969.53,728,4823,4.82,26.85,-3.38,17.58,-7,32.27,2,-11.34,7.82,67,0,0,0,0,0,5,2.5,14.71,3.69,6109,On
-31.44,4.05,65.98,17969.99,717,4752,4.75,41.04,-31.14,17.31,-37,54.35,60,-11.39,7.4,34,0,0,0,0,0,5,2.5,14.71,3.69,6115,On
-31.37,4.03,65.97,17970.48,712,4716,4.72,4.67,-31.87,18.79,-81,37.3,38,-11.25,7.13,12,0,0,0,0,0,5,2.5,14.71,3.69,6120,On
-31.19,4.01,65.97,17970.95,693,4589,4.59,30.64,-42.89,18.68,-54,55.93,6,-11.17,7.15,2,0,0,0,0,0,5,2.5,14.71,3.69,6126,On
-31.19,4,65.96,17971.41,700,4637,4.64,11.73,-36.04,18.02,-71,41.97,19,-11.15,7.46,0,0,0,0,0,0,5,2.5,14.71,3.69,6132,On
-31,3.98,65.96,17971.9,693,4594,4.59,26.6,-41.93,18.21,-57,52.89,22,-11.04,7.46,0,0,0,0,0,0,5,2.5,14.71,3.69,6137,On
-30.94,3.96,65.95,17972.35,695,4603,4.6,2.92,-24.46,19.77,-83,31.58,16,-11.18,7.61,0,0,0,0,0,0,5,2.5,14.71,3.69,6143,On
-30.81,3.94,65.94,17972.83,707,4684,4.68,37.21,-19.29,15.67,-27,44.74,49,-11.11,7.42,0,0,0,0,0,0,5,2.5,14.71,3.69,6148,On
-30.81,3.93,65.94,17973.27,748,4953,4.95,26.06,-13.39,15,-27,32.91,0,-10.91,7.41,0,0,0,0,0,0,5,2.5,14.71,3.69,6154,On
-30.75,3.91,65.93,17973.71,782,5178,5.18,35.43,-39.88,18.87,-48,56.58,0,-10.99,7.48,0,0,0,0,0,0,5,2.5,14.71,3.69,6160,On
-30.75,3.89,65.93,17974.14,748,4953,4.95,8.42,-39.88,20.33,-78,45.54,71,-11,7.29,0,0,0,0,0,0,5,2.5,14.71,3.69,6165,On
-30.56,3.88,65.92,17974.59,784,5198,5.2,49.63,-8.96,22.29,-10,55.13,51,-10.9,7.38,0,0,0,0,0,0,5,2.5,14.71,3.69,6171,On
-30.44,3.86,65.92,17975,754,4995,5,45.79,-21.02,18.6,-24,53.71,21,-10.79,8.37,0,0,0,0,0,0,5,2.5,14.71,3.69,6176,On
-30.44,3.85,65.91,17975.4,735,4870,4.87,16.83,4.35,20.12,14,26.6,8,-10.72,9.02,0,0,0,0,0,0,5,2.5,14.71,3.69,6182,On
-30.5,3.83,65.9,17975.83,745,4934,4.93,6.04,-25.1,17.81,-76,31.36,24,-10.63,9.33,0,0,0,0,0,0,5,2.5,14.71,3.69,6188,On
-30.37,3.81,65.9,17976.29,729,4832,4.83,10.04,-11.85,16.68,-49,22.79,33,-10.52,9.6,0,0,0,0,0,0,5,2.5,14.71,3.69,6193,On
-30.31,3.8,65.89,17976.74,718,4760,4.76,23.75,-6.64,16.68,-15,29.77,22,-10.44,10.3,0,0,0,0,0,0,5,2.5,14.71,3.69,6199,On
-30.37,3.78,65.89,17977.19,720,4773,4.77,29.5,-47.75,21.71,-58,60.18,13,-10.41,10.42,0,0,0,0,0,0,5,2.5,14.71,3.69,6204,On
-30.31,3.76,65.88,17977.6,718,4760,4.76,-2.35,-15.38,21.18,-98,26.28,36,-10.37,9.71,0,0,0,0,0,0,5,2.5,14.71,3.69,6210,On
-30.19,3.75,65.88,17978.03,734,4860,4.86,8.1,3.75,22.79,24,24.48,32,-10.17,9.56,0,0,0,0,0,0,5,2.5,14.71,3.69,6216,On
-30.06,3.73,65.87,17978.47,718,4754,4.75,9.08,-13.02,16.52,-55,22.91,22,-10.18,9.88,0,0,0,0,0,0,5,2.5,14.71,3.69,6221,On
-29.94,3.72,65.86,17978.89,685,4536,4.54,10.04,-36.92,18.68,-74,42.58,23,-10,9.7,0,0,0,0,0,0,5,2.5,14.71,3.69,6227,On
-29.87,3.7,65.86,17979.3,720,4772,4.77,14.27,-41.13,18.83,-70,47.43,20,-10.02,9.71,0,0,0,0,0,0,5,2.5,14.71,3.69,6232,On
-29.81,3.69,65.85,17979.7,773,5123,5.12,12.73,0.02,19.67,0,23.42,21,-9.94,9.56,0,0,0,0,0,0,5,2.5,14.71,3.69,6238,On
-29.75,3.67,65.85,17980.12,741,4908,4.91,46.06,-34.1,20.6,-36,60.9,15,-9.99,9.08,0,0,0,0,0,0,5,2.5,14.71,3.69,6244,On
-29.75,3.66,65.84,17980.53,740,4904,4.9,39.42,-23.96,16.6,-31,49.02,21,-9.94,8.86,0,0,0,0,0,0,5,2.5,14.71,3.69,6249,On
-29.69,3.64,65.84,17980.94,721,4779,4.78,3.35,-0.18,21.58,-3,21.84,27,-9.9,8.58,0,0,0,0,0,0,5,2.5,14.71,3.69,6255,On
-29.69,3.63,65.83,17981.31,717,4752,4.75,28.02,-10.43,16.12,-20,33.97,20,-9.85,8.7,0,0,0,0,0,0,5,2.5,14.71,3.69,6260,On
-29.62,3.61,65.83,17981.72,714,4730,4.73,39.18,-15.89,15.77,-22,45.13,19,-9.86,8.79,0,0,0,0,0,0,5,2.5,14.71,3.69,6266,On
-29.56,3.6,65.82,17982.13,708,4691,4.69,11.54,-37.68,18.64,-72,43.6,22,-9.75,8.45,0,0,0,0,0,0,5,2.5,14.71,3.69,6272,On
-29.5,3.58,65.82,17982.53,691,4576,4.58,23.52,-47.5,20.68,-63,56.9,21,-9.72,8.42,0,0,0,0,0,0,5,2.5,14.71,3.69,6277,On
-29.5,3.57,65.81,17982.92,690,4569,4.57,7.31,-4.35,19.81,-30,21.56,21,-9.68,8.5,0,0,0,0,0,0,5,2.5,14.71,3.69,6283,On
-29.31,3.55,65.81,17983.33,716,4741,4.74,38.35,-13.92,16.87,-19,44.15,21,-9.52,8.2,0,0,0,0,0,0,5,2.5,14.71,3.69,6288,On
-29.37,3.54,65.8,17983.71,728,4825,4.83,36.68,-28.68,15.58,-38,49.1,13,-9.44,8.52,0,0,0,0,0,0,5,2.5,14.71,3.69,6294,On
-29.19,3.52,65.8,17984.08,739,4896,4.9,26.85,-3.75,17.46,-7,32.25,32,-9.49,8.35,0,0,0,0,0,0,5,2.5,14.71,3.69,6300,On
-29.19,3.51,65.79,17984.5,726,4813,4.81,34.6,-36.08,16.96,-46,52.79,41,-9.45,8.11,0,0,0,0,0,0,5,2.5,14.71,3.69,6305,On
-29.06,3.49,65.79,17984.86,720,4772,4.77,24.12,-36.6,15.58,-56,46.52,27,-9.34,8.45,0,0,0,0,0,0,5,2.5,14.71,3.69,6311,On
-29,3.48,65.78,17985.23,700,4637,4.64,16.43,-46.08,20.68,-70,53.12,26,-9.25,9.26,0,0,0,0,0,0,5,2.5,14.71,3.69,6316,On
-29,3.46,65.78,17985.62,699,4633,4.63,28.75,-10.64,14.92,-20,34.09,21,-9.28,9.72,0,0,0,0,0,0,5,2.5,14.71,3.69,6322,On
-29.12,3.45,65.77,17986.01,710,4702,4.7,40.96,-1.48,20.02,-2,45.61,16,-9.16,9.67,0,0,0,0,0,0,5,2.5,14.71,3.69,6328,On
-29.12,3.44,65.77,17986.39,710,4702,4.7,33.64,-17.46,15.42,-27,40.92,15,-9.23,9.53,0,0,0,0,0,0,5,2.5,14.71,3.69,6333,On
-29.06,3.42,65.76,17986.8,677,4483,4.48,3.31,-0.43,21.85,-7,22.1,29,-9.09,8.83,0,0,0,0,0,0,5,2.5,14.71,3.69,6339,On
-29.06,3.41,65.76,17987.16,675,4470,4.47,16,-1.68,19.81,-6,25.52,15,-9.07,8.94,0,0,0,0,0,0,5,2.5,14.71,3.69,6344,On
-28.94,3.39,65.75,17987.54,714,4728,4.73,-11.38,-2.68,31,-166,33.13,18,-8.93,8.89,0,0,0,0,0,0,5,2.5,14.71,3.69,6350,On
-28.81,3.38,65.75,17987.89,699,4630,4.63,14.39,-31.83,15.77,-65,38.33,12,-8.79,8.65,0,0,0,0,0,0,5,2.5,14.71,3.69,6356,On
-28.94,3.37,65.74,17988.29,711,4711,4.71,38.97,-42.21,20.37,-47,60.96,15,-8.81,9.11,0,0,0,0,0,0,5,2.5,14.71,3.69,6361,On
-28.87,3.35,65.74,17988.66,700,4636,4.64,23.21,-10.35,14.83,-24,29.42,20,-8.81,8.8,0,0,0,0,0,0,5,2.5,14.71,3.69,6367,On
-28.94,3.34,65.73,17989.04,676,4481,4.48,8.89,-44.71,21.67,-78,50.47,33,-8.81,8.36,0,0,0,0,0,0,5,2.5,14.71,3.69,6372,On
-28.87,3.32,65.73,17989.38,676,4478,4.48,34.25,-21.75,15.5,-32,43.43,25,-8.86,8.9,0,0,0,0,0,0,5,2.5,14.71,3.69,6378,On
-28.87,3.31,65.72,17989.76,681,4515,4.52,9,-40.18,19.46,-77,45.54,27,-8.86,8.96,0,0,0,0,0,0,5,2.5,14.71,3.69,6384,On
-28.75,3.3,65.72,17990.1,705,4674,4.67,24.92,-12.38,15.18,-26,31.69,21,-8.76,9.07,0,0,0,0,0,0,5,2.5,14.71,3.69,6389,On
-28.69,3.28,65.71,17990.46,695,4605,4.61,47.42,-26.71,19.62,-29,57.85,16,-8.81,9.09,0,0,0,0,0,0,5,2.5,14.71,3.69,6395,On
-28.56,3.27,65.71,17990.82,728,4821,4.82,19.29,-39.92,17.97,-64,47.84,24,-8.79,8.62,0,0,0,0,0,0,5,2.5,14.71,3.69,6400,On
-28.5,3.26,65.7,17991.18,724,4794,4.79,36.54,-16.79,15.89,-24,43.24,24,-8.78,8.75,0,0,0,0,0,0,5,2.5,14.71,3.69,6406,On
-28.44,3.25,65.7,17991.47,710,4701,4.7,27.35,-9.1,15.06,-18,32.52,20,-8.73,9.71,0,0,0,0,0,0,5,2.5,14.71,3.69,6412,On
-28.37,3.23,65.69,17991.81,688,4561,4.56,32.77,-15.5,14.64,-25,39.09,21,-8.81,10.1,0,0,0,0,0,0,5,2.5,14.71,3.69,6417,On
-28.25,3.22,65.69,17992.16,675,4470,4.47,0.14,-14.08,20.21,-89,24.63,24,-8.78,9.59,0,0,0,0,0,0,5,2.5,14.71,3.69,6423,On
-28.12,3.21,65.69,17992.53,692,4589,4.59,7.67,-39.22,19.89,-78,44.64,24,-8.65,9.52,0,0,0,0,0,0,5,2.5,14.71,3.69,6428,On
-27.94,3.2,65.68,17992.83,696,4613,4.61,42.18,-21.31,16.87,-26,50.18,22,-8.48,10.1,0,0,0,0,0,0,5,2.5,14.71,3.69,6434,On
-27.87,3.18,65.68,17993.19,709,4699,4.7,17.71,-1.39,18.12,-4,25.38,24,-8.47,10.44,0,0,0,0,0,0,5,2.5,14.71,3.69,6440,On
-27.87,3.17,65.67,17993.52,709,4696,4.7,37.17,-40.14,19.31,-47,58.01,21,-8.47,10.29,2,0,0,0,0,0,5,2.5,14.71,3.69,6445,On
-27.87,3.16,65.67,17993.85,694,4596,4.6,-9.35,-26.06,26.52,-109,38.34,27,-8.48,10.03,6,0,0,0,0,0,5,2.5,14.71,3.69,6451,On
-27.69,3.15,65.66,17994.17,678,4495,4.5,34.27,-34.97,16.52,-45,51.67,16,-8.4,9.92,14,0,0,0,0,0,5,2.5,14.71,3.69,6456,On
-27.94,3.13,65.66,17994.49,676,4476,4.48,-4.02,-20.33,22.68,-101,30.73,19,-8.38,9.93,12,0,0,0,0,0,5,2.5,14.71,3.69,6462,On
-27.69,3.12,65.66,17994.82,681,4509,4.51,34.25,-24.54,15.27,-35,44.82,12,-8.27,9.42,3,0,0,0,0,0,5,2.5,14.71,3.69,6468,On
-27.81,3.11,65.65,17995.12,687,4549,4.55,37.33,-24.42,15.89,-33,47.36,10,-8.3,9.2,0,0,0,0,0,0,5,2.5,14.71,3.69,6473,On
-27.69,3.1,65.65,17995.44,683,4525,4.53,1.81,-28.77,19.5,-86,34.8,23,-8.17,8.52,0,0,0,0,0,0,5,2.5,14.71,3.69,6479,On
-27.62,3.09,65.64,17995.76,694,4598,4.6,13.43,-43.46,19.97,-72,49.68,26,-8.19,8.65,0,0,0,0,0,0,5,2.5,14.71,3.69,6484,On
-27.5,3.07,65.64,17996.09,682,4518,4.52,22.85,6.48,20.37,15,31.29,24,-8.09,8.83,0,0,0,0,0,0,5,2.5,14.71,3.69,6490,On
-27.5,3.06,65.63,17996.41,690,4572,4.57,-2.64,-16.81,22.83,-98,28.48,26,-8.09,8.98,0,0,0,0,0,0,5,2.5,14.71,3.69,6496,On
-27.37,3.05,65.63,17996.73,693,4593,4.59,42.35,-32.85,18.25,-37,56.62,26,-8.05,9.05,0,0,0,0,0,0,5,2.5,14.71,3.69,6501,On
-27.37,3.04,65.63,17997.05,693,4594,4.59,34.67,-7.81,18.37,-12,40,26,-7.98,9.1,0,0,0,0,0,0,5,2.5,14.71,3.69,6507,On
-27.31,3.03,65.62,17997.36,689,4567,4.57,19.56,-43.79,19.18,-65,51.65,24,-8.05,9.37,0,0,0,0,0,0,5,2.5,14.71,3.69,6512,On
-27.44,3.02,65.62,17997.68,687,4553,4.55,33.38,-11.42,17,-18,39.16,31,-8.02,8.81,0,0,0,0,0,0,5,2.5,14.71,3.69,6518,On
-27.31,3,65.61,17997.99,632,4185,4.19,39.72,-31,17.18,-37,53.24,31,-8.03,8.71,0,0,0,0,0,0,5,2.5,14.71,3.69,6524,On
-27.25,2.99,65.61,17998.28,617,4086,4.09,3.75,-11.17,18.6,-71,22.02,29,-7.89,9.32,0,0,0,0,0,0,5,2.5,14.71,3.69,6529,On
-27.06,2.98,65.61,17998.57,662,4384,4.38,-2.52,-31.35,22.64,-94,38.75,26,-7.81,9.6,0,0,0,0,0,0,5,2.5,14.71,3.69,6535,On
-26.87,2.97,65.6,17998.83,672,4454,4.45,15.56,-39.71,18.08,-68,46.32,27,-7.79,9.36,128,71,0,0,0,0,5,2.5,14.71,3.69,6540,On
-26.81,2.96,65.6,17999.1,668,4429,4.43,13.21,-3.89,17.42,-16,22.2,28,-7.75,9.05,1573,876,0,0,0,0,5,2.5,14.71,3.69,6546,On
-26.75,2.95,65.6,17999.39,678,4494,4.49,0,-5.18,22.68,-90,23.27,27,-7.74,9.38,3032,1619,0,0,0,0,5,2.5,14.71,3.69,6552,On
-26.69,2.94,65.59,17999.69,688,4562,4.56,28.1,-30.27,14.83,-47,43.88,25,-7.68,9.36,3802,1946,0,0,0,0,5,2.5,14.71,3.69,6557,On
-26.69,2.93,65.59,17999.97,682,4522,4.52,22.06,6.89,21.22,17,31.38,25,-7.64,9.31,3812,1902,0,0,0,0,5,2.5,14.71,3.69,6563,On
-26.69,2.92,65.58,18000.27,668,4429,4.43,23.87,-31.14,15.06,-52,42.03,24,-7.6,9.51,2916,1429,0,0,0,0,5,2.5,14.71,3.69,6568,On
-26.62,2.91,65.58,18000.54,657,4354,4.35,5.21,-42.38,22.21,-82,48.12,24,-7.57,9.39,2250,1122,0,0,0,0,5,2.5,14.71,3.69,6574,On
-26.69,2.9,65.58,18000.84,659,4366,4.37,7.58,-17.71,17,-66,25.69,23,-7.55,9.21,1673,858,0,0,0,0,5,2.5,14.71,3.69,6580,On
-26.62,2.89,65.57,18001.15,697,4615,4.62,46.14,-31.96,20.17,-34,59.64,22,-7.51,9.02,1301,664,0,0,0,0,5,2.5,14.71,3.69,6585,On
-26.69,2.88,65.57,18001.42,701,4642,4.64,-0.89,-12.38,21.14,-94,24.51,24,-7.52,8.9,935,471,0,0,0,0,5,2.5,14.71,3.69,6591,On
-26.62,2.87,65.57,18001.68,669,4430,4.43,46.14,-30.67,20.25,-33,58.99,23,-7.5,9.18,687,341,0,0,0,0,5,2.5,14.71,3.69,6596,On
-26.5,2.86,65.56,18001.91,670,4437,4.44,36.5,-12.29,16.17,-18,41.77,22,-7.39,9.09,449,212,0,0,0,0,5,2.5,14.71,3.69,6602,On
-26.5,2.85,65.56,18002.17,632,4188,4.19,21.81,-0.6,19,-1,28.93,22,-7.46,9.04,322,145,0,0,0,0,5,2.5,14.71,3.69,6608,On
-26.44,2.84,65.56,18002.44,628,4163,4.16,26.02,-9.04,16.56,-19,32.14,20,-7.44,8.65,189,75,0,0,0,0,5,2.5,14.71,3.69,6613,On
-26.44,2.83,65.55,18002.73,618,4096,4.1,16.08,-41.72,18.43,-68,48.37,18,-7.43,9.07,118,29,0,0,0,0,5,2.5,14.71,3.69,6619,On
-26.37,2.82,65.55,18002.99,614,4070,4.07,26.25,-12.98,15.23,-26,33,21,-7.37,8.9,55,2,0,0,0,0,5,2.5,14.71,3.69,6624,On
-26.37,2.81,65.54,18003.26,621,4117,4.12,31.92,-38.89,16.75,-50,53.03,20,-7.32,8.95,15,0,0,0,0,0,5,2.5,14.71,3.69,6630,On
-26.31,2.8,65.54,18003.54,639,4234,4.23,23.83,-0.06,17.97,0,29.85,23,-7.3,8.73,0,0,0,0,0,0,5,2.5,14.71,3.69,6636,On
-26.25,2.79,65.54,18003.81,632,4186,4.19,30.6,-41.04,18.08,-53,54.29,21,-7.32,8.68,0,0,0,0,0,0,5,2.5,14.71,3.69,6641,On
-26.25,2.78,65.53,18004.07,659,4364,4.36,26.64,2.6,18.6,5,32.6,24,-7.36,8.1,0,0,0,0,0,0,5,2.5,14.71,3.69,6647,On
-26.25,2.77,65.53,18004.34,666,4410,4.41,0.02,-28.56,21,-89,35.45,26,-7.36,7.85,0,0,0,0,0,0,5,2.5,14.71,3.69,6652,On
-26.25,2.76,65.53,18004.61,651,4311,4.31,8.33,-3.14,19.81,-20,21.72,35,-7.33,7.58,0,0,0,0,0,0,5,2.5,14.71,3.69,6658,On
-26.19,2.75,65.52,18004.89,672,4454,4.45,17.31,-38.38,16.29,-65,45.14,25,-7.26,7.59,0,0,0,0,0,0,5,2.5,14.71,3.69,6664,On
-26.25,2.74,65.52,18005.15,686,4543,4.54,1.68,-13.75,19,-83,23.51,56,-7.32,7.22,0,0,0,0,0,0,5,2.5,14.71,3.69,6669,On
-26.25,2.73,65.52,18005.4,664,4402,4.4,18.54,-36.64,16.47,-63,44.25,34,-7.27,7.01,0,0,0,0,0,0,5,2.5,14.71,3.69,6675,On
-26.19,2.72,65.51,18005.67,665,4410,4.41,24.62,-38.85,17.22,-57,49.12,23,-7.3,7.22,0,0,0,0,0,0,5,2.5,14.71,3.69,6680,On
-26.12,2.71,65.51,18005.94,683,4525,4.53,14.02,-8.71,17.85,-31,24.31,21,-7.2,7.27,0,0,0,0,0,0,5,2.5,14.71,3.69,6686,On
-26.06,2.7,65.51,18006.2,675,4472,4.47,3.71,-33.93,19.5,-83,39.31,19,-7.17,7.88,0,0,0,0,0,0,5,2.5,14.71,3.69,6692,On
-26.12,2.69,65.5,18006.48,674,4465,4.47,4.14,-24.77,18.87,-80,31.41,18,-7.15,9.2,0,0,0,0,0,0,5,2.5,14.71,3.69,6697,On
-26.06,2.68,65.5,18006.71,664,4399,4.4,17.97,-48.06,21.62,-69,55.68,15,-7.12,9.59,0,0,0,0,0,0,5,2.5,14.71,3.69,6703,On
-26.06,2.67,65.5,18006.97,669,4430,4.43,6.71,1.04,22.56,8,23.56,15,-7.04,9.42,0,0,0,0,0,0,5,2.5,14.71,3.69,6708,On
-26.06,2.66,65.49,18007.2,687,4549,4.55,11.98,-34.67,16.96,-70,40.41,4,-6.96,9.57,0,0,0,0,0,0,5,2.5,14.71,3.69,6714,On
-26.12,2.65,65.49,18007.44,678,4490,4.49,39.14,-33.46,17.67,-40,54.44,15,-6.95,9.32,0,0,0,0,0,0,5,2.5,14.71,3.69,6720,On
-26,2.64,65.49,18007.68,686,4545,4.54,31.43,-9.48,14.96,-16,36.08,17,-6.88,8.96,0,0,0,0,0,0,5,2.5,14.71,3.69,6725,On
-26.06,2.63,65.48,18007.93,722,4784,4.78,21.79,0.79,19.54,2,29.28,23,-6.96,9.45,0,0,0,0,0,0,5,2.5,14.71,3.69,6731,On
-25.94,2.63,65.48,18008.17,716,4745,4.75,33.08,-1.48,17.62,-2,37.51,21,-6.88,9.66,0,0,0,0,0,0,5,2.5,14.71,3.69,6736,On
-26,2.62,65.48,18008.39,702,4653,4.65,17.18,-33.17,16.02,-62,40.64,18,-6.82,9.92,0,0,0,0,0,0,5,2.5,14.71,3.69,6742,On
-25.94,2.61,65.47,18008.61,687,4552,4.55,-10,-21.22,26.29,-115,35.24,20,-6.82,10.32,0,0,0,0,0,0,5,2.5,14.71,3.69,6748,On
-25.94,2.6,65.47,18008.85,680,4503,4.5,22.54,-6.17,17.06,-15,28.93,21,-6.77,10.68,0,0,0,0,0,0,5,2.5,14.71,3.69,6753,On
-25.87,2.59,65.47,18009.1,670,4437,4.44,41.25,-9.31,18.29,-12,46.07,21,-6.8,10.68,0,0,0,0,0,0,5,2.5,14.71,3.69,6759,On
-25.75,2.58,65.47,18009.34,671,4444,4.44,26.06,-16.1,14.17,-31,33.75,19,-6.68,10.37,2,0,0,0,0,0,5,2.5,14.71,3.69,6764,On
-25.87,2.57,65.46,18009.58,646,4278,4.28,34.67,-33.85,16.79,-44,51.28,20,-6.76,10.56,80,15,0,0,0,0,5,2.5,14.71,3.69,6770,On
-25.75,2.56,65.46,18009.83,638,4225,4.23,8.42,5.04,23.1,30,25.1,21,-6.74,10.15,253,58,0,0,0,0,5,2.5,14.71,3.69,6776,On
-25.62,2.56,65.46,18010.01,664,4397,4.4,8.93,-17.92,16.12,-63,25.71,21,-6.66,10.31,329,70,0,0,0,0,5,2.5,14.71,3.69,6781,On
-25.56,2.55,65.45,18010.23,686,4543,4.54,8.33,3.1,21.89,20,23.63,23,-6.6,10.41,336,56,0,0,0,0,5,2.5,14.71,3.69,6787,On
-25.37,2.54,65.45,18010.44,673,4458,4.46,28.81,-28.37,14.56,-44,42.98,20,-6.59,10.58,299,43,0,0,0,0,5,2.5,14.71,3.69,6792,On
-25.44,2.53,65.45,18010.67,675,4473,4.47,23.52,-47.58,21.54,-63,57.28,20,-6.56,10.5,268,41,0,0,0,0,5,2.5,14.71,3.69,6798,On
-25.44,2.52,65.44,18010.91,675,4471,4.47,19.29,-37.46,16.92,-62,45.4,20,-6.59,10.14,270,54,0,0,0,0,5,2.5,14.71,3.69,6804,On
-25.37,2.51,65.44,18011.15,687,4552,4.55,37.52,-4.35,18.02,-6,41.85,19,-6.57,10.07,260,64,0,0,0,0,5,2.5,14.71,3.69,6809,On
-25.25,2.51,65.44,18011.35,688,4558,4.56,8.5,-33.77,17.77,-75,39.09,17,-6.49,10.43,240,65,0,0,0,0,5,2.5,14.71,3.69,6815,On
-25.25,2.5,65.44,18011.59,683,4529,4.53,6.13,2.58,22.79,22,23.74,15,-6.5,10.57,221,70,0,0,0,0,5,2.5,14.71,3.69,6820,On
-25.19,2.49,65.43,18011.81,685,4541,4.54,7.31,-30.31,16.6,-76,35.32,13,-6.46,10.58,200,75,0,0,0,0,5,2.5,14.71,3.69,6826,On
-25.25,2.48,65.43,18012.01,625,4139,4.14,-4.85,-37.13,25.77,-97,45.45,14,-6.47,10.34,156,51,0,0,0,0,5,2.5,14.71,3.69,6832,On
-25.19,2.47,65.43,18012.25,622,4119,4.12,7,-42.64,21.58,-80,48.3,12,-6.37,10.3,105,15,0,0,0,0,5,2.5,14.71,3.69,6837,On
-25.06,2.46,65.42,18012.46,646,4278,4.28,17.27,-29.89,14.92,-59,37.61,11,-6.39,10.33,56,0,0,0,0,0,5,2.5,14.71,3.69,6843,On
-25.12,2.46,65.42,18012.69,635,4207,4.21,40.38,-14.64,17,-19,46.19,12,-6.4,10.28,12,0,0,0,0,0,5,2.5,14.71,3.69,6848,On
-25.19,2.45,65.42,18012.93,638,4231,4.23,34.25,-25.62,14.92,-36,45.3,11,-6.39,10.5,0,0,0,0,0,0,5,2.5,14.71,3.69,6854,On
-25.19,2.44,65.42,18013.15,634,4201,4.2,-6.31,-6.46,25.39,-134,26.95,13,-6.44,9.99,0,0,0,0,0,0,5,2.5,14.71,3.69,6859,On
-25.19,2.43,65.41,18013.38,603,3994,3.99,28.5,-35.06,16.12,-50,47.97,12,-6.33,9.75,0,0,0,0,0,0,5,2.5,14.71,3.69,6865,On
-25.31,2.42,65.41,18013.58,600,3975,3.98,43.38,-29.97,18.6,-34,55.91,13,-6.39,9.38,0,0,0,0,0,0,5,2.5,14.71,3.69,6871,On
-25.06,2.42,65.41,18013.76,594,3935,3.94,26.96,-36.68,16.33,-53,48.37,12,-6.33,9.39,0,0,0,0,0,0,5,2.5,14.71,3.69,6876,On
-25.12,2.41,65.4,18013.99,600,3975,3.98,5.73,-21.67,17.35,-75,28.34,12,-6.3,9.8,0,0,0,0,0,0,5,2.5,14.71,3.69,6882,On
-25.12,2.4,65.4,18014.19,614,4070,4.07,0.89,-33.68,21.54,-88,39.99,14,-6.3,10.26,0,0,0,0,0,0,5,2.5,14.71,3.69,6887,On
-25.06,2.39,65.4,18014.4,637,4218,4.22,25.67,-24,14.56,-43,38.04,14,-6.25,10.64,0,0,0,0,0,0,5,2.5,14.71,3.69,6893,On
